Typecheck + Tests + Verificaciones	UNKNOWN STEP	﻿2026-09-07T13:32:48.0467550Z Current runner version: '2.337.0'
Typecheck + Tests + Verificaciones	UNKNOWN STEP	2026-09-07T13:32:48.0495762Z ##[group]Runner Image Provisioner
Typecheck + Tests + Verificaciones	UNKNOWN STEP	2026-09-07T13:32:48.0497208Z Hosted Compute Agent
Typecheck + Tests + Verificaciones	UNKNOWN STEP	2026-09-07T13:32:48.0497859Z Version: 20260828.587
Typecheck + Tests + Verificaciones	UNKNOWN STEP	2026-09-07T13:32:48.0498645Z Commit: abac92662cab4cc7352de4f9f9d2e2419aad9c29
Typecheck + Tests + Verificaciones	UNKNOWN STEP	2026-09-07T13:32:48.0499418Z Build Date: 2026-08-28T16:44:25Z
Typecheck + Tests + Verificaciones	UNKNOWN STEP	2026-09-07T13:32:48.0500165Z Worker ID: {f02915a2-c984-442c-bd21-fae19f330895}
Typecheck + Tests + Verificaciones	UNKNOWN STEP	2026-09-07T13:32:48.0500972Z Azure Region: westus
Typecheck + Tests + Verificaciones	UNKNOWN STEP	2026-09-07T13:32:48.0501574Z ##[endgroup]
Typecheck + Tests + Verificaciones	UNKNOWN STEP	2026-09-07T13:32:48.0503702Z ##[group]Operating System
Typecheck + Tests + Verificaciones	UNKNOWN STEP	2026-09-07T13:32:48.0504441Z Ubuntu
Typecheck + Tests + Verificaciones	UNKNOWN STEP	2026-09-07T13:32:48.0504976Z 24.04.4
Typecheck + Tests + Verificaciones	UNKNOWN STEP	2026-09-07T13:32:48.0505581Z LTS
Typecheck + Tests + Verificaciones	UNKNOWN STEP	2026-09-07T13:32:48.0506379Z ##[endgroup]
Typecheck + Tests + Verificaciones	UNKNOWN STEP	2026-09-07T13:32:48.0507021Z ##[group]Runner Image
Typecheck + Tests + Verificaciones	UNKNOWN STEP	2026-09-07T13:32:48.0507719Z Image: ubuntu-24.04
Typecheck + Tests + Verificaciones	UNKNOWN STEP	2026-09-07T13:32:48.0508320Z Version: 20260831.293.1
Typecheck + Tests + Verificaciones	UNKNOWN STEP	2026-09-07T13:32:48.0509659Z Included Software: https://github.com/actions/runner-images/blob/ubuntu24/20260831.293/images/ubuntu/Ubuntu2404-Readme.md
Typecheck + Tests + Verificaciones	UNKNOWN STEP	2026-09-07T13:32:48.0511333Z Image Release: https://github.com/actions/runner-images/releases/tag/ubuntu24%2F20260831.293
Typecheck + Tests + Verificaciones	UNKNOWN STEP	2026-09-07T13:32:48.0512333Z ##[endgroup]
Typecheck + Tests + Verificaciones	UNKNOWN STEP	2026-09-07T13:32:48.0513625Z ##[group]GITHUB_TOKEN Permissions
Typecheck + Tests + Verificaciones	UNKNOWN STEP	2026-09-07T13:32:48.0515646Z Contents: read
Typecheck + Tests + Verificaciones	UNKNOWN STEP	2026-09-07T13:32:48.0516588Z Issues: write
Typecheck + Tests + Verificaciones	UNKNOWN STEP	2026-09-07T13:32:48.0517182Z Metadata: read
Typecheck + Tests + Verificaciones	UNKNOWN STEP	2026-09-07T13:32:48.0517770Z ##[endgroup]
Typecheck + Tests + Verificaciones	UNKNOWN STEP	2026-09-07T13:32:48.0520095Z Secret source: Actions
Typecheck + Tests + Verificaciones	UNKNOWN STEP	2026-09-07T13:32:48.0521212Z Prepare workflow directory
Typecheck + Tests + Verificaciones	UNKNOWN STEP	2026-09-07T13:32:48.0913177Z Prepare all required actions
Typecheck + Tests + Verificaciones	UNKNOWN STEP	2026-09-07T13:32:48.0968340Z Getting action download info
Typecheck + Tests + Verificaciones	UNKNOWN STEP	2026-09-07T13:32:48.4569341Z Download action repository 'actions/checkout@fbc6f3992d24b796d5a048ff273f7fcc4a7b6c09' (SHA:fbc6f3992d24b796d5a048ff273f7fcc4a7b6c09)
Typecheck + Tests + Verificaciones	UNKNOWN STEP	2026-09-07T13:32:48.5984557Z Download action repository 'actions/setup-node@a0853c24544627f65ddf259abe73b1d18a591444' (SHA:a0853c24544627f65ddf259abe73b1d18a591444)
Typecheck + Tests + Verificaciones	UNKNOWN STEP	2026-09-07T13:32:48.6886865Z Download action repository 'denoland/setup-deno@22d081ff2d3a40755e97629de92e3bcbfa7cf2ed' (SHA:22d081ff2d3a40755e97629de92e3bcbfa7cf2ed)
Typecheck + Tests + Verificaciones	UNKNOWN STEP	2026-09-07T13:32:49.0181829Z Download action repository 'actions/upload-artifact@330a01c490aca151604b8cf639adc76d48f6c5d4' (SHA:330a01c490aca151604b8cf639adc76d48f6c5d4)
Typecheck + Tests + Verificaciones	UNKNOWN STEP	2026-09-07T13:32:49.2345487Z Complete job name: Typecheck + Tests + Verificaciones
Typecheck + Tests + Verificaciones	UNKNOWN STEP	2026-09-07T13:32:49.3221911Z ##[group]Run actions/checkout@fbc6f3992d24b796d5a048ff273f7fcc4a7b6c09
Typecheck + Tests + Verificaciones	UNKNOWN STEP	2026-09-07T13:32:49.3223151Z with:
Typecheck + Tests + Verificaciones	UNKNOWN STEP	2026-09-07T13:32:49.3223748Z   persist-credentials: false
Typecheck + Tests + Verificaciones	UNKNOWN STEP	2026-09-07T13:32:49.3224442Z   repository: novanoidai-stack/hairy
Typecheck + Tests + Verificaciones	UNKNOWN STEP	2026-09-07T13:32:49.3228833Z   token: ***
Typecheck + Tests + Verificaciones	UNKNOWN STEP	2026-09-07T13:32:49.3229430Z   ssh-strict: true
Typecheck + Tests + Verificaciones	UNKNOWN STEP	2026-09-07T13:32:49.3230015Z   ssh-user: git
Typecheck + Tests + Verificaciones	UNKNOWN STEP	2026-09-07T13:32:49.3230593Z   clean: true
Typecheck + Tests + Verificaciones	UNKNOWN STEP	2026-09-07T13:32:49.3231173Z   sparse-checkout-cone-mode: true
Typecheck + Tests + Verificaciones	UNKNOWN STEP	2026-09-07T13:32:49.3231840Z   fetch-depth: 1
Typecheck + Tests + Verificaciones	UNKNOWN STEP	2026-09-07T13:32:49.3232424Z   fetch-tags: false
Typecheck + Tests + Verificaciones	UNKNOWN STEP	2026-09-07T13:32:49.3233025Z   show-progress: true
Typecheck + Tests + Verificaciones	UNKNOWN STEP	2026-09-07T13:32:49.3233618Z   lfs: false
Typecheck + Tests + Verificaciones	UNKNOWN STEP	2026-09-07T13:32:49.3234205Z   submodules: false
Typecheck + Tests + Verificaciones	UNKNOWN STEP	2026-09-07T13:32:49.3234788Z   set-safe-directory: true
Typecheck + Tests + Verificaciones	UNKNOWN STEP	2026-09-07T13:32:49.3235445Z   allow-unsafe-pr-checkout: false
Typecheck + Tests + Verificaciones	UNKNOWN STEP	2026-09-07T13:32:49.3236547Z ##[endgroup]
Typecheck + Tests + Verificaciones	UNKNOWN STEP	2026-09-07T13:32:49.4327397Z Syncing repository: novanoidai-stack/hairy
Typecheck + Tests + Verificaciones	UNKNOWN STEP	2026-09-07T13:32:49.4329450Z ##[group]Getting Git version info
Typecheck + Tests + Verificaciones	UNKNOWN STEP	2026-09-07T13:32:49.4330181Z Working directory is '/home/runner/work/hairy/hairy'
Typecheck + Tests + Verificaciones	UNKNOWN STEP	2026-09-07T13:32:49.4331190Z [command]/usr/bin/git version
Typecheck + Tests + Verificaciones	UNKNOWN STEP	2026-09-07T13:32:49.4377104Z git version 2.55.0
Typecheck + Tests + Verificaciones	UNKNOWN STEP	2026-09-07T13:32:49.4394562Z ##[endgroup]
Typecheck + Tests + Verificaciones	UNKNOWN STEP	2026-09-07T13:32:49.4410152Z Temporarily overriding HOME='/home/runner/work/_temp/a5764161-2999-48a3-bdfb-40505741e563' before making global git config changes
Typecheck + Tests + Verificaciones	UNKNOWN STEP	2026-09-07T13:32:49.4412550Z Adding repository directory to the temporary git global config as a safe directory
Typecheck + Tests + Verificaciones	UNKNOWN STEP	2026-09-07T13:32:49.4420415Z [command]/usr/bin/git config --global --add safe.directory /home/runner/work/hairy/hairy
Typecheck + Tests + Verificaciones	UNKNOWN STEP	2026-09-07T13:32:49.4483015Z Deleting the contents of '/home/runner/work/hairy/hairy'
Typecheck + Tests + Verificaciones	UNKNOWN STEP	2026-09-07T13:32:49.4488502Z ##[group]Initializing the repository
Typecheck + Tests + Verificaciones	UNKNOWN STEP	2026-09-07T13:32:49.4493393Z [command]/usr/bin/git init /home/runner/work/hairy/hairy
Typecheck + Tests + Verificaciones	UNKNOWN STEP	2026-09-07T13:32:49.4615394Z hint: Using 'master' as the name for the initial branch. This default branch name
Typecheck + Tests + Verificaciones	UNKNOWN STEP	2026-09-07T13:32:49.4617426Z hint: will change to "main" in Git 3.0. To configure the initial branch name
Typecheck + Tests + Verificaciones	UNKNOWN STEP	2026-09-07T13:32:49.4618852Z hint: to use in all of your new repositories, which will suppress this warning,
Typecheck + Tests + Verificaciones	UNKNOWN STEP	2026-09-07T13:32:49.4619797Z hint: call:
Typecheck + Tests + Verificaciones	UNKNOWN STEP	2026-09-07T13:32:49.4620273Z hint:
Typecheck + Tests + Verificaciones	UNKNOWN STEP	2026-09-07T13:32:49.4620867Z hint: 	git config --global init.defaultBranch <name>
Typecheck + Tests + Verificaciones	UNKNOWN STEP	2026-09-07T13:32:49.4621599Z hint:
Typecheck + Tests + Verificaciones	UNKNOWN STEP	2026-09-07T13:32:49.4622286Z hint: Names commonly chosen instead of 'master' are 'main', 'trunk' and
Typecheck + Tests + Verificaciones	UNKNOWN STEP	2026-09-07T13:32:49.4623397Z hint: 'development'. The just-created branch can be renamed via this command:
Typecheck + Tests + Verificaciones	UNKNOWN STEP	2026-09-07T13:32:49.4624286Z hint:
Typecheck + Tests + Verificaciones	UNKNOWN STEP	2026-09-07T13:32:49.4624781Z hint: 	git branch -m <name>
Typecheck + Tests + Verificaciones	UNKNOWN STEP	2026-09-07T13:32:49.4625361Z hint:
Typecheck + Tests + Verificaciones	UNKNOWN STEP	2026-09-07T13:32:49.4626199Z hint: Disable this message with "git config set advice.defaultBranchName false"
Typecheck + Tests + Verificaciones	UNKNOWN STEP	2026-09-07T13:32:49.4630070Z Initialized empty Git repository in /home/runner/work/hairy/hairy/.git/
Typecheck + Tests + Verificaciones	UNKNOWN STEP	2026-09-07T13:32:49.4643608Z [command]/usr/bin/git remote add origin https://github.com/novanoidai-stack/hairy
Typecheck + Tests + Verificaciones	UNKNOWN STEP	2026-09-07T13:32:49.4695891Z ##[endgroup]
Typecheck + Tests + Verificaciones	UNKNOWN STEP	2026-09-07T13:32:49.4697436Z ##[group]Disabling automatic garbage collection
Typecheck + Tests + Verificaciones	UNKNOWN STEP	2026-09-07T13:32:49.4700413Z [command]/usr/bin/git config --local gc.auto 0
Typecheck + Tests + Verificaciones	UNKNOWN STEP	2026-09-07T13:32:49.4734128Z ##[endgroup]
Typecheck + Tests + Verificaciones	UNKNOWN STEP	2026-09-07T13:32:49.4735365Z ##[group]Setting up auth
Typecheck + Tests + Verificaciones	UNKNOWN STEP	2026-09-07T13:32:49.4742426Z [command]/usr/bin/git config --local --name-only --get-regexp core\.sshCommand
Typecheck + Tests + Verificaciones	UNKNOWN STEP	2026-09-07T13:32:49.4780206Z [command]/usr/bin/git submodule foreach --recursive sh -c "git config --local --name-only --get-regexp 'core\.sshCommand' && git config --local --unset-all 'core.sshCommand' || :"
Typecheck + Tests + Verificaciones	UNKNOWN STEP	2026-09-07T13:32:49.5207858Z [command]/usr/bin/git config --local --name-only --get-regexp http\.https\:\/\/github\.com\/\.extraheader
Typecheck + Tests + Verificaciones	UNKNOWN STEP	2026-09-07T13:32:49.5243826Z [command]/usr/bin/git submodule foreach --recursive sh -c "git config --local --name-only --get-regexp 'http\.https\:\/\/github\.com\/\.extraheader' && git config --local --unset-all 'http.https://github.com/.extraheader' || :"
Typecheck + Tests + Verificaciones	UNKNOWN STEP	2026-09-07T13:32:49.5472337Z [command]/usr/bin/git config --local --name-only --get-regexp ^includeIf\.gitdir:
Typecheck + Tests + Verificaciones	UNKNOWN STEP	2026-09-07T13:32:49.5509446Z [command]/usr/bin/git submodule foreach --recursive git config --local --show-origin --name-only --get-regexp remote.origin.url
Typecheck + Tests + Verificaciones	UNKNOWN STEP	2026-09-07T13:32:49.5740723Z [command]/usr/bin/git config --local http.https://github.com/.extraheader AUTHORIZATION: basic ***
Typecheck + Tests + Verificaciones	UNKNOWN STEP	2026-09-07T13:32:49.5783305Z ##[endgroup]
Typecheck + Tests + Verificaciones	UNKNOWN STEP	2026-09-07T13:32:49.5784312Z ##[group]Fetching the repository
Typecheck + Tests + Verificaciones	UNKNOWN STEP	2026-09-07T13:32:49.5794091Z [command]/usr/bin/git -c protocol.version=2 fetch --no-tags --prune --no-recurse-submodules --depth=1 origin +eb60e2b40e6252feda131e6f72eef422079ab04b:refs/remotes/origin/master
Typecheck + Tests + Verificaciones	UNKNOWN STEP	2026-09-07T13:32:57.1509195Z From https://github.com/novanoidai-stack/hairy
Typecheck + Tests + Verificaciones	UNKNOWN STEP	2026-09-07T13:32:57.1516198Z  * [new ref]         eb60e2b40e6252feda131e6f72eef422079ab04b -> origin/master
Typecheck + Tests + Verificaciones	UNKNOWN STEP	2026-09-07T13:32:57.1518552Z ##[endgroup]
Typecheck + Tests + Verificaciones	UNKNOWN STEP	2026-09-07T13:32:57.1519233Z ##[group]Determining the checkout info
Typecheck + Tests + Verificaciones	UNKNOWN STEP	2026-09-07T13:32:57.1519956Z ##[endgroup]
Typecheck + Tests + Verificaciones	UNKNOWN STEP	2026-09-07T13:32:57.1524165Z [command]/usr/bin/git sparse-checkout disable
Typecheck + Tests + Verificaciones	UNKNOWN STEP	2026-09-07T13:32:57.1577870Z [command]/usr/bin/git config --local --unset-all extensions.worktreeConfig
Typecheck + Tests + Verificaciones	UNKNOWN STEP	2026-09-07T13:32:57.1610278Z ##[group]Checking out the ref
Typecheck + Tests + Verificaciones	UNKNOWN STEP	2026-09-07T13:32:57.1615091Z [command]/usr/bin/git checkout --progress --force -B master refs/remotes/origin/master
Typecheck + Tests + Verificaciones	UNKNOWN STEP	2026-09-07T13:32:57.7711716Z Reset branch 'master'
Typecheck + Tests + Verificaciones	UNKNOWN STEP	2026-09-07T13:32:57.7727236Z branch 'master' set up to track 'origin/master'.
Typecheck + Tests + Verificaciones	UNKNOWN STEP	2026-09-07T13:32:57.7746972Z ##[endgroup]
Typecheck + Tests + Verificaciones	UNKNOWN STEP	2026-09-07T13:32:57.7795599Z [command]/usr/bin/git log -1 --format=%H
Typecheck + Tests + Verificaciones	UNKNOWN STEP	2026-09-07T13:32:57.7823808Z eb60e2b40e6252feda131e6f72eef422079ab04b
Typecheck + Tests + Verificaciones	UNKNOWN STEP	2026-09-07T13:32:57.7833275Z ##[group]Removing auth
Typecheck + Tests + Verificaciones	UNKNOWN STEP	2026-09-07T13:32:57.7837601Z [command]/usr/bin/git config --local --name-only --get-regexp core\.sshCommand
Typecheck + Tests + Verificaciones	UNKNOWN STEP	2026-09-07T13:32:57.7872805Z [command]/usr/bin/git submodule foreach --recursive sh -c "git config --local --name-only --get-regexp 'core\.sshCommand' && git config --local --unset-all 'core.sshCommand' || :"
Typecheck + Tests + Verificaciones	UNKNOWN STEP	2026-09-07T13:32:57.8104581Z [command]/usr/bin/git config --local --name-only --get-regexp http\.https\:\/\/github\.com\/\.extraheader
Typecheck + Tests + Verificaciones	UNKNOWN STEP	2026-09-07T13:32:57.8133272Z http.https://github.com/.extraheader
Typecheck + Tests + Verificaciones	UNKNOWN STEP	2026-09-07T13:32:57.8141854Z [command]/usr/bin/git config --local --unset-all http.https://github.com/.extraheader
Typecheck + Tests + Verificaciones	UNKNOWN STEP	2026-09-07T13:32:57.8178658Z [command]/usr/bin/git submodule foreach --recursive sh -c "git config --local --name-only --get-regexp 'http\.https\:\/\/github\.com\/\.extraheader' && git config --local --unset-all 'http.https://github.com/.extraheader' || :"
Typecheck + Tests + Verificaciones	UNKNOWN STEP	2026-09-07T13:32:57.8406760Z [command]/usr/bin/git config --local --name-only --get-regexp ^includeIf\.gitdir:
Typecheck + Tests + Verificaciones	UNKNOWN STEP	2026-09-07T13:32:57.8442008Z [command]/usr/bin/git submodule foreach --recursive git config --local --show-origin --name-only --get-regexp remote.origin.url
Typecheck + Tests + Verificaciones	UNKNOWN STEP	2026-09-07T13:32:57.8665151Z ##[endgroup]
Typecheck + Tests + Verificaciones	UNKNOWN STEP	2026-09-07T13:32:57.8930393Z ##[group]Run actions/setup-node@a0853c24544627f65ddf259abe73b1d18a591444
Typecheck + Tests + Verificaciones	UNKNOWN STEP	2026-09-07T13:32:57.8930917Z with:
Typecheck + Tests + Verificaciones	UNKNOWN STEP	2026-09-07T13:32:57.8931169Z   node-version: 22
Typecheck + Tests + Verificaciones	UNKNOWN STEP	2026-09-07T13:32:57.8931442Z   cache: npm
Typecheck + Tests + Verificaciones	UNKNOWN STEP	2026-09-07T13:32:57.8931705Z   always-auth: false
Typecheck + Tests + Verificaciones	UNKNOWN STEP	2026-09-07T13:32:57.8931991Z   check-latest: false
Typecheck + Tests + Verificaciones	UNKNOWN STEP	2026-09-07T13:32:57.8934853Z   token: ***
Typecheck + Tests + Verificaciones	UNKNOWN STEP	2026-09-07T13:32:57.8935136Z   package-manager-cache: true
Typecheck + Tests + Verificaciones	UNKNOWN STEP	2026-09-07T13:32:57.8935443Z ##[endgroup]
Typecheck + Tests + Verificaciones	UNKNOWN STEP	2026-09-07T13:32:58.0406458Z Found in cache @ /opt/hostedtoolcache/node/22.23.2/x64
Typecheck + Tests + Verificaciones	UNKNOWN STEP	2026-09-07T13:32:58.0410145Z (node:2341) [DEP0040] DeprecationWarning: The `punycode` module is deprecated. Please use a userland alternative instead.
Typecheck + Tests + Verificaciones	UNKNOWN STEP	2026-09-07T13:32:58.0410997Z (Use `node --trace-deprecation ...` to show where the warning was created)
Typecheck + Tests + Verificaciones	UNKNOWN STEP	2026-09-07T13:32:58.0412725Z ##[group]Environment details
Typecheck + Tests + Verificaciones	UNKNOWN STEP	2026-09-07T13:32:58.4487822Z node: v22.23.2
Typecheck + Tests + Verificaciones	UNKNOWN STEP	2026-09-07T13:32:58.4489723Z npm: 10.9.8
Typecheck + Tests + Verificaciones	UNKNOWN STEP	2026-09-07T13:32:58.4490411Z yarn: 1.22.22
Typecheck + Tests + Verificaciones	UNKNOWN STEP	2026-09-07T13:32:58.4491747Z ##[endgroup]
Typecheck + Tests + Verificaciones	UNKNOWN STEP	2026-09-07T13:32:58.4517692Z [command]/opt/hostedtoolcache/node/22.23.2/x64/bin/npm config get cache
Typecheck + Tests + Verificaciones	UNKNOWN STEP	2026-09-07T13:32:58.5653902Z /home/runner/.npm
Typecheck + Tests + Verificaciones	UNKNOWN STEP	2026-09-07T13:32:58.8319875Z Cache hit for: node-cache-Linux-x64-npm-3644444c0ac2c498a9a521c777793c8395c88c3ba5d67ada983ee9aa1054df3d
Typecheck + Tests + Verificaciones	UNKNOWN STEP	2026-09-07T13:32:58.8437583Z (node:2341) [DEP0169] DeprecationWarning: `url.parse()` behavior is not standardized and prone to errors that have security implications. Use the WHATWG URL API instead. CVEs are not issued for `url.parse()` vulnerabilities.
Typecheck + Tests + Verificaciones	UNKNOWN STEP	2026-09-07T13:33:00.1019538Z Received 0 of 235479382 (0.0%), 0.0 MBs/sec
Typecheck + Tests + Verificaciones	UNKNOWN STEP	2026-09-07T13:33:01.1027230Z Received 130023424 of 235479382 (55.2%), 62.0 MBs/sec
Typecheck + Tests + Verificaciones	UNKNOWN STEP	2026-09-07T13:33:02.1032559Z Received 227090774 of 235479382 (96.4%), 72.2 MBs/sec
Typecheck + Tests + Verificaciones	UNKNOWN STEP	2026-09-07T13:33:02.2731151Z Received 235479382 of 235479382 (100.0%), 70.8 MBs/sec
Typecheck + Tests + Verificaciones	UNKNOWN STEP	2026-09-07T13:33:02.2732292Z Cache Size: ~225 MB (235479382 B)
Typecheck + Tests + Verificaciones	UNKNOWN STEP	2026-09-07T13:33:02.2771139Z [command]/usr/bin/tar -xf /home/runner/work/_temp/4d26d607-adf9-4840-a748-444809ff6a3f/cache.tzst -P -C /home/runner/work/hairy/hairy --use-compress-program unzstd
Typecheck + Tests + Verificaciones	UNKNOWN STEP	2026-09-07T13:33:02.8600232Z Cache restored successfully
Typecheck + Tests + Verificaciones	UNKNOWN STEP	2026-09-07T13:33:02.8724252Z Cache restored from key: node-cache-Linux-x64-npm-3644444c0ac2c498a9a521c777793c8395c88c3ba5d67ada983ee9aa1054df3d
Typecheck + Tests + Verificaciones	UNKNOWN STEP	2026-09-07T13:33:02.8927029Z ##[group]Run denoland/setup-deno@22d081ff2d3a40755e97629de92e3bcbfa7cf2ed
Typecheck + Tests + Verificaciones	UNKNOWN STEP	2026-09-07T13:33:02.8927497Z with:
Typecheck + Tests + Verificaciones	UNKNOWN STEP	2026-09-07T13:33:02.8927713Z   deno-version: v2.x
Typecheck + Tests + Verificaciones	UNKNOWN STEP	2026-09-07T13:33:02.8927961Z   deno-binary-name: deno
Typecheck + Tests + Verificaciones	UNKNOWN STEP	2026-09-07T13:33:02.8928205Z   cache: false
Typecheck + Tests + Verificaciones	UNKNOWN STEP	2026-09-07T13:33:02.8928416Z ##[endgroup]
Typecheck + Tests + Verificaciones	UNKNOWN STEP	2026-09-07T13:33:03.0637313Z Going to install stable version 2.9.6.
Typecheck + Tests + Verificaciones	UNKNOWN STEP	2026-09-07T13:33:03.0640890Z Downloading Deno from https://github.com/denoland/deno/releases/download/v2.9.6/deno-x86_64-unknown-linux-gnu.zip.
Typecheck + Tests + Verificaciones	UNKNOWN STEP	2026-09-07T13:33:03.3401071Z [command]/usr/bin/unzip -o -q /home/runner/work/_temp/f1af07a5-a222-4d2b-bd7e-fb419d13205d
Typecheck + Tests + Verificaciones	UNKNOWN STEP	2026-09-07T13:33:04.1066537Z Cached Deno to /opt/hostedtoolcache/deno/2.9.6/x64.
Typecheck + Tests + Verificaciones	UNKNOWN STEP	2026-09-07T13:33:04.1076537Z Installation complete.
Typecheck + Tests + Verificaciones	UNKNOWN STEP	2026-09-07T13:33:04.1234776Z ##[group]Run npm ci
Typecheck + Tests + Verificaciones	UNKNOWN STEP	2026-09-07T13:33:04.1235112Z ^[[36;1mnpm ci^[[0m
Typecheck + Tests + Verificaciones	UNKNOWN STEP	2026-09-07T13:33:04.1282316Z shell: /usr/bin/bash -e {0}
Typecheck + Tests + Verificaciones	UNKNOWN STEP	2026-09-07T13:33:04.1282632Z ##[endgroup]
Typecheck + Tests + Verificaciones	UNKNOWN STEP	2026-09-07T13:33:05.1067132Z npm warn ERESOLVE overriding peer dependency
Typecheck + Tests + Verificaciones	UNKNOWN STEP	2026-09-07T13:33:05.1073040Z npm warn While resolving: @react-native/virtualized-lists@0.85.3
Typecheck + Tests + Verificaciones	UNKNOWN STEP	2026-09-07T13:33:05.1073677Z npm warn Found: @types/react@19.1.17
Typecheck + Tests + Verificaciones	UNKNOWN STEP	2026-09-07T13:33:05.1074154Z npm warn node_modules/@types/react
Typecheck + Tests + Verificaciones	UNKNOWN STEP	2026-09-07T13:33:05.1074738Z npm warn   dev @types/react@"~19.1.0" from the root project
Typecheck + Tests + Verificaciones	UNKNOWN STEP	2026-09-07T13:33:05.1075349Z npm warn   30 more (@radix-ui/react-collection, ...)
Typecheck + Tests + Verificaciones	UNKNOWN STEP	2026-09-07T13:33:05.1076917Z npm warn
Typecheck + Tests + Verificaciones	UNKNOWN STEP	2026-09-07T13:33:05.1077589Z npm warn Could not resolve dependency:
Typecheck + Tests + Verificaciones	UNKNOWN STEP	2026-09-07T13:33:05.1078440Z npm warn peerOptional @types/react@"^19.2.0" from @react-native/virtualized-lists@0.85.3
Typecheck + Tests + Verificaciones	UNKNOWN STEP	2026-09-07T13:33:05.1079153Z npm warn node_modules/react-native/node_modules/@react-native/virtualized-lists
Typecheck + Tests + Verificaciones	UNKNOWN STEP	2026-09-07T13:33:05.1079877Z npm warn   @react-native/virtualized-lists@"0.85.3" from react-native@0.85.3
Typecheck + Tests + Verificaciones	UNKNOWN STEP	2026-09-07T13:33:05.1080353Z npm warn   node_modules/react-native
Typecheck + Tests + Verificaciones	UNKNOWN STEP	2026-09-07T13:33:05.1080656Z npm warn
Typecheck + Tests + Verificaciones	UNKNOWN STEP	2026-09-07T13:33:05.1081018Z npm warn Conflicting peer dependency: @types/react@19.2.18
Typecheck + Tests + Verificaciones	UNKNOWN STEP	2026-09-07T13:33:05.1081435Z npm warn node_modules/@types/react
Typecheck + Tests + Verificaciones	UNKNOWN STEP	2026-09-07T13:33:05.1081986Z npm warn   peerOptional @types/react@"^19.2.0" from @react-native/virtualized-lists@0.85.3
Typecheck + Tests + Verificaciones	UNKNOWN STEP	2026-09-07T13:33:05.1082699Z npm warn   node_modules/react-native/node_modules/@react-native/virtualized-lists
Typecheck + Tests + Verificaciones	UNKNOWN STEP	2026-09-07T13:33:05.1083342Z npm warn     @react-native/virtualized-lists@"0.85.3" from react-native@0.85.3
Typecheck + Tests + Verificaciones	UNKNOWN STEP	2026-09-07T13:33:05.1083992Z npm warn     node_modules/react-native
Typecheck + Tests + Verificaciones	UNKNOWN STEP	2026-09-07T13:33:08.9161582Z npm warn deprecated @types/qrcode-generator@1.0.6: This is a stub types definition for qrcode-generator (https://github.com/kazuhikoarase/qrcode-generator). qrcode-generator provides its own type definitions, so you don't need @types/qrcode-generator installed!
Typecheck + Tests + Verificaciones	UNKNOWN STEP	2026-09-07T13:33:21.5109091Z 
Typecheck + Tests + Verificaciones	UNKNOWN STEP	2026-09-07T13:33:21.5110144Z added 770 packages, and audited 771 packages in 17s
Typecheck + Tests + Verificaciones	UNKNOWN STEP	2026-09-07T13:33:21.5110965Z 
Typecheck + Tests + Verificaciones	UNKNOWN STEP	2026-09-07T13:33:21.5111503Z 84 packages are looking for funding
Typecheck + Tests + Verificaciones	UNKNOWN STEP	2026-09-07T13:33:21.5112302Z   run `npm fund` for details
Typecheck + Tests + Verificaciones	UNKNOWN STEP	2026-09-07T13:33:21.5208491Z 
Typecheck + Tests + Verificaciones	UNKNOWN STEP	2026-09-07T13:33:21.5209365Z 7 vulnerabilities (1 moderate, 6 high)
Typecheck + Tests + Verificaciones	UNKNOWN STEP	2026-09-07T13:33:21.5209985Z 
Typecheck + Tests + Verificaciones	UNKNOWN STEP	2026-09-07T13:33:21.5210409Z To address all issues, run:
Typecheck + Tests + Verificaciones	UNKNOWN STEP	2026-09-07T13:33:21.5211235Z   npm audit fix
Typecheck + Tests + Verificaciones	UNKNOWN STEP	2026-09-07T13:33:21.5211516Z 
Typecheck + Tests + Verificaciones	UNKNOWN STEP	2026-09-07T13:33:21.5211790Z Run `npm audit` for details.
Typecheck + Tests + Verificaciones	UNKNOWN STEP	2026-09-07T13:33:21.6381047Z ##[group]Run npm run vigilar:test
Typecheck + Tests + Verificaciones	UNKNOWN STEP	2026-09-07T13:33:21.6381622Z ^[[36;1mnpm run vigilar:test^[[0m
Typecheck + Tests + Verificaciones	UNKNOWN STEP	2026-09-07T13:33:21.6422917Z shell: /usr/bin/bash -e {0}
Typecheck + Tests + Verificaciones	UNKNOWN STEP	2026-09-07T13:33:21.6423221Z ##[endgroup]
Typecheck + Tests + Verificaciones	UNKNOWN STEP	2026-09-07T13:33:21.7683946Z 
Typecheck + Tests + Verificaciones	UNKNOWN STEP	2026-09-07T13:33:21.7684674Z > hairy@1.0.0 vigilar:test
Typecheck + Tests + Verificaciones	UNKNOWN STEP	2026-09-07T13:33:21.7685849Z > node --test "scripts/vigilantes/*.test.mjs"
Typecheck + Tests + Verificaciones	UNKNOWN STEP	2026-09-07T13:33:21.7686572Z 
Typecheck + Tests + Verificaciones	UNKNOWN STEP	2026-09-07T13:33:21.8354285Z TAP version 13
Typecheck + Tests + Verificaciones	UNKNOWN STEP	2026-09-07T13:33:22.0442528Z # Subtest: caza la consulta que estaba copiada en los modales de cita
Typecheck + Tests + Verificaciones	UNKNOWN STEP	2026-09-07T13:33:22.0449616Z ok 1 - caza la consulta que estaba copiada en los modales de cita
Typecheck + Tests + Verificaciones	UNKNOWN STEP	2026-09-07T13:33:22.0450570Z   ---
Typecheck + Tests + Verificaciones	UNKNOWN STEP	2026-09-07T13:33:22.0451263Z   duration_ms: 2.2903
Typecheck + Tests + Verificaciones	UNKNOWN STEP	2026-09-07T13:33:22.0451973Z   type: 'test'
Typecheck + Tests + Verificaciones	UNKNOWN STEP	2026-09-07T13:33:22.0452593Z   ...
Typecheck + Tests + Verificaciones	UNKNOWN STEP	2026-09-07T13:33:22.0454014Z # Subtest: con .or(...servicio_id.is.null) no es un hallazgo
Typecheck + Tests + Verificaciones	UNKNOWN STEP	2026-09-07T13:33:22.0455837Z ok 2 - con .or(...servicio_id.is.null) no es un hallazgo
Typecheck + Tests + Verificaciones	UNKNOWN STEP	2026-09-07T13:33:22.0457274Z   ---
Typecheck + Tests + Verificaciones	UNKNOWN STEP	2026-09-07T13:33:22.0457930Z   duration_ms: 1.178087
Typecheck + Tests + Verificaciones	UNKNOWN STEP	2026-09-07T13:33:22.0458574Z   type: 'test'
Typecheck + Tests + Verificaciones	UNKNOWN STEP	2026-09-07T13:33:22.0459139Z   ...
Typecheck + Tests + Verificaciones	UNKNOWN STEP	2026-09-07T13:33:22.0672860Z # Subtest: con .is("servicio_id", null) tampoco
Typecheck + Tests + Verificaciones	UNKNOWN STEP	2026-09-07T13:33:22.0673622Z ok 3 - con .is("servicio_id", null) tampoco
Typecheck + Tests + Verificaciones	UNKNOWN STEP	2026-09-07T13:33:22.0674163Z   ---
Typecheck + Tests + Verificaciones	UNKNOWN STEP	2026-09-07T13:33:22.0674544Z   duration_ms: 0.216404
Typecheck + Tests + Verificaciones	UNKNOWN STEP	2026-09-07T13:33:22.0674979Z   type: 'test'
Typecheck + Tests + Verificaciones	UNKNOWN STEP	2026-09-07T13:33:22.0675343Z   ...
Typecheck + Tests + Verificaciones	UNKNOWN STEP	2026-09-07T13:33:22.0676382Z # Subtest: una consulta que no filtra por servicio_id no es un hallazgo
Typecheck + Tests + Verificaciones	UNKNOWN STEP	2026-09-07T13:33:22.0677415Z ok 4 - una consulta que no filtra por servicio_id no es un hallazgo
Typecheck + Tests + Verificaciones	UNKNOWN STEP	2026-09-07T13:33:22.0678065Z   ---
Typecheck + Tests + Verificaciones	UNKNOWN STEP	2026-09-07T13:33:22.0678430Z   duration_ms: 0.252471
Typecheck + Tests + Verificaciones	UNKNOWN STEP	2026-09-07T13:33:22.0678903Z   type: 'test'
Typecheck + Tests + Verificaciones	UNKNOWN STEP	2026-09-07T13:33:22.0679289Z   ...
Typecheck + Tests + Verificaciones	UNKNOWN STEP	2026-09-07T13:33:22.0679943Z # Subtest: cita_addons con join a service_addons NO es un cargador
Typecheck + Tests + Verificaciones	UNKNOWN STEP	2026-09-07T13:33:22.0680871Z ok 5 - cita_addons con join a service_addons NO es un cargador
Typecheck + Tests + Verificaciones	UNKNOWN STEP	2026-09-07T13:33:22.0681499Z   ---
Typecheck + Tests + Verificaciones	UNKNOWN STEP	2026-09-07T13:33:22.0681865Z   duration_ms: 0.232743
Typecheck + Tests + Verificaciones	UNKNOWN STEP	2026-09-07T13:33:22.0682278Z   type: 'test'
Typecheck + Tests + Verificaciones	UNKNOWN STEP	2026-09-07T13:33:22.0682705Z   ...
Typecheck + Tests + Verificaciones	UNKNOWN STEP	2026-09-07T13:33:22.0683374Z # Subtest: dos consultas rotas en el mismo fichero salen las dos
Typecheck + Tests + Verificaciones	UNKNOWN STEP	2026-09-07T13:33:22.0684403Z ok 6 - dos consultas rotas en el mismo fichero salen las dos
Typecheck + Tests + Verificaciones	UNKNOWN STEP	2026-09-07T13:33:22.0685091Z   ---
Typecheck + Tests + Verificaciones	UNKNOWN STEP	2026-09-07T13:33:22.0685506Z   duration_ms: 0.284751
Typecheck + Tests + Verificaciones	UNKNOWN STEP	2026-09-07T13:33:22.0686238Z   type: 'test'
Typecheck + Tests + Verificaciones	UNKNOWN STEP	2026-09-07T13:33:22.0686683Z   ...
Typecheck + Tests + Verificaciones	UNKNOWN STEP	2026-09-07T13:33:22.0687437Z # Subtest: la linea que devuelve apunta al .from, que es donde se lee
Typecheck + Tests + Verificaciones	UNKNOWN STEP	2026-09-07T13:33:22.0688488Z ok 7 - la linea que devuelve apunta al .from, que es donde se lee
Typecheck + Tests + Verificaciones	UNKNOWN STEP	2026-09-07T13:33:22.0689193Z   ---
Typecheck + Tests + Verificaciones	UNKNOWN STEP	2026-09-07T13:33:22.0689616Z   duration_ms: 0.328222
Typecheck + Tests + Verificaciones	UNKNOWN STEP	2026-09-07T13:33:22.0690094Z   type: 'test'
Typecheck + Tests + Verificaciones	UNKNOWN STEP	2026-09-07T13:33:22.0690508Z   ...
Typecheck + Tests + Verificaciones	UNKNOWN STEP	2026-09-07T13:33:22.0691197Z # Subtest: el vigilante corre sobre el repo real y no revienta
Typecheck + Tests + Verificaciones	UNKNOWN STEP	2026-09-07T13:33:22.0692214Z ok 8 - el vigilante corre sobre el repo real y no revienta
Typecheck + Tests + Verificaciones	UNKNOWN STEP	2026-09-07T13:33:22.0692865Z   ---
Typecheck + Tests + Verificaciones	UNKNOWN STEP	2026-09-07T13:33:22.0693295Z   duration_ms: 67.162478
Typecheck + Tests + Verificaciones	UNKNOWN STEP	2026-09-07T13:33:22.0693789Z   type: 'test'
Typecheck + Tests + Verificaciones	UNKNOWN STEP	2026-09-07T13:33:22.0694231Z   ...
Typecheck + Tests + Verificaciones	UNKNOWN STEP	2026-09-07T13:33:22.0694830Z # Subtest: la deuda conocida avisa y lo demas bloquea
Typecheck + Tests + Verificaciones	UNKNOWN STEP	2026-09-07T13:33:22.0695646Z ok 9 - la deuda conocida avisa y lo demas bloquea
Typecheck + Tests + Verificaciones	UNKNOWN STEP	2026-09-07T13:33:22.0746822Z   ---
Typecheck + Tests + Verificaciones	UNKNOWN STEP	2026-09-07T13:33:22.0747260Z   duration_ms: 56.39437
Typecheck + Tests + Verificaciones	UNKNOWN STEP	2026-09-07T13:33:22.0747719Z   type: 'test'
Typecheck + Tests + Verificaciones	UNKNOWN STEP	2026-09-07T13:33:22.0748105Z   ...
Typecheck + Tests + Verificaciones	UNKNOWN STEP	2026-09-07T13:33:22.0748670Z # Subtest: hoy no hay ninguna exencion caducada
Typecheck + Tests + Verificaciones	UNKNOWN STEP	2026-09-07T13:33:22.0749409Z ok 10 - hoy no hay ninguna exencion caducada
Typecheck + Tests + Verificaciones	UNKNOWN STEP	2026-09-07T13:33:22.0749953Z   ---
Typecheck + Tests + Verificaciones	UNKNOWN STEP	2026-09-07T13:33:22.0750337Z   duration_ms: 28.957881
Typecheck + Tests + Verificaciones	UNKNOWN STEP	2026-09-07T13:33:22.0750777Z   type: 'test'
Typecheck + Tests + Verificaciones	UNKNOWN STEP	2026-09-07T13:33:22.0751162Z   ...
Typecheck + Tests + Verificaciones	UNKNOWN STEP	2026-09-07T13:33:22.0752137Z # Subtest: Adversarial VeriFactu: Multi-tenant and multi-series isolation without false collisions
Typecheck + Tests + Verificaciones	UNKNOWN STEP	2026-09-07T13:33:22.0754007Z ok 11 - Adversarial VeriFactu: Multi-tenant and multi-series isolation without false collisions
Typecheck + Tests + Verificaciones	UNKNOWN STEP	2026-09-07T13:33:22.0754917Z   ---
Typecheck + Tests + Verificaciones	UNKNOWN STEP	2026-09-07T13:33:22.0755302Z   duration_ms: 1.815926
Typecheck + Tests + Verificaciones	UNKNOWN STEP	2026-09-07T13:33:22.0755750Z   type: 'test'
Typecheck + Tests + Verificaciones	UNKNOWN STEP	2026-09-07T13:33:22.0756386Z   ...
Typecheck + Tests + Verificaciones	UNKNOWN STEP	2026-09-07T13:33:22.0757449Z # Subtest: Adversarial VeriFactu: Out-of-order array input is sorted and verified deterministically
Typecheck + Tests + Verificaciones	UNKNOWN STEP	2026-09-07T13:33:22.0758933Z ok 12 - Adversarial VeriFactu: Out-of-order array input is sorted and verified deterministically
Typecheck + Tests + Verificaciones	UNKNOWN STEP	2026-09-07T13:33:22.0759802Z   ---
Typecheck + Tests + Verificaciones	UNKNOWN STEP	2026-09-07T13:33:22.0760191Z   duration_ms: 0.404645
Typecheck + Tests + Verificaciones	UNKNOWN STEP	2026-09-07T13:33:22.0760624Z   type: 'test'
Typecheck + Tests + Verificaciones	UNKNOWN STEP	2026-09-07T13:33:22.0761006Z   ...
Typecheck + Tests + Verificaciones	UNKNOWN STEP	2026-09-07T13:33:22.0761924Z # Subtest: Adversarial VeriFactu: Numbering gap + Hash mismatch simultaneously on same ticket
Typecheck + Tests + Verificaciones	UNKNOWN STEP	2026-09-07T13:33:22.0763322Z ok 13 - Adversarial VeriFactu: Numbering gap + Hash mismatch simultaneously on same ticket
Typecheck + Tests + Verificaciones	UNKNOWN STEP	2026-09-07T13:33:22.0764145Z   ---
Typecheck + Tests + Verificaciones	UNKNOWN STEP	2026-09-07T13:33:22.0764522Z   duration_ms: 0.479343
Typecheck + Tests + Verificaciones	UNKNOWN STEP	2026-09-07T13:33:22.0764969Z   type: 'test'
Typecheck + Tests + Verificaciones	UNKNOWN STEP	2026-09-07T13:33:22.0765334Z   ...
Typecheck + Tests + Verificaciones	UNKNOWN STEP	2026-09-07T13:33:22.0766487Z # Subtest: Adversarial VeriFactu: Non-aeat_v1 formats are ignored without crashing or false flagging
Typecheck + Tests + Verificaciones	UNKNOWN STEP	2026-09-07T13:33:22.0768192Z ok 14 - Adversarial VeriFactu: Non-aeat_v1 formats are ignored without crashing or false flagging
Typecheck + Tests + Verificaciones	UNKNOWN STEP	2026-09-07T13:33:22.0769079Z   ---
Typecheck + Tests + Verificaciones	UNKNOWN STEP	2026-09-07T13:33:22.0771737Z   duration_ms: 0.264053
Typecheck + Tests + Verificaciones	UNKNOWN STEP	2026-09-07T13:33:22.0772138Z   type: 'test'
Typecheck + Tests + Verificaciones	UNKNOWN STEP	2026-09-07T13:33:22.0772466Z   ...
Typecheck + Tests + Verificaciones	UNKNOWN STEP	2026-09-07T13:33:22.0773117Z # Subtest: Adversarial Locks: Exact threshold boundaries (5.0s vs 5.001s)
Typecheck + Tests + Verificaciones	UNKNOWN STEP	2026-09-07T13:33:22.0774107Z ok 15 - Adversarial Locks: Exact threshold boundaries (5.0s vs 5.001s)
Typecheck + Tests + Verificaciones	UNKNOWN STEP	2026-09-07T13:33:22.0774766Z   ---
Typecheck + Tests + Verificaciones	UNKNOWN STEP	2026-09-07T13:33:22.0775136Z   duration_ms: 0.348981
Typecheck + Tests + Verificaciones	UNKNOWN STEP	2026-09-07T13:33:22.0775575Z   type: 'test'
Typecheck + Tests + Verificaciones	UNKNOWN STEP	2026-09-07T13:33:22.0776167Z   ...
Typecheck + Tests + Verificaciones	UNKNOWN STEP	2026-09-07T13:33:22.0777119Z # Subtest: Adversarial Locks: Non-Lock wait events with long durations do not trigger false alerts
Typecheck + Tests + Verificaciones	UNKNOWN STEP	2026-09-07T13:33:22.0778555Z ok 16 - Adversarial Locks: Non-Lock wait events with long durations do not trigger false alerts
Typecheck + Tests + Verificaciones	UNKNOWN STEP	2026-09-07T13:33:22.0779392Z   ---
Typecheck + Tests + Verificaciones	UNKNOWN STEP	2026-09-07T13:33:22.0779776Z   duration_ms: 1.987515
Typecheck + Tests + Verificaciones	UNKNOWN STEP	2026-09-07T13:33:22.0780211Z   type: 'test'
Typecheck + Tests + Verificaciones	UNKNOWN STEP	2026-09-07T13:33:22.0780579Z   ...
Typecheck + Tests + Verificaciones	UNKNOWN STEP	2026-09-07T13:33:22.0781378Z # Subtest: Adversarial Bloat: Strict dual-condition (dead_tup > 1000 AND ratio > 20%)
Typecheck + Tests + Verificaciones	UNKNOWN STEP	2026-09-07T13:33:22.0782607Z ok 17 - Adversarial Bloat: Strict dual-condition (dead_tup > 1000 AND ratio > 20%)
Typecheck + Tests + Verificaciones	UNKNOWN STEP	2026-09-07T13:33:22.0783336Z   ---
Typecheck + Tests + Verificaciones	UNKNOWN STEP	2026-09-07T13:33:22.0783737Z   duration_ms: 0.45572
Typecheck + Tests + Verificaciones	UNKNOWN STEP	2026-09-07T13:33:22.0784173Z   type: 'test'
Typecheck + Tests + Verificaciones	UNKNOWN STEP	2026-09-07T13:33:22.0784550Z   ...
Typecheck + Tests + Verificaciones	UNKNOWN STEP	2026-09-07T13:33:22.0785435Z # Subtest: Adversarial Sequences: Precise threshold transitions (75% and 90%) and edge specs
Typecheck + Tests + Verificaciones	UNKNOWN STEP	2026-09-07T13:33:22.0787031Z ok 18 - Adversarial Sequences: Precise threshold transitions (75% and 90%) and edge specs
Typecheck + Tests + Verificaciones	UNKNOWN STEP	2026-09-07T13:33:22.0787851Z   ---
Typecheck + Tests + Verificaciones	UNKNOWN STEP	2026-09-07T13:33:22.0788232Z   duration_ms: 0.490004
Typecheck + Tests + Verificaciones	UNKNOWN STEP	2026-09-07T13:33:22.0788650Z   type: 'test'
Typecheck + Tests + Verificaciones	UNKNOWN STEP	2026-09-07T13:33:22.0789017Z   ...
Typecheck + Tests + Verificaciones	UNKNOWN STEP	2026-09-07T13:33:22.0789797Z # Subtest: Adversarial FKs: Complex composite FKs and prefix matching rules
Typecheck + Tests + Verificaciones	UNKNOWN STEP	2026-09-07T13:33:22.0816968Z ok 19 - Adversarial FKs: Complex composite FKs and prefix matching rules
Typecheck + Tests + Verificaciones	UNKNOWN STEP	2026-09-07T13:33:22.0937113Z   ---
Typecheck + Tests + Verificaciones	UNKNOWN STEP	2026-09-07T13:33:22.0950622Z   duration_ms: 0.888707
Typecheck + Tests + Verificaciones	UNKNOWN STEP	2026-09-07T13:33:22.0976928Z   type: 'test'
Typecheck + Tests + Verificaciones	UNKNOWN STEP	2026-09-07T13:33:22.1006811Z   ...
Typecheck + Tests + Verificaciones	UNKNOWN STEP	2026-09-07T13:33:22.1037247Z # Subtest: Adversarial RLS: Catches public tables without RLS and definers without search_path
Typecheck + Tests + Verificaciones	UNKNOWN STEP	2026-09-07T13:33:22.1039037Z ok 20 - Adversarial RLS: Catches public tables without RLS and definers without search_path
Typecheck + Tests + Verificaciones	UNKNOWN STEP	2026-09-07T13:33:22.1066790Z   ---
Typecheck + Tests + Verificaciones	UNKNOWN STEP	2026-09-07T13:33:22.1085206Z   duration_ms: 0.952105
Typecheck + Tests + Verificaciones	UNKNOWN STEP	2026-09-07T13:33:22.1085879Z   type: 'test'
Typecheck + Tests + Verificaciones	UNKNOWN STEP	2026-09-07T13:33:22.1086726Z   ...
Typecheck + Tests + Verificaciones	UNKNOWN STEP	2026-09-07T13:33:22.1087733Z # Subtest: Adversarial Storage & Pool: Sensitive bucket classification and pool ratios
Typecheck + Tests + Verificaciones	UNKNOWN STEP	2026-09-07T13:33:22.1089165Z ok 21 - Adversarial Storage & Pool: Sensitive bucket classification and pool ratios
Typecheck + Tests + Verificaciones	UNKNOWN STEP	2026-09-07T13:33:22.1090449Z   ---
Typecheck + Tests + Verificaciones	UNKNOWN STEP	2026-09-07T13:33:22.1091008Z   duration_ms: 0.506575
Typecheck + Tests + Verificaciones	UNKNOWN STEP	2026-09-07T13:33:22.1091594Z   type: 'test'
Typecheck + Tests + Verificaciones	UNKNOWN STEP	2026-09-07T13:33:22.1092095Z   ...
Typecheck + Tests + Verificaciones	UNKNOWN STEP	2026-09-07T13:33:22.1093281Z # Subtest: Adversarial SQL Audit: Strict validation of SQL schema, security definer, and dynamic SQL safety
Typecheck + Tests + Verificaciones	UNKNOWN STEP	2026-09-07T13:33:22.1094984Z ok 22 - Adversarial SQL Audit: Strict validation of SQL schema, security definer, and dynamic SQL safety
Typecheck + Tests + Verificaciones	UNKNOWN STEP	2026-09-07T13:33:22.1096220Z   ---
Typecheck + Tests + Verificaciones	UNKNOWN STEP	2026-09-07T13:33:22.1096788Z   duration_ms: 0.453305
Typecheck + Tests + Verificaciones	UNKNOWN STEP	2026-09-07T13:33:22.1097366Z   type: 'test'
Typecheck + Tests + Verificaciones	UNKNOWN STEP	2026-09-07T13:33:22.1097861Z   ...
Typecheck + Tests + Verificaciones	UNKNOWN STEP	2026-09-07T13:33:22.1098882Z # Subtest: Challenger 2 Scan: No hardcoded secrets or service_role keys in M2 files
Typecheck + Tests + Verificaciones	UNKNOWN STEP	2026-09-07T13:33:22.1100197Z ok 23 - Challenger 2 Scan: No hardcoded secrets or service_role keys in M2 files
Typecheck + Tests + Verificaciones	UNKNOWN STEP	2026-09-07T13:33:22.1101063Z   ---
Typecheck + Tests + Verificaciones	UNKNOWN STEP	2026-09-07T13:33:22.1101558Z   duration_ms: 2.094215
Typecheck + Tests + Verificaciones	UNKNOWN STEP	2026-09-07T13:33:22.1102133Z   type: 'test'
Typecheck + Tests + Verificaciones	UNKNOWN STEP	2026-09-07T13:33:22.1102609Z   ...
Typecheck + Tests + Verificaciones	UNKNOWN STEP	2026-09-07T13:33:22.1103224Z # Subtest: Challenger 2 Orphans: Zero counts, negative counts, and mixed orphan scenarios
Typecheck + Tests + Verificaciones	UNKNOWN STEP	2026-09-07T13:33:22.1104012Z ok 24 - Challenger 2 Orphans: Zero counts, negative counts, and mixed orphan scenarios
Typecheck + Tests + Verificaciones	UNKNOWN STEP	2026-09-07T13:33:22.1104736Z   ---
Typecheck + Tests + Verificaciones	UNKNOWN STEP	2026-09-07T13:33:22.1105037Z   duration_ms: 1.589464
Typecheck + Tests + Verificaciones	UNKNOWN STEP	2026-09-07T13:33:22.1105361Z   type: 'test'
Typecheck + Tests + Verificaciones	UNKNOWN STEP	2026-09-07T13:33:22.1105654Z   ...
Typecheck + Tests + Verificaciones	UNKNOWN STEP	2026-09-07T13:33:22.1106809Z # Subtest: Challenger 2 Pool: Extreme values, float precision, and zero-capacities
Typecheck + Tests + Verificaciones	UNKNOWN STEP	2026-09-07T13:33:22.1108135Z ok 25 - Challenger 2 Pool: Extreme values, float precision, and zero-capacities
Typecheck + Tests + Verificaciones	UNKNOWN STEP	2026-09-07T13:33:22.1109022Z   ---
Typecheck + Tests + Verificaciones	UNKNOWN STEP	2026-09-07T13:33:22.1109520Z   duration_ms: 0.382342
Typecheck + Tests + Verificaciones	UNKNOWN STEP	2026-09-07T13:33:22.1110084Z   type: 'test'
Typecheck + Tests + Verificaciones	UNKNOWN STEP	2026-09-07T13:33:22.1110491Z   ...
Typecheck + Tests + Verificaciones	UNKNOWN STEP	2026-09-07T13:33:22.1111051Z # Subtest: Challenger 2 pg_cron: Only active jobs with latest failed status trigger alert
Typecheck + Tests + Verificaciones	UNKNOWN STEP	2026-09-07T13:33:22.1111839Z ok 26 - Challenger 2 pg_cron: Only active jobs with latest failed status trigger alert
Typecheck + Tests + Verificaciones	UNKNOWN STEP	2026-09-07T13:33:22.1112337Z   ---
Typecheck + Tests + Verificaciones	UNKNOWN STEP	2026-09-07T13:33:22.1112632Z   duration_ms: 0.505813
Typecheck + Tests + Verificaciones	UNKNOWN STEP	2026-09-07T13:33:22.1112947Z   type: 'test'
Typecheck + Tests + Verificaciones	UNKNOWN STEP	2026-09-07T13:33:22.1113282Z   ...
Typecheck + Tests + Verificaciones	UNKNOWN STEP	2026-09-07T13:33:22.1113866Z # Subtest: Challenger 2 VeriFactu: Null NIF vs empty string vs different series independence
Typecheck + Tests + Verificaciones	UNKNOWN STEP	2026-09-07T13:33:22.1114671Z ok 27 - Challenger 2 VeriFactu: Null NIF vs empty string vs different series independence
Typecheck + Tests + Verificaciones	UNKNOWN STEP	2026-09-07T13:33:22.1115188Z   ---
Typecheck + Tests + Verificaciones	UNKNOWN STEP	2026-09-07T13:33:22.1115483Z   duration_ms: 0.506735
Typecheck + Tests + Verificaciones	UNKNOWN STEP	2026-09-07T13:33:22.1115796Z   type: 'test'
Typecheck + Tests + Verificaciones	UNKNOWN STEP	2026-09-07T13:33:22.1116373Z   ...
Typecheck + Tests + Verificaciones	UNKNOWN STEP	2026-09-07T13:33:22.1117269Z # Subtest: Challenger 2 Edge Function Contract: Validates response structure under simulated partial RPC failures
Typecheck + Tests + Verificaciones	UNKNOWN STEP	2026-09-07T13:33:22.1119072Z ok 28 - Challenger 2 Edge Function Contract: Validates response structure under simulated partial RPC failures
Typecheck + Tests + Verificaciones	UNKNOWN STEP	2026-09-07T13:33:22.1120091Z   ---
Typecheck + Tests + Verificaciones	UNKNOWN STEP	2026-09-07T13:33:22.1120551Z   duration_ms: 0.623503
Typecheck + Tests + Verificaciones	UNKNOWN STEP	2026-09-07T13:33:22.1121064Z   type: 'test'
Typecheck + Tests + Verificaciones	UNKNOWN STEP	2026-09-07T13:33:22.1121544Z   ...
Typecheck + Tests + Verificaciones	UNKNOWN STEP	2026-09-07T13:33:22.1122852Z # Subtest: el vigilante bd-profunda se declara con nombre, ámbito y necesitaRed
Typecheck + Tests + Verificaciones	UNKNOWN STEP	2026-09-07T13:33:22.1124300Z ok 29 - el vigilante bd-profunda se declara con nombre, ámbito y necesitaRed
Typecheck + Tests + Verificaciones	UNKNOWN STEP	2026-09-07T13:33:22.1125179Z   ---
Typecheck + Tests + Verificaciones	UNKNOWN STEP	2026-09-07T13:33:22.1125671Z   duration_ms: 1.552344
Typecheck + Tests + Verificaciones	UNKNOWN STEP	2026-09-07T13:33:22.1126429Z   type: 'test'
Typecheck + Tests + Verificaciones	UNKNOWN STEP	2026-09-07T13:33:22.1126947Z   ...
Typecheck + Tests + Verificaciones	UNKNOWN STEP	2026-09-07T13:33:22.1127975Z # Subtest: los 10 vectores críticos están formalmente inventariados
Typecheck + Tests + Verificaciones	UNKNOWN STEP	2026-09-07T13:33:22.1129198Z ok 30 - los 10 vectores críticos están formalmente inventariados
Typecheck + Tests + Verificaciones	UNKNOWN STEP	2026-09-07T13:33:22.1129945Z   ---
Typecheck + Tests + Verificaciones	UNKNOWN STEP	2026-09-07T13:33:22.1130444Z   duration_ms: 0.689836
Typecheck + Tests + Verificaciones	UNKNOWN STEP	2026-09-07T13:33:22.1131019Z   type: 'test'
Typecheck + Tests + Verificaciones	UNKNOWN STEP	2026-09-07T13:33:22.1131525Z   ...
Typecheck + Tests + Verificaciones	UNKNOWN STEP	2026-09-07T13:33:22.1132695Z # Subtest: Vector 1: detecta claves foráneas sin índice en columnas hijas
Typecheck + Tests + Verificaciones	UNKNOWN STEP	2026-09-07T13:33:22.1151093Z ok 31 - Vector 1: detecta claves foráneas sin índice en columnas hijas
Typecheck + Tests + Verificaciones	UNKNOWN STEP	2026-09-07T13:33:22.1151985Z   ---
Typecheck + Tests + Verificaciones	UNKNOWN STEP	2026-09-07T13:33:22.1152527Z   duration_ms: 0.430282
Typecheck + Tests + Verificaciones	UNKNOWN STEP	2026-09-07T13:33:22.1153412Z   type: 'test'
Typecheck + Tests + Verificaciones	UNKNOWN STEP	2026-09-07T13:33:22.1153903Z   ...
Typecheck + Tests + Verificaciones	UNKNOWN STEP	2026-09-07T13:33:22.1154616Z # Subtest: Vector 1: acepta índices compuestos cuando las columnas hijas son el prefijo
Typecheck + Tests + Verificaciones	UNKNOWN STEP	2026-09-07T13:33:22.1155497Z ok 32 - Vector 1: acepta índices compuestos cuando las columnas hijas son el prefijo
Typecheck + Tests + Verificaciones	UNKNOWN STEP	2026-09-07T13:33:22.1156712Z   ---
Typecheck + Tests + Verificaciones	UNKNOWN STEP	2026-09-07T13:33:22.1157281Z   duration_ms: 0.184965
Typecheck + Tests + Verificaciones	UNKNOWN STEP	2026-09-07T13:33:22.1157953Z   type: 'test'
Typecheck + Tests + Verificaciones	UNKNOWN STEP	2026-09-07T13:33:22.1158629Z   ...
Typecheck + Tests + Verificaciones	UNKNOWN STEP	2026-09-07T13:33:22.1159667Z # Subtest: Vector 2: detecta transacciones bloqueadas por locks >5s como bloqueante
Typecheck + Tests + Verificaciones	UNKNOWN STEP	2026-09-07T13:33:22.1161138Z ok 33 - Vector 2: detecta transacciones bloqueadas por locks >5s como bloqueante
Typecheck + Tests + Verificaciones	UNKNOWN STEP	2026-09-07T13:33:22.1162005Z   ---
Typecheck + Tests + Verificaciones	UNKNOWN STEP	2026-09-07T13:33:22.1162494Z   duration_ms: 1.524112
Typecheck + Tests + Verificaciones	UNKNOWN STEP	2026-09-07T13:33:22.1163027Z   type: 'test'
Typecheck + Tests + Verificaciones	UNKNOWN STEP	2026-09-07T13:33:22.1163509Z   ...
Typecheck + Tests + Verificaciones	UNKNOWN STEP	2026-09-07T13:33:22.1164338Z # Subtest: Vector 3: detecta tablas con >1000 tuplas muertas y >20% bloat
Typecheck + Tests + Verificaciones	UNKNOWN STEP	2026-09-07T13:33:22.1165493Z ok 34 - Vector 3: detecta tablas con >1000 tuplas muertas y >20% bloat
Typecheck + Tests + Verificaciones	UNKNOWN STEP	2026-09-07T13:33:22.1166520Z   ---
Typecheck + Tests + Verificaciones	UNKNOWN STEP	2026-09-07T13:33:22.1167032Z   duration_ms: 0.239727
Typecheck + Tests + Verificaciones	UNKNOWN STEP	2026-09-07T13:33:22.1167580Z   type: 'test'
Typecheck + Tests + Verificaciones	UNKNOWN STEP	2026-09-07T13:33:22.1168284Z   ...
Typecheck + Tests + Verificaciones	UNKNOWN STEP	2026-09-07T13:33:22.1169195Z # Subtest: Vector 4: alerta en aviso (>75%) y bloqueante (>90%) en secuencias agotadas
Typecheck + Tests + Verificaciones	UNKNOWN STEP	2026-09-07T13:33:22.1170564Z ok 35 - Vector 4: alerta en aviso (>75%) y bloqueante (>90%) en secuencias agotadas
Typecheck + Tests + Verificaciones	UNKNOWN STEP	2026-09-07T13:33:22.1171442Z   ---
Typecheck + Tests + Verificaciones	UNKNOWN STEP	2026-09-07T13:33:22.1171951Z   duration_ms: 0.298868
Typecheck + Tests + Verificaciones	UNKNOWN STEP	2026-09-07T13:33:22.1172507Z   type: 'test'
Typecheck + Tests + Verificaciones	UNKNOWN STEP	2026-09-07T13:33:22.1173012Z   ...
Typecheck + Tests + Verificaciones	UNKNOWN STEP	2026-09-07T13:33:22.1173935Z # Subtest: Vector 5: bloquea tablas en public sin RLS y definers sin search_path
Typecheck + Tests + Verificaciones	UNKNOWN STEP	2026-09-07T13:33:22.1175234Z ok 36 - Vector 5: bloquea tablas en public sin RLS y definers sin search_path
Typecheck + Tests + Verificaciones	UNKNOWN STEP	2026-09-07T13:33:22.1176300Z   ---
Typecheck + Tests + Verificaciones	UNKNOWN STEP	2026-09-07T13:33:22.1176903Z   duration_ms: 0.406378
Typecheck + Tests + Verificaciones	UNKNOWN STEP	2026-09-07T13:33:22.1177469Z   type: 'test'
Typecheck + Tests + Verificaciones	UNKNOWN STEP	2026-09-07T13:33:22.1177979Z   ...
Typecheck + Tests + Verificaciones	UNKNOWN STEP	2026-09-07T13:33:22.1179138Z # Subtest: Vector 6: evalúa saturación del pool con umbrales 75% aviso y 90% bloqueante
Typecheck + Tests + Verificaciones	UNKNOWN STEP	2026-09-07T13:33:22.1180698Z ok 37 - Vector 6: evalúa saturación del pool con umbrales 75% aviso y 90% bloqueante
Typecheck + Tests + Verificaciones	UNKNOWN STEP	2026-09-07T13:33:22.1181655Z   ---
Typecheck + Tests + Verificaciones	UNKNOWN STEP	2026-09-07T13:33:22.1182151Z   duration_ms: 0.41824
Typecheck + Tests + Verificaciones	UNKNOWN STEP	2026-09-07T13:33:22.1182688Z   type: 'test'
Typecheck + Tests + Verificaciones	UNKNOWN STEP	2026-09-07T13:33:22.1183172Z   ...
Typecheck + Tests + Verificaciones	UNKNOWN STEP	2026-09-07T13:33:22.1184147Z # Subtest: Vector 7: detecta cron jobs activos cuya última ejecución falló
Typecheck + Tests + Verificaciones	UNKNOWN STEP	2026-09-07T13:33:22.1185493Z ok 38 - Vector 7: detecta cron jobs activos cuya última ejecución falló
Typecheck + Tests + Verificaciones	UNKNOWN STEP	2026-09-07T13:33:22.1186536Z   ---
Typecheck + Tests + Verificaciones	UNKNOWN STEP	2026-09-07T13:33:22.1187056Z   duration_ms: 0.509009
Typecheck + Tests + Verificaciones	UNKNOWN STEP	2026-09-07T13:33:22.1187624Z   type: 'test'
Typecheck + Tests + Verificaciones	UNKNOWN STEP	2026-09-07T13:33:22.1188116Z   ...
Typecheck + Tests + Verificaciones	UNKNOWN STEP	2026-09-07T13:33:22.1189050Z # Subtest: Vector 8: detecta buckets sensibles públicos y storage.objects sin RLS
Typecheck + Tests + Verificaciones	UNKNOWN STEP	2026-09-07T13:33:22.1190284Z ok 39 - Vector 8: detecta buckets sensibles públicos y storage.objects sin RLS
Typecheck + Tests + Verificaciones	UNKNOWN STEP	2026-09-07T13:33:22.1191123Z   ---
Typecheck + Tests + Verificaciones	UNKNOWN STEP	2026-09-07T13:33:22.1191585Z   duration_ms: 0.299899
Typecheck + Tests + Verificaciones	UNKNOWN STEP	2026-09-07T13:33:22.1192121Z   type: 'test'
Typecheck + Tests + Verificaciones	UNKNOWN STEP	2026-09-07T13:33:22.1192571Z   ...
Typecheck + Tests + Verificaciones	UNKNOWN STEP	2026-09-07T13:33:22.1193718Z # Subtest: Vector 9: valida cadena criptográfica intacta y salta ante rupturas de hash o número
Typecheck + Tests + Verificaciones	UNKNOWN STEP	2026-09-07T13:33:22.1195336Z ok 40 - Vector 9: valida cadena criptográfica intacta y salta ante rupturas de hash o número
Typecheck + Tests + Verificaciones	UNKNOWN STEP	2026-09-07T13:33:22.1196560Z   ---
Typecheck + Tests + Verificaciones	UNKNOWN STEP	2026-09-07T13:33:22.1197161Z   duration_ms: 0.5045
Typecheck + Tests + Verificaciones	UNKNOWN STEP	2026-09-07T13:33:22.1197802Z   type: 'test'
Typecheck + Tests + Verificaciones	UNKNOWN STEP	2026-09-07T13:33:22.1198340Z   ...
Typecheck + Tests + Verificaciones	UNKNOWN STEP	2026-09-07T13:33:22.1199648Z # Subtest: Vector 10: detecta registros huérfanos en tablas clave (citas, cobros, fases, bonos)
Typecheck + Tests + Verificaciones	UNKNOWN STEP	2026-09-07T13:33:22.1201298Z ok 41 - Vector 10: detecta registros huérfanos en tablas clave (citas, cobros, fases, bonos)
Typecheck + Tests + Verificaciones	UNKNOWN STEP	2026-09-07T13:33:22.1202217Z   ---
Typecheck + Tests + Verificaciones	UNKNOWN STEP	2026-09-07T13:33:22.1202683Z   duration_ms: 0.227594
Typecheck + Tests + Verificaciones	UNKNOWN STEP	2026-09-07T13:33:22.1203253Z   type: 'test'
Typecheck + Tests + Verificaciones	UNKNOWN STEP	2026-09-07T13:33:22.1203760Z   ...
Typecheck + Tests + Verificaciones	UNKNOWN STEP	2026-09-07T13:33:22.1205190Z # Subtest: la migración SQL de salud profunda cumple con las directrices de seguridad de Mecha
Typecheck + Tests + Verificaciones	UNKNOWN STEP	2026-09-07T13:33:22.1207152Z ok 42 - la migración SQL de salud profunda cumple con las directrices de seguridad de Mecha
Typecheck + Tests + Verificaciones	UNKNOWN STEP	2026-09-07T13:33:22.1208212Z   ---
Typecheck + Tests + Verificaciones	UNKNOWN STEP	2026-09-07T13:33:22.1208759Z   duration_ms: 0.681992
Typecheck + Tests + Verificaciones	UNKNOWN STEP	2026-09-07T13:33:22.1209340Z   type: 'test'
Typecheck + Tests + Verificaciones	UNKNOWN STEP	2026-09-07T13:33:22.1209842Z   ...
Typecheck + Tests + Verificaciones	UNKNOWN STEP	2026-09-07T13:33:22.1210448Z # Subtest: bd-triggers-ciegos
Typecheck + Tests + Verificaciones	UNKNOWN STEP	2026-09-07T13:33:22.1211180Z     # Subtest: exporta nombre, ambito y ejecutar
Typecheck + Tests + Verificaciones	UNKNOWN STEP	2026-09-07T13:33:22.1211987Z     ok 1 - exporta nombre, ambito y ejecutar
Typecheck + Tests + Verificaciones	UNKNOWN STEP	2026-09-07T13:33:22.1212643Z       ---
Typecheck + Tests + Verificaciones	UNKNOWN STEP	2026-09-07T13:33:22.1213164Z       duration_ms: 0.938961
Typecheck + Tests + Verificaciones	UNKNOWN STEP	2026-09-07T13:33:22.1213834Z       type: 'test'
Typecheck + Tests + Verificaciones	UNKNOWN STEP	2026-09-07T13:33:22.1214370Z       ...
Typecheck + Tests + Verificaciones	UNKNOWN STEP	2026-09-07T13:33:22.1215061Z     # Subtest: sin credencial devuelve un aviso en vez de reventar
Typecheck + Tests + Verificaciones	UNKNOWN STEP	2026-09-07T13:33:22.1216372Z     ok 2 - sin credencial devuelve un aviso en vez de reventar
Typecheck + Tests + Verificaciones	UNKNOWN STEP	2026-09-07T13:33:22.1217220Z       ---
Typecheck + Tests + Verificaciones	UNKNOWN STEP	2026-09-07T13:33:22.1217770Z       duration_ms: 0.629444
Typecheck + Tests + Verificaciones	UNKNOWN STEP	2026-09-07T13:33:22.1218386Z       type: 'test'
Typecheck + Tests + Verificaciones	UNKNOWN STEP	2026-09-07T13:33:22.1218985Z       ...
Typecheck + Tests + Verificaciones	UNKNOWN STEP	2026-09-07T13:33:22.1219487Z     1..2
Typecheck + Tests + Verificaciones	UNKNOWN STEP	2026-09-07T13:33:22.1220072Z ok 43 - bd-triggers-ciegos
Typecheck + Tests + Verificaciones	UNKNOWN STEP	2026-09-07T13:33:22.1220664Z   ---
Typecheck + Tests + Verificaciones	UNKNOWN STEP	2026-09-07T13:33:22.1221429Z   duration_ms: 2.884639
Typecheck + Tests + Verificaciones	UNKNOWN STEP	2026-09-07T13:33:22.1221999Z   type: 'suite'
Typecheck + Tests + Verificaciones	UNKNOWN STEP	2026-09-07T13:33:22.1222499Z   ...
Typecheck + Tests + Verificaciones	UNKNOWN STEP	2026-09-07T13:33:22.1249859Z # Subtest: bd-sobrecargas-rpc
Typecheck + Tests + Verificaciones	UNKNOWN STEP	2026-09-07T13:33:22.1250549Z     # Subtest: exporta nombre, ambito y ejecutar
Typecheck + Tests + Verificaciones	UNKNOWN STEP	2026-09-07T13:33:22.1251219Z     ok 1 - exporta nombre, ambito y ejecutar
Typecheck + Tests + Verificaciones	UNKNOWN STEP	2026-09-07T13:33:22.1254733Z       ---
Typecheck + Tests + Verificaciones	UNKNOWN STEP	2026-09-07T13:33:22.1255168Z       duration_ms: 0.207888
Typecheck + Tests + Verificaciones	UNKNOWN STEP	2026-09-07T13:33:22.1255643Z       type: 'test'
Typecheck + Tests + Verificaciones	UNKNOWN STEP	2026-09-07T13:33:22.1256243Z       ...
Typecheck + Tests + Verificaciones	UNKNOWN STEP	2026-09-07T13:33:22.1257264Z     # Subtest: sin credencial devuelve un aviso en vez de reventar
Typecheck + Tests + Verificaciones	UNKNOWN STEP	2026-09-07T13:33:22.1258121Z     ok 2 - sin credencial devuelve un aviso en vez de reventar
Typecheck + Tests + Verificaciones	UNKNOWN STEP	2026-09-07T13:33:22.1276500Z       ---
Typecheck + Tests + Verificaciones	UNKNOWN STEP	2026-09-07T13:33:22.1276924Z       duration_ms: 0.372344
Typecheck + Tests + Verificaciones	UNKNOWN STEP	2026-09-07T13:33:22.1277403Z       type: 'test'
Typecheck + Tests + Verificaciones	UNKNOWN STEP	2026-09-07T13:33:22.1277821Z       ...
Typecheck + Tests + Verificaciones	UNKNOWN STEP	2026-09-07T13:33:22.1278178Z     1..2
Typecheck + Tests + Verificaciones	UNKNOWN STEP	2026-09-07T13:33:22.1278599Z ok 44 - bd-sobrecargas-rpc
Typecheck + Tests + Verificaciones	UNKNOWN STEP	2026-09-07T13:33:22.1279056Z   ---
Typecheck + Tests + Verificaciones	UNKNOWN STEP	2026-09-07T13:33:22.1279450Z   duration_ms: 0.877265
Typecheck + Tests + Verificaciones	UNKNOWN STEP	2026-09-07T13:33:22.1279893Z   type: 'suite'
Typecheck + Tests + Verificaciones	UNKNOWN STEP	2026-09-07T13:33:22.1280260Z   ...
Typecheck + Tests + Verificaciones	UNKNOWN STEP	2026-09-07T13:33:22.1280744Z # Subtest: bd-escritura-critica
Typecheck + Tests + Verificaciones	UNKNOWN STEP	2026-09-07T13:33:22.1281443Z     # Subtest: exporta nombre, ambito y ejecutar
Typecheck + Tests + Verificaciones	UNKNOWN STEP	2026-09-07T13:33:22.1282164Z     ok 1 - exporta nombre, ambito y ejecutar
Typecheck + Tests + Verificaciones	UNKNOWN STEP	2026-09-07T13:33:22.1282955Z       ---
Typecheck + Tests + Verificaciones	UNKNOWN STEP	2026-09-07T13:33:22.1283369Z       duration_ms: 0.270605
Typecheck + Tests + Verificaciones	UNKNOWN STEP	2026-09-07T13:33:22.1283857Z       type: 'test'
Typecheck + Tests + Verificaciones	UNKNOWN STEP	2026-09-07T13:33:22.1284449Z       ...
Typecheck + Tests + Verificaciones	UNKNOWN STEP	2026-09-07T13:33:22.1297543Z     # Subtest: sin credencial devuelve un aviso en vez de reventar
Typecheck + Tests + Verificaciones	UNKNOWN STEP	2026-09-07T13:33:22.1298562Z     ok 2 - sin credencial devuelve un aviso en vez de reventar
Typecheck + Tests + Verificaciones	UNKNOWN STEP	2026-09-07T13:33:22.1299277Z       ---
Typecheck + Tests + Verificaciones	UNKNOWN STEP	2026-09-07T13:33:22.1299758Z       duration_ms: 0.406849
Typecheck + Tests + Verificaciones	UNKNOWN STEP	2026-09-07T13:33:22.1300310Z       type: 'test'
Typecheck + Tests + Verificaciones	UNKNOWN STEP	2026-09-07T13:33:22.1300842Z       ...
Typecheck + Tests + Verificaciones	UNKNOWN STEP	2026-09-07T13:33:22.1301324Z     1..2
Typecheck + Tests + Verificaciones	UNKNOWN STEP	2026-09-07T13:33:22.1301880Z ok 45 - bd-escritura-critica
Typecheck + Tests + Verificaciones	UNKNOWN STEP	2026-09-07T13:33:22.1302469Z   ---
Typecheck + Tests + Verificaciones	UNKNOWN STEP	2026-09-07T13:33:22.1302983Z   duration_ms: 1.098529
Typecheck + Tests + Verificaciones	UNKNOWN STEP	2026-09-07T13:33:22.1303533Z   type: 'suite'
Typecheck + Tests + Verificaciones	UNKNOWN STEP	2026-09-07T13:33:22.1304042Z   ...
Typecheck + Tests + Verificaciones	UNKNOWN STEP	2026-09-07T13:33:22.1527590Z # Subtest: vercel.json sigue cacheando los estaticos de /app
Typecheck + Tests + Verificaciones	UNKNOWN STEP	2026-09-07T13:33:22.1528938Z ok 46 - vercel.json sigue cacheando los estaticos de /app
Typecheck + Tests + Verificaciones	UNKNOWN STEP	2026-09-07T13:33:22.1529959Z   ---
Typecheck + Tests + Verificaciones	UNKNOWN STEP	2026-09-07T13:33:22.1530640Z   duration_ms: 2.320697
Typecheck + Tests + Verificaciones	UNKNOWN STEP	2026-09-07T13:33:22.1531368Z   type: 'test'
Typecheck + Tests + Verificaciones	UNKNOWN STEP	2026-09-07T13:33:22.1532020Z   ...
Typecheck + Tests + Verificaciones	UNKNOWN STEP	2026-09-07T13:33:23.0337856Z # Subtest: el vigilante calidad-codigo cumple el contrato estándar de núcleo
Typecheck + Tests + Verificaciones	UNKNOWN STEP	2026-09-07T13:33:23.0339622Z ok 47 - el vigilante calidad-codigo cumple el contrato estándar de núcleo
Typecheck + Tests + Verificaciones	UNKNOWN STEP	2026-09-07T13:33:23.0370636Z   ---
Typecheck + Tests + Verificaciones	UNKNOWN STEP	2026-09-07T13:33:23.0396782Z   duration_ms: 1.568204
Typecheck + Tests + Verificaciones	UNKNOWN STEP	2026-09-07T13:33:23.0426598Z   type: 'test'
Typecheck + Tests + Verificaciones	UNKNOWN STEP	2026-09-07T13:33:23.0427026Z   ...
Typecheck + Tests + Verificaciones	UNKNOWN STEP	2026-09-07T13:33:23.0428451Z # Subtest: revisarArchivo detecta componentes gigantes que superan 450 líneas
Typecheck + Tests + Verificaciones	UNKNOWN STEP	2026-09-07T13:33:23.0429726Z ok 48 - revisarArchivo detecta componentes gigantes que superan 450 líneas
Typecheck + Tests + Verificaciones	UNKNOWN STEP	2026-09-07T13:33:23.0430454Z   ---
Typecheck + Tests + Verificaciones	UNKNOWN STEP	2026-09-07T13:33:23.0430819Z   duration_ms: 6.959656
Typecheck + Tests + Verificaciones	UNKNOWN STEP	2026-09-07T13:33:23.0431224Z   type: 'test'
Typecheck + Tests + Verificaciones	UNKNOWN STEP	2026-09-07T13:33:23.0431573Z   ...
Typecheck + Tests + Verificaciones	UNKNOWN STEP	2026-09-07T13:33:23.0432410Z # Subtest: medirProfundidadAnidamiento ignora llaves en comentarios y cadenas de texto
Typecheck + Tests + Verificaciones	UNKNOWN STEP	2026-09-07T13:33:23.0433686Z ok 49 - medirProfundidadAnidamiento ignora llaves en comentarios y cadenas de texto
Typecheck + Tests + Verificaciones	UNKNOWN STEP	2026-09-07T13:33:23.0434449Z   ---
Typecheck + Tests + Verificaciones	UNKNOWN STEP	2026-09-07T13:33:23.0434809Z   duration_ms: 0.276525
Typecheck + Tests + Verificaciones	UNKNOWN STEP	2026-09-07T13:33:23.0435209Z   type: 'test'
Typecheck + Tests + Verificaciones	UNKNOWN STEP	2026-09-07T13:33:23.0435551Z   ...
Typecheck + Tests + Verificaciones	UNKNOWN STEP	2026-09-07T13:33:23.0436536Z # Subtest: revisarArchivo detecta anidamiento y complejidad excesiva (>4 niveles)
Typecheck + Tests + Verificaciones	UNKNOWN STEP	2026-09-07T13:33:23.0437698Z ok 50 - revisarArchivo detecta anidamiento y complejidad excesiva (>4 niveles)
Typecheck + Tests + Verificaciones	UNKNOWN STEP	2026-09-07T13:33:23.0438424Z   ---
Typecheck + Tests + Verificaciones	UNKNOWN STEP	2026-09-07T13:33:23.0438771Z   duration_ms: 0.445551
Typecheck + Tests + Verificaciones	UNKNOWN STEP	2026-09-07T13:33:23.0439177Z   type: 'test'
Typecheck + Tests + Verificaciones	UNKNOWN STEP	2026-09-07T13:33:23.0439522Z   ...
Typecheck + Tests + Verificaciones	UNKNOWN STEP	2026-09-07T13:33:23.0440536Z # Subtest: calcularComplejidadCiclomatica cuenta puntos de decisión
Typecheck + Tests + Verificaciones	UNKNOWN STEP	2026-09-07T13:33:23.0441630Z ok 51 - calcularComplejidadCiclomatica cuenta puntos de decisión
Typecheck + Tests + Verificaciones	UNKNOWN STEP	2026-09-07T13:33:23.0442268Z   ---
Typecheck + Tests + Verificaciones	UNKNOWN STEP	2026-09-07T13:33:23.0442624Z   duration_ms: 0.310349
Typecheck + Tests + Verificaciones	UNKNOWN STEP	2026-09-07T13:33:23.0443023Z   type: 'test'
Typecheck + Tests + Verificaciones	UNKNOWN STEP	2026-09-07T13:33:23.0443368Z   ...
Typecheck + Tests + Verificaciones	UNKNOWN STEP	2026-09-07T13:33:23.0444179Z # Subtest: detectarDuplicacion localiza bloques repetidos entre componentes distintos
Typecheck + Tests + Verificaciones	UNKNOWN STEP	2026-09-07T13:33:23.0445419Z ok 52 - detectarDuplicacion localiza bloques repetidos entre componentes distintos
Typecheck + Tests + Verificaciones	UNKNOWN STEP	2026-09-07T13:33:23.0446600Z   ---
Typecheck + Tests + Verificaciones	UNKNOWN STEP	2026-09-07T13:33:23.0446954Z   duration_ms: 0.590411
Typecheck + Tests + Verificaciones	UNKNOWN STEP	2026-09-07T13:33:23.0447350Z   type: 'test'
Typecheck + Tests + Verificaciones	UNKNOWN STEP	2026-09-07T13:33:23.0447696Z   ...
Typecheck + Tests + Verificaciones	UNKNOWN STEP	2026-09-07T13:33:23.0448512Z # Subtest: ejecutar lanza AnclaPerdida si la lista de archivos está vacía
Typecheck + Tests + Verificaciones	UNKNOWN STEP	2026-09-07T13:33:23.0449659Z ok 53 - ejecutar lanza AnclaPerdida si la lista de archivos está vacía
Typecheck + Tests + Verificaciones	UNKNOWN STEP	2026-09-07T13:33:23.0450314Z   ---
Typecheck + Tests + Verificaciones	UNKNOWN STEP	2026-09-07T13:33:23.0450667Z   duration_ms: 1.014812
Typecheck + Tests + Verificaciones	UNKNOWN STEP	2026-09-07T13:33:23.0451085Z   type: 'test'
Typecheck + Tests + Verificaciones	UNKNOWN STEP	2026-09-07T13:33:23.0451427Z   ...
Typecheck + Tests + Verificaciones	UNKNOWN STEP	2026-09-07T13:33:23.0452141Z # Subtest: ejecutar en el repositorio real analiza componentes sin reventar
Typecheck + Tests + Verificaciones	UNKNOWN STEP	2026-09-07T13:33:23.0453186Z ok 54 - ejecutar en el repositorio real analiza componentes sin reventar
Typecheck + Tests + Verificaciones	UNKNOWN STEP	2026-09-07T13:33:23.0453848Z   ---
Typecheck + Tests + Verificaciones	UNKNOWN STEP	2026-09-07T13:33:23.0454206Z   duration_ms: 872.557363
Typecheck + Tests + Verificaciones	UNKNOWN STEP	2026-09-07T13:33:23.0454632Z   type: 'test'
Typecheck + Tests + Verificaciones	UNKNOWN STEP	2026-09-07T13:33:23.0454976Z   ...
Typecheck + Tests + Verificaciones	UNKNOWN STEP	2026-09-07T13:33:23.0637850Z # Subtest: [Pilar 2] dos reservas concurrentes del mismo hueco: exactamente una gana
Typecheck + Tests + Verificaciones	UNKNOWN STEP	2026-09-07T13:33:23.0650636Z ok 55 - [Pilar 2] dos reservas concurrentes del mismo hueco: exactamente una gana
Typecheck + Tests + Verificaciones	UNKNOWN STEP	2026-09-07T13:33:23.0651856Z   ---
Typecheck + Tests + Verificaciones	UNKNOWN STEP	2026-09-07T13:33:23.0652563Z   duration_ms: 1.13668
Typecheck + Tests + Verificaciones	UNKNOWN STEP	2026-09-07T13:33:23.0653251Z   type: 'test'
Typecheck + Tests + Verificaciones	UNKNOWN STEP	2026-09-07T13:33:23.0653898Z   ...
Typecheck + Tests + Verificaciones	UNKNOWN STEP	2026-09-07T13:33:23.0654744Z # Subtest: denoTestSinAllowEnv
Typecheck + Tests + Verificaciones	UNKNOWN STEP	2026-09-07T13:33:23.0655707Z     # Subtest: caza deno test inline sin --allow-env
Typecheck + Tests + Verificaciones	UNKNOWN STEP	2026-09-07T13:33:23.0657054Z     ok 1 - caza deno test inline sin --allow-env
Typecheck + Tests + Verificaciones	UNKNOWN STEP	2026-09-07T13:33:23.0657983Z       ---
Typecheck + Tests + Verificaciones	UNKNOWN STEP	2026-09-07T13:33:23.0658646Z       duration_ms: 1.629077
Typecheck + Tests + Verificaciones	UNKNOWN STEP	2026-09-07T13:33:23.0659368Z       type: 'test'
Typecheck + Tests + Verificaciones	UNKNOWN STEP	2026-09-07T13:33:23.0660130Z       ...
Typecheck + Tests + Verificaciones	UNKNOWN STEP	2026-09-07T13:33:23.0660997Z     # Subtest: no marca deno test inline con --allow-env ni -A
Typecheck + Tests + Verificaciones	UNKNOWN STEP	2026-09-07T13:33:23.0662135Z     ok 2 - no marca deno test inline con --allow-env ni -A
Typecheck + Tests + Verificaciones	UNKNOWN STEP	2026-09-07T13:33:23.0663033Z       ---
Typecheck + Tests + Verificaciones	UNKNOWN STEP	2026-09-07T13:33:23.0663654Z       duration_ms: 0.319406
Typecheck + Tests + Verificaciones	UNKNOWN STEP	2026-09-07T13:33:23.0664343Z       type: 'test'
Typecheck + Tests + Verificaciones	UNKNOWN STEP	2026-09-07T13:33:23.0664978Z       ...
Typecheck + Tests + Verificaciones	UNKNOWN STEP	2026-09-07T13:33:23.0666240Z     # Subtest: resuelve deno task a traves de deno.json: la forma del incidente real
Typecheck + Tests + Verificaciones	UNKNOWN STEP	2026-09-07T13:33:23.0667723Z     ok 3 - resuelve deno task a traves de deno.json: la forma del incidente real
Typecheck + Tests + Verificaciones	UNKNOWN STEP	2026-09-07T13:33:23.0668858Z       ---
Typecheck + Tests + Verificaciones	UNKNOWN STEP	2026-09-07T13:33:23.0670004Z       duration_ms: 0.379427
Typecheck + Tests + Verificaciones	UNKNOWN STEP	2026-09-07T13:33:23.0671227Z       type: 'test'
Typecheck + Tests + Verificaciones	UNKNOWN STEP	2026-09-07T13:33:23.0671940Z       ...
Typecheck + Tests + Verificaciones	UNKNOWN STEP	2026-09-07T13:33:23.0672897Z     # Subtest: no marca la tarea cuando deno.json ya lleva el flag
Typecheck + Tests + Verificaciones	UNKNOWN STEP	2026-09-07T13:33:23.0674111Z     ok 4 - no marca la tarea cuando deno.json ya lleva el flag
Typecheck + Tests + Verificaciones	UNKNOWN STEP	2026-09-07T13:33:23.0675121Z       ---
Typecheck + Tests + Verificaciones	UNKNOWN STEP	2026-09-07T13:33:23.0675770Z       duration_ms: 0.263932
Typecheck + Tests + Verificaciones	UNKNOWN STEP	2026-09-07T13:33:23.0677008Z       type: 'test'
Typecheck + Tests + Verificaciones	UNKNOWN STEP	2026-09-07T13:33:23.0677584Z       ...
Typecheck + Tests + Verificaciones	UNKNOWN STEP	2026-09-07T13:33:23.0678433Z     # Subtest: no confunde deno task con deno check ni con tareas inexistentes
Typecheck + Tests + Verificaciones	UNKNOWN STEP	2026-09-07T13:33:23.0679881Z     ok 5 - no confunde deno task con deno check ni con tareas inexistentes
Typecheck + Tests + Verificaciones	UNKNOWN STEP	2026-09-07T13:33:23.0680828Z       ---
Typecheck + Tests + Verificaciones	UNKNOWN STEP	2026-09-07T13:33:23.0681439Z       duration_ms: 0.344923
Typecheck + Tests + Verificaciones	UNKNOWN STEP	2026-09-07T13:33:23.0682103Z       type: 'test'
Typecheck + Tests + Verificaciones	UNKNOWN STEP	2026-09-07T13:33:23.0682673Z       ...
Typecheck + Tests + Verificaciones	UNKNOWN STEP	2026-09-07T13:33:23.0683188Z     1..5
Typecheck + Tests + Verificaciones	UNKNOWN STEP	2026-09-07T13:33:23.0683769Z ok 56 - denoTestSinAllowEnv
Typecheck + Tests + Verificaciones	UNKNOWN STEP	2026-09-07T13:33:23.0684401Z   ---
Typecheck + Tests + Verificaciones	UNKNOWN STEP	2026-09-07T13:33:23.0684959Z   duration_ms: 4.527
Typecheck + Tests + Verificaciones	UNKNOWN STEP	2026-09-07T13:33:23.0685556Z   type: 'suite'
Typecheck + Tests + Verificaciones	UNKNOWN STEP	2026-09-07T13:33:23.0686351Z   ...
Typecheck + Tests + Verificaciones	UNKNOWN STEP	2026-09-07T13:33:23.0686992Z # Subtest: cargarTareasDeno
Typecheck + Tests + Verificaciones	UNKNOWN STEP	2026-09-07T13:33:23.0688079Z     # Subtest: parsea JSON plano
Typecheck + Tests + Verificaciones	UNKNOWN STEP	2026-09-07T13:33:23.0688843Z     ok 1 - parsea JSON plano
Typecheck + Tests + Verificaciones	UNKNOWN STEP	2026-09-07T13:33:23.0689940Z       ---
Typecheck + Tests + Verificaciones	UNKNOWN STEP	2026-09-07T13:33:23.0690551Z       duration_ms: 1.199196
Typecheck + Tests + Verificaciones	UNKNOWN STEP	2026-09-07T13:33:23.0691222Z       type: 'test'
Typecheck + Tests + Verificaciones	UNKNOWN STEP	2026-09-07T13:33:23.0691803Z       ...
Typecheck + Tests + Verificaciones	UNKNOWN STEP	2026-09-07T13:33:23.0692518Z     # Subtest: parsea deno.jsonc con comentarios de linea
Typecheck + Tests + Verificaciones	UNKNOWN STEP	2026-09-07T13:33:23.0693477Z     ok 2 - parsea deno.jsonc con comentarios de linea
Typecheck + Tests + Verificaciones	UNKNOWN STEP	2026-09-07T13:33:23.0694249Z       ---
Typecheck + Tests + Verificaciones	UNKNOWN STEP	2026-09-07T13:33:23.0694806Z       duration_ms: 0.548904
Typecheck + Tests + Verificaciones	UNKNOWN STEP	2026-09-07T13:33:23.0695422Z       type: 'test'
Typecheck + Tests + Verificaciones	UNKNOWN STEP	2026-09-07T13:33:23.0696232Z       ...
Typecheck + Tests + Verificaciones	UNKNOWN STEP	2026-09-07T13:33:23.0696953Z     # Subtest: devuelve {} con texto que no es JSON
Typecheck + Tests + Verificaciones	UNKNOWN STEP	2026-09-07T13:33:23.0697852Z     ok 3 - devuelve {} con texto que no es JSON
Typecheck + Tests + Verificaciones	UNKNOWN STEP	2026-09-07T13:33:23.0698598Z       ---
Typecheck + Tests + Verificaciones	UNKNOWN STEP	2026-09-07T13:33:23.0699123Z       duration_ms: 0.452033
Typecheck + Tests + Verificaciones	UNKNOWN STEP	2026-09-07T13:33:23.0699725Z       type: 'test'
Typecheck + Tests + Verificaciones	UNKNOWN STEP	2026-09-07T13:33:23.0700266Z       ...
Typecheck + Tests + Verificaciones	UNKNOWN STEP	2026-09-07T13:33:23.0700810Z     1..3
Typecheck + Tests + Verificaciones	UNKNOWN STEP	2026-09-07T13:33:23.0701398Z ok 57 - cargarTareasDeno
Typecheck + Tests + Verificaciones	UNKNOWN STEP	2026-09-07T13:33:23.0702048Z   ---
Typecheck + Tests + Verificaciones	UNKNOWN STEP	2026-09-07T13:33:23.0702622Z   duration_ms: 2.621528
Typecheck + Tests + Verificaciones	UNKNOWN STEP	2026-09-07T13:33:23.0703243Z   type: 'suite'
Typecheck + Tests + Verificaciones	UNKNOWN STEP	2026-09-07T13:33:23.0703803Z   ...
Typecheck + Tests + Verificaciones	UNKNOWN STEP	2026-09-07T13:33:23.0704410Z # Subtest: revisarCadenaCI
Typecheck + Tests + Verificaciones	UNKNOWN STEP	2026-09-07T13:33:23.0705437Z     # Subtest: flaggea un deno task de test cuya tarea no lleva --allow-env
Typecheck + Tests + Verificaciones	UNKNOWN STEP	2026-09-07T13:33:23.0706922Z     ok 1 - flaggea un deno task de test cuya tarea no lleva --allow-env
Typecheck + Tests + Verificaciones	UNKNOWN STEP	2026-09-07T13:33:23.0707717Z       ---
Typecheck + Tests + Verificaciones	UNKNOWN STEP	2026-09-07T13:33:23.0708335Z       duration_ms: 1.37331
Typecheck + Tests + Verificaciones	UNKNOWN STEP	2026-09-07T13:33:23.0708968Z       type: 'test'
Typecheck + Tests + Verificaciones	UNKNOWN STEP	2026-09-07T13:33:23.0709627Z       ...
Typecheck + Tests + Verificaciones	UNKNOWN STEP	2026-09-07T13:33:23.0710357Z     # Subtest: no flaggea cuando la tarea lleva el flag
Typecheck + Tests + Verificaciones	UNKNOWN STEP	2026-09-07T13:33:23.0711317Z     ok 2 - no flaggea cuando la tarea lleva el flag
Typecheck + Tests + Verificaciones	UNKNOWN STEP	2026-09-07T13:33:23.0712113Z       ---
Typecheck + Tests + Verificaciones	UNKNOWN STEP	2026-09-07T13:33:23.0712679Z       duration_ms: 0.489122
Typecheck + Tests + Verificaciones	UNKNOWN STEP	2026-09-07T13:33:23.0713316Z       type: 'test'
Typecheck + Tests + Verificaciones	UNKNOWN STEP	2026-09-07T13:33:23.0713862Z       ...
Typecheck + Tests + Verificaciones	UNKNOWN STEP	2026-09-07T13:33:23.0714704Z     # Subtest: flaggea un vigilante detras de un paso fragil sin if: always()
Typecheck + Tests + Verificaciones	UNKNOWN STEP	2026-09-07T13:33:23.0715927Z     ok 3 - flaggea un vigilante detras de un paso fragil sin if: always()
Typecheck + Tests + Verificaciones	UNKNOWN STEP	2026-09-07T13:33:23.0717176Z       ---
Typecheck + Tests + Verificaciones	UNKNOWN STEP	2026-09-07T13:33:23.0717787Z       duration_ms: 0.349562
Typecheck + Tests + Verificaciones	UNKNOWN STEP	2026-09-07T13:33:23.0718434Z       type: 'test'
Typecheck + Tests + Verificaciones	UNKNOWN STEP	2026-09-07T13:33:23.0719011Z       ...
Typecheck + Tests + Verificaciones	UNKNOWN STEP	2026-09-07T13:33:23.0719841Z     # Subtest: no flaggea al vigilante si lleva if: always() o va primero
Typecheck + Tests + Verificaciones	UNKNOWN STEP	2026-09-07T13:33:23.0720977Z     ok 4 - no flaggea al vigilante si lleva if: always() o va primero
Typecheck + Tests + Verificaciones	UNKNOWN STEP	2026-09-07T13:33:23.0721827Z       ---
Typecheck + Tests + Verificaciones	UNKNOWN STEP	2026-09-07T13:33:23.0722403Z       duration_ms: 1.64139
Typecheck + Tests + Verificaciones	UNKNOWN STEP	2026-09-07T13:33:23.0723028Z       type: 'test'
Typecheck + Tests + Verificaciones	UNKNOWN STEP	2026-09-07T13:33:23.0724057Z       ...
Typecheck + Tests + Verificaciones	UNKNOWN STEP	2026-09-07T13:33:23.0725068Z     # Subtest: un paso de build previo no cuenta como rompe-cadena
Typecheck + Tests + Verificaciones	UNKNOWN STEP	2026-09-07T13:33:23.0726440Z     ok 5 - un paso de build previo no cuenta como rompe-cadena
Typecheck + Tests + Verificaciones	UNKNOWN STEP	2026-09-07T13:33:23.0727368Z       ---
Typecheck + Tests + Verificaciones	UNKNOWN STEP	2026-09-07T13:33:23.0728029Z       duration_ms: 2.012964
Typecheck + Tests + Verificaciones	UNKNOWN STEP	2026-09-07T13:33:23.0728738Z       type: 'test'
Typecheck + Tests + Verificaciones	UNKNOWN STEP	2026-09-07T13:33:23.0729382Z       ...
Typecheck + Tests + Verificaciones	UNKNOWN STEP	2026-09-07T13:33:23.0730331Z     # Subtest: detecta vigilantes tambien por el run, no solo por el name
Typecheck + Tests + Verificaciones	UNKNOWN STEP	2026-09-07T13:33:23.0731609Z     ok 6 - detecta vigilantes tambien por el run, no solo por el name
Typecheck + Tests + Verificaciones	UNKNOWN STEP	2026-09-07T13:33:23.0732518Z       ---
Typecheck + Tests + Verificaciones	UNKNOWN STEP	2026-09-07T13:33:23.0733130Z       duration_ms: 0.214339
Typecheck + Tests + Verificaciones	UNKNOWN STEP	2026-09-07T13:33:23.0733819Z       type: 'test'
Typecheck + Tests + Verificaciones	UNKNOWN STEP	2026-09-07T13:33:23.0734469Z       ...
Typecheck + Tests + Verificaciones	UNKNOWN STEP	2026-09-07T13:33:23.0735109Z     1..6
Typecheck + Tests + Verificaciones	UNKNOWN STEP	2026-09-07T13:33:23.0735774Z ok 58 - revisarCadenaCI
Typecheck + Tests + Verificaciones	UNKNOWN STEP	2026-09-07T13:33:23.0736719Z   ---
Typecheck + Tests + Verificaciones	UNKNOWN STEP	2026-09-07T13:33:23.0737364Z   duration_ms: 6.566925
Typecheck + Tests + Verificaciones	UNKNOWN STEP	2026-09-07T13:33:23.0738063Z   type: 'suite'
Typecheck + Tests + Verificaciones	UNKNOWN STEP	2026-09-07T13:33:23.0738680Z   ...
Typecheck + Tests + Verificaciones	UNKNOWN STEP	2026-09-07T13:33:23.0739675Z # Subtest: caza el claim exacto que habia en la landing el 30 ago 2026
Typecheck + Tests + Verificaciones	UNKNOWN STEP	2026-09-07T13:33:23.0740977Z ok 59 - caza el claim exacto que habia en la landing el 30 ago 2026
Typecheck + Tests + Verificaciones	UNKNOWN STEP	2026-09-07T13:33:23.0741923Z   ---
Typecheck + Tests + Verificaciones	UNKNOWN STEP	2026-09-07T13:33:23.0743163Z   duration_ms: 4.115945
Typecheck + Tests + Verificaciones	UNKNOWN STEP	2026-09-07T13:33:23.0747296Z   type: 'test'
Typecheck + Tests + Verificaciones	UNKNOWN STEP	2026-09-07T13:33:23.0768023Z   ...
Typecheck + Tests + Verificaciones	UNKNOWN STEP	2026-09-07T13:33:23.0769051Z # Subtest: caza el "Si" de la FAQ que decia que Mecha cumple VeriFactu
Typecheck + Tests + Verificaciones	UNKNOWN STEP	2026-09-07T13:33:23.0770383Z ok 60 - caza el "Si" de la FAQ que decia que Mecha cumple VeriFactu
Typecheck + Tests + Verificaciones	UNKNOWN STEP	2026-09-07T13:33:23.0771324Z   ---
Typecheck + Tests + Verificaciones	UNKNOWN STEP	2026-09-07T13:33:23.0771966Z   duration_ms: 0.815811
Typecheck + Tests + Verificaciones	UNKNOWN STEP	2026-09-07T13:33:23.0772660Z   type: 'test'
Typecheck + Tests + Verificaciones	UNKNOWN STEP	2026-09-07T13:33:23.0773288Z   ...
Typecheck + Tests + Verificaciones	UNKNOWN STEP	2026-09-07T13:33:23.0774043Z # Subtest: caza "homologada por la AEAT"
Typecheck + Tests + Verificaciones	UNKNOWN STEP	2026-09-07T13:33:23.0774967Z ok 61 - caza "homologada por la AEAT"
Typecheck + Tests + Verificaciones	UNKNOWN STEP	2026-09-07T13:33:23.0775747Z   ---
Typecheck + Tests + Verificaciones	UNKNOWN STEP	2026-09-07T13:33:23.0776633Z   duration_ms: 0.323743
Typecheck + Tests + Verificaciones	UNKNOWN STEP	2026-09-07T13:33:23.0777345Z   type: 'test'
Typecheck + Tests + Verificaciones	UNKNOWN STEP	2026-09-07T13:33:23.0777975Z   ...
Typecheck + Tests + Verificaciones	UNKNOWN STEP	2026-09-07T13:33:23.0778737Z # Subtest: caza "Cumple VeriFactu 2026"
Typecheck + Tests + Verificaciones	UNKNOWN STEP	2026-09-07T13:33:23.0779672Z ok 62 - caza "Cumple VeriFactu 2026"
Typecheck + Tests + Verificaciones	UNKNOWN STEP	2026-09-07T13:33:23.0780425Z   ---
Typecheck + Tests + Verificaciones	UNKNOWN STEP	2026-09-07T13:33:23.0781050Z   duration_ms: 0.217556
Typecheck + Tests + Verificaciones	UNKNOWN STEP	2026-09-07T13:33:23.0781768Z   type: 'test'
Typecheck + Tests + Verificaciones	UNKNOWN STEP	2026-09-07T13:33:23.0782381Z   ...
Typecheck + Tests + Verificaciones	UNKNOWN STEP	2026-09-07T13:33:23.0783415Z # Subtest: NO marca la redaccion honesta que dice que eso todavia no esta
Typecheck + Tests + Verificaciones	UNKNOWN STEP	2026-09-07T13:33:23.0784794Z ok 63 - NO marca la redaccion honesta que dice que eso todavia no esta
Typecheck + Tests + Verificaciones	UNKNOWN STEP	2026-09-07T13:33:23.0785762Z   ---
Typecheck + Tests + Verificaciones	UNKNOWN STEP	2026-09-07T13:33:23.0786670Z   duration_ms: 0.410405
Typecheck + Tests + Verificaciones	UNKNOWN STEP	2026-09-07T13:33:23.0787371Z   type: 'test'
Typecheck + Tests + Verificaciones	UNKNOWN STEP	2026-09-07T13:33:23.0788001Z   ...
Typecheck + Tests + Verificaciones	UNKNOWN STEP	2026-09-07T13:33:23.0789327Z # Subtest: NO marca lo que SI se hace y se puede prometer
Typecheck + Tests + Verificaciones	UNKNOWN STEP	2026-09-07T13:33:23.0790468Z ok 64 - NO marca lo que SI se hace y se puede prometer
Typecheck + Tests + Verificaciones	UNKNOWN STEP	2026-09-07T13:33:23.0791316Z   ---
Typecheck + Tests + Verificaciones	UNKNOWN STEP	2026-09-07T13:33:23.0791955Z   duration_ms: 0.234567
Typecheck + Tests + Verificaciones	UNKNOWN STEP	2026-09-07T13:33:23.0792627Z   type: 'test'
Typecheck + Tests + Verificaciones	UNKNOWN STEP	2026-09-07T13:33:23.0793251Z   ...
Typecheck + Tests + Verificaciones	UNKNOWN STEP	2026-09-07T13:33:23.0794177Z # Subtest: el ancla existe y hoy dice que el envio no esta disponible
Typecheck + Tests + Verificaciones	UNKNOWN STEP	2026-09-07T13:33:23.0795479Z ok 65 - el ancla existe y hoy dice que el envio no esta disponible
Typecheck + Tests + Verificaciones	UNKNOWN STEP	2026-09-07T13:33:23.0796773Z   ---
Typecheck + Tests + Verificaciones	UNKNOWN STEP	2026-09-07T13:33:23.0797336Z   duration_ms: 0.578729
Typecheck + Tests + Verificaciones	UNKNOWN STEP	2026-09-07T13:33:23.0797958Z   type: 'test'
Typecheck + Tests + Verificaciones	UNKNOWN STEP	2026-09-07T13:33:23.0798529Z   ...
Typecheck + Tests + Verificaciones	UNKNOWN STEP	2026-09-07T13:33:23.0799472Z # Subtest: las superficies vivas estan limpias (0 bloqueantes)
Typecheck + Tests + Verificaciones	UNKNOWN STEP	2026-09-07T13:33:23.0800626Z ok 66 - las superficies vivas estan limpias (0 bloqueantes)
Typecheck + Tests + Verificaciones	UNKNOWN STEP	2026-09-07T13:33:23.0801473Z   ---
Typecheck + Tests + Verificaciones	UNKNOWN STEP	2026-09-07T13:33:23.0802058Z   duration_ms: 73.976451
Typecheck + Tests + Verificaciones	UNKNOWN STEP	2026-09-07T13:33:23.0802694Z   type: 'test'
Typecheck + Tests + Verificaciones	UNKNOWN STEP	2026-09-07T13:33:23.0826840Z   ...
Typecheck + Tests + Verificaciones	UNKNOWN STEP	2026-09-07T13:33:23.0827685Z # Subtest: cada claim mira SU interruptor, no uno solo para todos
Typecheck + Tests + Verificaciones	UNKNOWN STEP	2026-09-07T13:33:23.0828770Z ok 67 - cada claim mira SU interruptor, no uno solo para todos
Typecheck + Tests + Verificaciones	UNKNOWN STEP	2026-09-07T13:33:23.0829530Z   ---
Typecheck + Tests + Verificaciones	UNKNOWN STEP	2026-09-07T13:33:23.0830012Z   duration_ms: 0.73989
Typecheck + Tests + Verificaciones	UNKNOWN STEP	2026-09-07T13:33:23.0830764Z   type: 'test'
Typecheck + Tests + Verificaciones	UNKNOWN STEP	2026-09-07T13:33:23.0831402Z   ...
Typecheck + Tests + Verificaciones	UNKNOWN STEP	2026-09-07T13:33:23.0832680Z # Subtest: el repo y el bundle estan limpios
Typecheck + Tests + Verificaciones	UNKNOWN STEP	2026-09-07T13:33:23.0833296Z ok 68 - el repo y el bundle estan limpios
Typecheck + Tests + Verificaciones	UNKNOWN STEP	2026-09-07T13:33:23.0833609Z   ---
Typecheck + Tests + Verificaciones	UNKNOWN STEP	2026-09-07T13:33:23.0833846Z   duration_ms: 217.186935
Typecheck + Tests + Verificaciones	UNKNOWN STEP	2026-09-07T13:33:23.0834100Z   type: 'test'
Typecheck + Tests + Verificaciones	UNKNOWN STEP	2026-09-07T13:33:23.0834320Z   ...
Typecheck + Tests + Verificaciones	UNKNOWN STEP	2026-09-07T13:33:23.0834683Z # Subtest: caza una clave heredada incrustada, este donde este
Typecheck + Tests + Verificaciones	UNKNOWN STEP	2026-09-07T13:33:23.0835200Z ok 69 - caza una clave heredada incrustada, este donde este
Typecheck + Tests + Verificaciones	UNKNOWN STEP	2026-09-07T13:33:23.0835536Z   ---
Typecheck + Tests + Verificaciones	UNKNOWN STEP	2026-09-07T13:33:23.0835750Z   duration_ms: 0.537282
Typecheck + Tests + Verificaciones	UNKNOWN STEP	2026-09-07T13:33:23.0836272Z   type: 'test'
Typecheck + Tests + Verificaciones	UNKNOWN STEP	2026-09-07T13:33:23.0836649Z   ...
Typecheck + Tests + Verificaciones	UNKNOWN STEP	2026-09-07T13:33:23.0837136Z # Subtest: caza una secret key incrustada
Typecheck + Tests + Verificaciones	UNKNOWN STEP	2026-09-07T13:33:23.0837781Z ok 70 - caza una secret key incrustada
Typecheck + Tests + Verificaciones	UNKNOWN STEP	2026-09-07T13:33:23.0838276Z   ---
Typecheck + Tests + Verificaciones	UNKNOWN STEP	2026-09-07T13:33:23.0838617Z   duration_ms: 0.224008
Typecheck + Tests + Verificaciones	UNKNOWN STEP	2026-09-07T13:33:23.0839050Z   type: 'test'
Typecheck + Tests + Verificaciones	UNKNOWN STEP	2026-09-07T13:33:23.0839405Z   ...
Typecheck + Tests + Verificaciones	UNKNOWN STEP	2026-09-07T13:33:23.0840072Z # Subtest: la publishable es publica por diseno: no es un hallazgo
Typecheck + Tests + Verificaciones	UNKNOWN STEP	2026-09-07T13:33:23.0841004Z ok 71 - la publishable es publica por diseno: no es un hallazgo
Typecheck + Tests + Verificaciones	UNKNOWN STEP	2026-09-07T13:33:23.0841619Z   ---
Typecheck + Tests + Verificaciones	UNKNOWN STEP	2026-09-07T13:33:23.0841973Z   duration_ms: 0.175427
Typecheck + Tests + Verificaciones	UNKNOWN STEP	2026-09-07T13:33:23.0842597Z   type: 'test'
Typecheck + Tests + Verificaciones	UNKNOWN STEP	2026-09-07T13:33:23.0842953Z   ...
Typecheck + Tests + Verificaciones	UNKNOWN STEP	2026-09-07T13:33:23.0843635Z # Subtest: un valor de mentira corto (sb_secret_nueva) no dispara
Typecheck + Tests + Verificaciones	UNKNOWN STEP	2026-09-07T13:33:23.0844526Z ok 72 - un valor de mentira corto (sb_secret_nueva) no dispara
Typecheck + Tests + Verificaciones	UNKNOWN STEP	2026-09-07T13:33:23.0845123Z   ---
Typecheck + Tests + Verificaciones	UNKNOWN STEP	2026-09-07T13:33:23.0845485Z   duration_ms: 0.276806
Typecheck + Tests + Verificaciones	UNKNOWN STEP	2026-09-07T13:33:23.0845914Z   type: 'test'
Typecheck + Tests + Verificaciones	UNKNOWN STEP	2026-09-07T13:33:23.0846533Z   ...
Typecheck + Tests + Verificaciones	UNKNOWN STEP	2026-09-07T13:33:23.0847328Z # Subtest: los tests quedan fuera de la regla de la puerta, pero no de la de claves
Typecheck + Tests + Verificaciones	UNKNOWN STEP	2026-09-07T13:33:23.0849071Z ok 73 - los tests quedan fuera de la regla de la puerta, pero no de la de claves
Typecheck + Tests + Verificaciones	UNKNOWN STEP	2026-09-07T13:33:23.0849834Z   ---
Typecheck + Tests + Verificaciones	UNKNOWN STEP	2026-09-07T13:33:23.0850214Z   duration_ms: 0.213438
Typecheck + Tests + Verificaciones	UNKNOWN STEP	2026-09-07T13:33:23.0850635Z   type: 'test'
Typecheck + Tests + Verificaciones	UNKNOWN STEP	2026-09-07T13:33:23.0851009Z   ...
Typecheck + Tests + Verificaciones	UNKNOWN STEP	2026-09-07T13:33:23.0851635Z # Subtest: caza el Deno.env.get a pelo en una edge function
Typecheck + Tests + Verificaciones	UNKNOWN STEP	2026-09-07T13:33:23.0852468Z ok 74 - caza el Deno.env.get a pelo en una edge function
Typecheck + Tests + Verificaciones	UNKNOWN STEP	2026-09-07T13:33:23.0852927Z   ---
Typecheck + Tests + Verificaciones	UNKNOWN STEP	2026-09-07T13:33:23.0853143Z   duration_ms: 0.372384
Typecheck + Tests + Verificaciones	UNKNOWN STEP	2026-09-07T13:33:23.0853392Z   type: 'test'
Typecheck + Tests + Verificaciones	UNKNOWN STEP	2026-09-07T13:33:23.0853593Z   ...
Typecheck + Tests + Verificaciones	UNKNOWN STEP	2026-09-07T13:33:23.0854000Z # Subtest: caza un createClient que no pasa por ninguna de las dos puertas
Typecheck + Tests + Verificaciones	UNKNOWN STEP	2026-09-07T13:33:23.0854577Z ok 75 - caza un createClient que no pasa por ninguna de las dos puertas
Typecheck + Tests + Verificaciones	UNKNOWN STEP	2026-09-07T13:33:23.0854975Z   ---
Typecheck + Tests + Verificaciones	UNKNOWN STEP	2026-09-07T13:33:23.0855189Z   duration_ms: 0.198299
Typecheck + Tests + Verificaciones	UNKNOWN STEP	2026-09-07T13:33:23.0855430Z   type: 'test'
Typecheck + Tests + Verificaciones	UNKNOWN STEP	2026-09-07T13:33:23.0855636Z   ...
Typecheck + Tests + Verificaciones	UNKNOWN STEP	2026-09-07T13:33:23.0856272Z # Subtest: un createClient que si pasa por la puerta no se toca
Typecheck + Tests + Verificaciones	UNKNOWN STEP	2026-09-07T13:33:23.0856851Z ok 76 - un createClient que si pasa por la puerta no se toca
Typecheck + Tests + Verificaciones	UNKNOWN STEP	2026-09-07T13:33:23.0857186Z   ---
Typecheck + Tests + Verificaciones	UNKNOWN STEP	2026-09-07T13:33:23.0857404Z   duration_ms: 0.454357
Typecheck + Tests + Verificaciones	UNKNOWN STEP	2026-09-07T13:33:23.0857637Z   type: 'test'
Typecheck + Tests + Verificaciones	UNKNOWN STEP	2026-09-07T13:33:23.0857858Z   ...
Typecheck + Tests + Verificaciones	UNKNOWN STEP	2026-09-07T13:33:23.0858255Z # Subtest: la propia puerta esta exenta: nombra las heredadas a proposito
Typecheck + Tests + Verificaciones	UNKNOWN STEP	2026-09-07T13:33:23.0858846Z ok 77 - la propia puerta esta exenta: nombra las heredadas a proposito
Typecheck + Tests + Verificaciones	UNKNOWN STEP	2026-09-07T13:33:23.0859226Z   ---
Typecheck + Tests + Verificaciones	UNKNOWN STEP	2026-09-07T13:33:23.0859437Z   duration_ms: 0.59017
Typecheck + Tests + Verificaciones	UNKNOWN STEP	2026-09-07T13:33:23.0859696Z   type: 'test'
Typecheck + Tests + Verificaciones	UNKNOWN STEP	2026-09-07T13:33:23.0859922Z   ...
Typecheck + Tests + Verificaciones	UNKNOWN STEP	2026-09-07T13:33:23.0860379Z # Subtest: fuera de supabase/functions no se exige la puerta (el cliente es otra cosa)
Typecheck + Tests + Verificaciones	UNKNOWN STEP	2026-09-07T13:33:23.0861046Z ok 78 - fuera de supabase/functions no se exige la puerta (el cliente es otra cosa)
Typecheck + Tests + Verificaciones	UNKNOWN STEP	2026-09-07T13:33:23.0861466Z   ---
Typecheck + Tests + Verificaciones	UNKNOWN STEP	2026-09-07T13:33:23.0861675Z   duration_ms: 0.271346
Typecheck + Tests + Verificaciones	UNKNOWN STEP	2026-09-07T13:33:23.0861912Z   type: 'test'
Typecheck + Tests + Verificaciones	UNKNOWN STEP	2026-09-07T13:33:23.0862112Z   ...
Typecheck + Tests + Verificaciones	UNKNOWN STEP	2026-09-07T13:33:23.0862493Z # Subtest: caza un token personal de Supabase, que abre la cuenta entera
Typecheck + Tests + Verificaciones	UNKNOWN STEP	2026-09-07T13:33:23.0863046Z ok 79 - caza un token personal de Supabase, que abre la cuenta entera
Typecheck + Tests + Verificaciones	UNKNOWN STEP	2026-09-07T13:33:23.0863402Z   ---
Typecheck + Tests + Verificaciones	UNKNOWN STEP	2026-09-07T13:33:23.0863801Z   duration_ms: 0.188201
Typecheck + Tests + Verificaciones	UNKNOWN STEP	2026-09-07T13:33:23.0864043Z   type: 'test'
Typecheck + Tests + Verificaciones	UNKNOWN STEP	2026-09-07T13:33:23.0864246Z   ...
Typecheck + Tests + Verificaciones	UNKNOWN STEP	2026-09-07T13:33:23.0864628Z # Subtest: el mensaje del token personal recuerda que hay que REVOCARLO
Typecheck + Tests + Verificaciones	UNKNOWN STEP	2026-09-07T13:33:23.0865172Z ok 80 - el mensaje del token personal recuerda que hay que REVOCARLO
Typecheck + Tests + Verificaciones	UNKNOWN STEP	2026-09-07T13:33:23.0865523Z   ---
Typecheck + Tests + Verificaciones	UNKNOWN STEP	2026-09-07T13:33:23.0865733Z   duration_ms: 0.255747
Typecheck + Tests + Verificaciones	UNKNOWN STEP	2026-09-07T13:33:23.0866218Z   type: 'test'
Typecheck + Tests + Verificaciones	UNKNOWN STEP	2026-09-07T13:33:23.0866501Z   ...
Typecheck + Tests + Verificaciones	UNKNOWN STEP	2026-09-07T13:33:23.0866836Z # Subtest: una cadena corta parecida a un sbp_ no cuenta
Typecheck + Tests + Verificaciones	UNKNOWN STEP	2026-09-07T13:33:23.0867277Z ok 81 - una cadena corta parecida a un sbp_ no cuenta
Typecheck + Tests + Verificaciones	UNKNOWN STEP	2026-09-07T13:33:23.0867592Z   ---
Typecheck + Tests + Verificaciones	UNKNOWN STEP	2026-09-07T13:33:23.0867798Z   duration_ms: 0.136003
Typecheck + Tests + Verificaciones	UNKNOWN STEP	2026-09-07T13:33:23.0868034Z   type: 'test'
Typecheck + Tests + Verificaciones	UNKNOWN STEP	2026-09-07T13:33:23.0868237Z   ...
Typecheck + Tests + Verificaciones	UNKNOWN STEP	2026-09-07T13:33:23.0868609Z # Subtest: sin VIGILAR_BUNDLE y sin bundle, es un no-aplica legitimo
Typecheck + Tests + Verificaciones	UNKNOWN STEP	2026-09-07T13:33:23.0869143Z ok 82 - sin VIGILAR_BUNDLE y sin bundle, es un no-aplica legitimo
Typecheck + Tests + Verificaciones	UNKNOWN STEP	2026-09-07T13:33:23.0869487Z   ---
Typecheck + Tests + Verificaciones	UNKNOWN STEP	2026-09-07T13:33:23.0869693Z   duration_ms: 0.304588
Typecheck + Tests + Verificaciones	UNKNOWN STEP	2026-09-07T13:33:23.0869921Z   type: 'test'
Typecheck + Tests + Verificaciones	UNKNOWN STEP	2026-09-07T13:33:23.0870281Z   ...
Typecheck + Tests + Verificaciones	UNKNOWN STEP	2026-09-07T13:33:23.0870678Z # Subtest: el vigilante exporta comprobarBundle para poder probarla aparte
Typecheck + Tests + Verificaciones	UNKNOWN STEP	2026-09-07T13:33:23.0871269Z ok 83 - el vigilante exporta comprobarBundle para poder probarla aparte
Typecheck + Tests + Verificaciones	UNKNOWN STEP	2026-09-07T13:33:23.0871645Z   ---
Typecheck + Tests + Verificaciones	UNKNOWN STEP	2026-09-07T13:33:23.0871859Z   duration_ms: 0.298306
Typecheck + Tests + Verificaciones	UNKNOWN STEP	2026-09-07T13:33:23.0872096Z   type: 'test'
Typecheck + Tests + Verificaciones	UNKNOWN STEP	2026-09-07T13:33:23.0872301Z   ...
Typecheck + Tests + Verificaciones	UNKNOWN STEP	2026-09-07T13:33:23.8322840Z # Subtest: STRESS: smoke.json corrupted (invalid JSON syntax) is swallowed safely
Typecheck + Tests + Verificaciones	UNKNOWN STEP	2026-09-07T13:33:23.8340731Z ok 84 - STRESS: smoke.json corrupted (invalid JSON syntax) is swallowed safely
Typecheck + Tests + Verificaciones	UNKNOWN STEP	2026-09-07T13:33:23.8341723Z   ---
Typecheck + Tests + Verificaciones	UNKNOWN STEP	2026-09-07T13:33:23.8342271Z   duration_ms: 8.65125
Typecheck + Tests + Verificaciones	UNKNOWN STEP	2026-09-07T13:33:23.8342844Z   type: 'test'
Typecheck + Tests + Verificaciones	UNKNOWN STEP	2026-09-07T13:33:23.8343364Z   ...
Typecheck + Tests + Verificaciones	UNKNOWN STEP	2026-09-07T13:33:23.8344339Z # Subtest: STRESS: smoke.json with non-array hallazgos property does not crash
Typecheck + Tests + Verificaciones	UNKNOWN STEP	2026-09-07T13:33:23.8345641Z ok 85 - STRESS: smoke.json with non-array hallazgos property does not crash
Typecheck + Tests + Verificaciones	UNKNOWN STEP	2026-09-07T13:33:23.8346837Z   ---
Typecheck + Tests + Verificaciones	UNKNOWN STEP	2026-09-07T13:33:23.8347383Z   duration_ms: 6.468233
Typecheck + Tests + Verificaciones	UNKNOWN STEP	2026-09-07T13:33:23.8347958Z   type: 'test'
Typecheck + Tests + Verificaciones	UNKNOWN STEP	2026-09-07T13:33:23.8348471Z   ...
Typecheck + Tests + Verificaciones	UNKNOWN STEP	2026-09-07T13:33:23.8349516Z # Subtest: STRESS: Vigilante throwing arbitrary non-Error objects (null, string, circular)
Typecheck + Tests + Verificaciones	UNKNOWN STEP	2026-09-07T13:33:23.8350984Z ok 86 - STRESS: Vigilante throwing arbitrary non-Error objects (null, string, circular)
Typecheck + Tests + Verificaciones	UNKNOWN STEP	2026-09-07T13:33:23.8351916Z   ---
Typecheck + Tests + Verificaciones	UNKNOWN STEP	2026-09-07T13:33:23.8352443Z   duration_ms: 578.153955
Typecheck + Tests + Verificaciones	UNKNOWN STEP	2026-09-07T13:33:23.8353017Z   type: 'test'
Typecheck + Tests + Verificaciones	UNKNOWN STEP	2026-09-07T13:33:23.8353530Z   ...
Typecheck + Tests + Verificaciones	UNKNOWN STEP	2026-09-07T13:33:23.8410894Z # Subtest: STRESS: Exact health boundary testing (15 avisos -> optima, 16 avisos -> degradada)
Typecheck + Tests + Verificaciones	UNKNOWN STEP	2026-09-07T13:33:23.8427956Z ok 87 - STRESS: Exact health boundary testing (15 avisos -> optima, 16 avisos -> degradada)
Typecheck + Tests + Verificaciones	UNKNOWN STEP	2026-09-07T13:33:23.8429065Z   ---
Typecheck + Tests + Verificaciones	UNKNOWN STEP	2026-09-07T13:33:23.8429669Z   duration_ms: 118.482605
Typecheck + Tests + Verificaciones	UNKNOWN STEP	2026-09-07T13:33:23.8430376Z   type: 'test'
Typecheck + Tests + Verificaciones	UNKNOWN STEP	2026-09-07T13:33:23.8431126Z   ...
Typecheck + Tests + Verificaciones	UNKNOWN STEP	2026-09-07T13:33:23.8432439Z # Subtest: STRESS: Massive finding load (1,500 findings) renders Markdown and JSON without memory exhaustion
Typecheck + Tests + Verificaciones	UNKNOWN STEP	2026-09-07T13:33:23.8434065Z ok 88 - STRESS: Massive finding load (1,500 findings) renders Markdown and JSON without memory exhaustion
Typecheck + Tests + Verificaciones	UNKNOWN STEP	2026-09-07T13:33:23.8435052Z   ---
Typecheck + Tests + Verificaciones	UNKNOWN STEP	2026-09-07T13:33:23.8435543Z   duration_ms: 33.921137
Typecheck + Tests + Verificaciones	UNKNOWN STEP	2026-09-07T13:33:23.8436450Z   type: 'test'
Typecheck + Tests + Verificaciones	UNKNOWN STEP	2026-09-07T13:33:23.8436961Z   ...
Typecheck + Tests + Verificaciones	UNKNOWN STEP	2026-09-07T13:33:23.8437851Z # Subtest: STRESS: Special characters, Markdown injections and unicode in findings
Typecheck + Tests + Verificaciones	UNKNOWN STEP	2026-09-07T13:33:23.8439084Z ok 89 - STRESS: Special characters, Markdown injections and unicode in findings
Typecheck + Tests + Verificaciones	UNKNOWN STEP	2026-09-07T13:33:23.8439916Z   ---
Typecheck + Tests + Verificaciones	UNKNOWN STEP	2026-09-07T13:33:23.8440434Z   duration_ms: 0.407901
Typecheck + Tests + Verificaciones	UNKNOWN STEP	2026-09-07T13:33:23.8440997Z   type: 'test'
Typecheck + Tests + Verificaciones	UNKNOWN STEP	2026-09-07T13:33:23.8441484Z   ...
Typecheck + Tests + Verificaciones	UNKNOWN STEP	2026-09-07T13:33:23.8442957Z # Subtest: STRESS: Writing files to deeply nested non-existent directory creates directories recursively
Typecheck + Tests + Verificaciones	UNKNOWN STEP	2026-09-07T13:33:23.8444568Z ok 90 - STRESS: Writing files to deeply nested non-existent directory creates directories recursively
Typecheck + Tests + Verificaciones	UNKNOWN STEP	2026-09-07T13:33:23.8445564Z   ---
Typecheck + Tests + Verificaciones	UNKNOWN STEP	2026-09-07T13:33:23.8446304Z   duration_ms: 32.732441
Typecheck + Tests + Verificaciones	UNKNOWN STEP	2026-09-07T13:33:23.8447024Z   type: 'test'
Typecheck + Tests + Verificaciones	UNKNOWN STEP	2026-09-07T13:33:23.8447623Z   ...
Typecheck + Tests + Verificaciones	UNKNOWN STEP	2026-09-07T13:33:36.4380238Z # Subtest: compilarEstado devuelve un snapshot con la estructura de contrato requerida
Typecheck + Tests + Verificaciones	UNKNOWN STEP	2026-09-07T13:33:36.4407517Z ok 91 - compilarEstado devuelve un snapshot con la estructura de contrato requerida
Typecheck + Tests + Verificaciones	UNKNOWN STEP	2026-09-07T13:33:36.4408497Z   ---
Typecheck + Tests + Verificaciones	UNKNOWN STEP	2026-09-07T13:33:36.4421562Z   duration_ms: 4743.168507
Typecheck + Tests + Verificaciones	UNKNOWN STEP	2026-09-07T13:33:36.4427085Z   type: 'test'
Typecheck + Tests + Verificaciones	UNKNOWN STEP	2026-09-07T13:33:36.4427528Z   ...
Typecheck + Tests + Verificaciones	UNKNOWN STEP	2026-09-07T13:33:36.4428981Z # Subtest: cálculo de salud general clasifica correctamente optima, degradada y critica
Typecheck + Tests + Verificaciones	UNKNOWN STEP	2026-09-07T13:33:36.4430570Z ok 92 - cálculo de salud general clasifica correctamente optima, degradada y critica
Typecheck + Tests + Verificaciones	UNKNOWN STEP	2026-09-07T13:33:36.4431414Z   ---
Typecheck + Tests + Verificaciones	UNKNOWN STEP	2026-09-07T13:33:36.4431878Z   duration_ms: 107.824565
Typecheck + Tests + Verificaciones	UNKNOWN STEP	2026-09-07T13:33:36.4432378Z   type: 'test'
Typecheck + Tests + Verificaciones	UNKNOWN STEP	2026-09-07T13:33:36.4432779Z   ...
Typecheck + Tests + Verificaciones	UNKNOWN STEP	2026-09-07T13:33:36.4434053Z # Subtest: captura errores y AnclaPerdida de vigilantes como hallazgos bloqueantes sin tumbar el compilador
Typecheck + Tests + Verificaciones	UNKNOWN STEP	2026-09-07T13:33:36.4436463Z ok 93 - captura errores y AnclaPerdida de vigilantes como hallazgos bloqueantes sin tumbar el compilador
Typecheck + Tests + Verificaciones	UNKNOWN STEP	2026-09-07T13:33:36.4458636Z   ---
Typecheck + Tests + Verificaciones	UNKNOWN STEP	2026-09-07T13:33:36.4464654Z   duration_ms: 29.726098
Typecheck + Tests + Verificaciones	UNKNOWN STEP	2026-09-07T13:33:36.4465456Z   type: 'test'
Typecheck + Tests + Verificaciones	UNKNOWN STEP	2026-09-07T13:33:36.4466340Z   ...
Typecheck + Tests + Verificaciones	UNKNOWN STEP	2026-09-07T13:33:36.4467627Z # Subtest: generarMarkdownEstado formatea correctamente tablas, insignias y hallazgos
Typecheck + Tests + Verificaciones	UNKNOWN STEP	2026-09-07T13:33:36.4469194Z ok 94 - generarMarkdownEstado formatea correctamente tablas, insignias y hallazgos
Typecheck + Tests + Verificaciones	UNKNOWN STEP	2026-09-07T13:33:36.4470206Z   ---
Typecheck + Tests + Verificaciones	UNKNOWN STEP	2026-09-07T13:33:36.4470777Z   duration_ms: 0.741252
Typecheck + Tests + Verificaciones	UNKNOWN STEP	2026-09-07T13:33:36.4471405Z   type: 'test'
Typecheck + Tests + Verificaciones	UNKNOWN STEP	2026-09-07T13:33:36.4478064Z   ...
Typecheck + Tests + Verificaciones	UNKNOWN STEP	2026-09-07T13:33:36.4479392Z # Subtest: persistencia de archivos escribe correctamente estado-salud.json y ESTADO_SALUD.md
Typecheck + Tests + Verificaciones	UNKNOWN STEP	2026-09-07T13:33:36.4481049Z ok 95 - persistencia de archivos escribe correctamente estado-salud.json y ESTADO_SALUD.md
Typecheck + Tests + Verificaciones	UNKNOWN STEP	2026-09-07T13:33:36.4482235Z   ---
Typecheck + Tests + Verificaciones	UNKNOWN STEP	2026-09-07T13:33:36.4482766Z   duration_ms: 3055.207986
Typecheck + Tests + Verificaciones	UNKNOWN STEP	2026-09-07T13:33:36.4485894Z   type: 'test'
Typecheck + Tests + Verificaciones	UNKNOWN STEP	2026-09-07T13:33:36.4487376Z   ...
Typecheck + Tests + Verificaciones	UNKNOWN STEP	2026-09-07T13:33:36.4488860Z # Subtest: obtenerMetadatosGit gestiona errores y directorios sin git sin reventar
Typecheck + Tests + Verificaciones	UNKNOWN STEP	2026-09-07T13:33:36.4490878Z ok 96 - obtenerMetadatosGit gestiona errores y directorios sin git sin reventar
Typecheck + Tests + Verificaciones	UNKNOWN STEP	2026-09-07T13:33:36.4492025Z   ---
Typecheck + Tests + Verificaciones	UNKNOWN STEP	2026-09-07T13:33:36.4492624Z   duration_ms: 6.483052
Typecheck + Tests + Verificaciones	UNKNOWN STEP	2026-09-07T13:33:36.4493517Z   type: 'test'
Typecheck + Tests + Verificaciones	UNKNOWN STEP	2026-09-07T13:33:36.4494333Z   ...
Typecheck + Tests + Verificaciones	UNKNOWN STEP	2026-09-07T13:33:36.4496097Z # Subtest: ejecución CLI como proceso hijo completa con código 0 sin tocar los artefactos versionados
Typecheck + Tests + Verificaciones	UNKNOWN STEP	2026-09-07T13:33:36.4498526Z ok 97 - ejecución CLI como proceso hijo completa con código 0 sin tocar los artefactos versionados
Typecheck + Tests + Verificaciones	UNKNOWN STEP	2026-09-07T13:33:36.4500094Z   ---
Typecheck + Tests + Verificaciones	UNKNOWN STEP	2026-09-07T13:33:36.4500756Z   duration_ms: 4674.698009
Typecheck + Tests + Verificaciones	UNKNOWN STEP	2026-09-07T13:33:36.4501606Z   type: 'test'
Typecheck + Tests + Verificaciones	UNKNOWN STEP	2026-09-07T13:33:36.4502382Z   ...
Typecheck + Tests + Verificaciones	UNKNOWN STEP	2026-09-07T13:33:36.4503728Z # Subtest: el CLI rechaza --salida sin ruta en vez de escribir en .sistema por descuido
Typecheck + Tests + Verificaciones	UNKNOWN STEP	2026-09-07T13:33:36.4505306Z ok 98 - el CLI rechaza --salida sin ruta en vez de escribir en .sistema por descuido
Typecheck + Tests + Verificaciones	UNKNOWN STEP	2026-09-07T13:33:36.4506450Z   ---
Typecheck + Tests + Verificaciones	UNKNOWN STEP	2026-09-07T13:33:36.4507553Z   duration_ms: 601.111954
Typecheck + Tests + Verificaciones	UNKNOWN STEP	2026-09-07T13:33:36.4508520Z   type: 'test'
Typecheck + Tests + Verificaciones	UNKNOWN STEP	2026-09-07T13:33:36.4509121Z   ...
Typecheck + Tests + Verificaciones	UNKNOWN STEP	2026-09-07T13:33:36.4954372Z # Subtest: caza el guarda que estuvo en produccion: COALESCE y sin `role`
Typecheck + Tests + Verificaciones	UNKNOWN STEP	2026-09-07T13:33:36.4955057Z ok 99 - caza el guarda que estuvo en produccion: COALESCE y sin `role`
Typecheck + Tests + Verificaciones	UNKNOWN STEP	2026-09-07T13:33:36.4955737Z   ---
Typecheck + Tests + Verificaciones	UNKNOWN STEP	2026-09-07T13:33:36.4956504Z   duration_ms: 2.297494
Typecheck + Tests + Verificaciones	UNKNOWN STEP	2026-09-07T13:33:36.4957635Z   type: 'test'
Typecheck + Tests + Verificaciones	UNKNOWN STEP	2026-09-07T13:33:36.4976825Z   ...
Typecheck + Tests + Verificaciones	UNKNOWN STEP	2026-09-07T13:33:36.4981534Z # Subtest: el guarda correcto no da ningun hallazgo
Typecheck + Tests + Verificaciones	UNKNOWN STEP	2026-09-07T13:33:36.5027335Z ok 100 - el guarda correcto no da ningun hallazgo
Typecheck + Tests + Verificaciones	UNKNOWN STEP	2026-09-07T13:33:36.5056778Z   ---
Typecheck + Tests + Verificaciones	UNKNOWN STEP	2026-09-07T13:33:36.5057532Z   duration_ms: 1.307047
Typecheck + Tests + Verificaciones	UNKNOWN STEP	2026-09-07T13:33:36.5086813Z   type: 'test'
Typecheck + Tests + Verificaciones	UNKNOWN STEP	2026-09-07T13:33:36.5107502Z   ...
Typecheck + Tests + Verificaciones	UNKNOWN STEP	2026-09-07T13:33:36.5146911Z # Subtest: quitar una sola columna ya es bloqueante
Typecheck + Tests + Verificaciones	UNKNOWN STEP	2026-09-07T13:33:36.5148112Z ok 101 - quitar una sola columna ya es bloqueante
Typecheck + Tests + Verificaciones	UNKNOWN STEP	2026-09-07T13:33:36.5176708Z   ---
Typecheck + Tests + Verificaciones	UNKNOWN STEP	2026-09-07T13:33:36.5186956Z   duration_ms: 0.381662
Typecheck + Tests + Verificaciones	UNKNOWN STEP	2026-09-07T13:33:36.5197080Z   type: 'test'
Typecheck + Tests + Verificaciones	UNKNOWN STEP	2026-09-07T13:33:36.5197920Z   ...
Typecheck + Tests + Verificaciones	UNKNOWN STEP	2026-09-07T13:33:36.5199236Z # Subtest: si la funcion desaparece del fichero, revienta en vez de dar OK
Typecheck + Tests + Verificaciones	UNKNOWN STEP	2026-09-07T13:33:36.5200926Z ok 102 - si la funcion desaparece del fichero, revienta en vez de dar OK
Typecheck + Tests + Verificaciones	UNKNOWN STEP	2026-09-07T13:33:36.5201980Z   ---
Typecheck + Tests + Verificaciones	UNKNOWN STEP	2026-09-07T13:33:36.5202667Z   duration_ms: 0.606651
Typecheck + Tests + Verificaciones	UNKNOWN STEP	2026-09-07T13:33:36.5203385Z   type: 'test'
Typecheck + Tests + Verificaciones	UNKNOWN STEP	2026-09-07T13:33:36.5204063Z   ...
Typecheck + Tests + Verificaciones	UNKNOWN STEP	2026-09-07T13:33:36.5205079Z # Subtest: un comentario que EXPLICA el fallo no cuenta como el fallo
Typecheck + Tests + Verificaciones	UNKNOWN STEP	2026-09-07T13:33:36.5206819Z ok 103 - un comentario que EXPLICA el fallo no cuenta como el fallo
Typecheck + Tests + Verificaciones	UNKNOWN STEP	2026-09-07T13:33:36.5207833Z   ---
Typecheck + Tests + Verificaciones	UNKNOWN STEP	2026-09-07T13:33:36.5208465Z   duration_ms: 0.234066
Typecheck + Tests + Verificaciones	UNKNOWN STEP	2026-09-07T13:33:36.5209762Z   type: 'test'
Typecheck + Tests + Verificaciones	UNKNOWN STEP	2026-09-07T13:33:36.5210458Z   ...
Typecheck + Tests + Verificaciones	UNKNOWN STEP	2026-09-07T13:33:36.5211604Z # Subtest: soloCodigo quita comentarios de SQL y de TypeScript sin mover las lineas
Typecheck + Tests + Verificaciones	UNKNOWN STEP	2026-09-07T13:33:36.5213274Z ok 104 - soloCodigo quita comentarios de SQL y de TypeScript sin mover las lineas
Typecheck + Tests + Verificaciones	UNKNOWN STEP	2026-09-07T13:33:36.5214363Z   ---
Typecheck + Tests + Verificaciones	UNKNOWN STEP	2026-09-07T13:33:36.5214995Z   duration_ms: 0.290271
Typecheck + Tests + Verificaciones	UNKNOWN STEP	2026-09-07T13:33:36.5215757Z   type: 'test'
Typecheck + Tests + Verificaciones	UNKNOWN STEP	2026-09-07T13:33:36.5216823Z   ...
Typecheck + Tests + Verificaciones	UNKNOWN STEP	2026-09-07T13:33:36.5217737Z # Subtest: caza la consulta que estaba copiada en seis sitios
Typecheck + Tests + Verificaciones	UNKNOWN STEP	2026-09-07T13:33:36.5218896Z ok 105 - caza la consulta que estaba copiada en seis sitios
Typecheck + Tests + Verificaciones	UNKNOWN STEP	2026-09-07T13:33:36.5219709Z   ---
Typecheck + Tests + Verificaciones	UNKNOWN STEP	2026-09-07T13:33:36.5220317Z   duration_ms: 0.945543
Typecheck + Tests + Verificaciones	UNKNOWN STEP	2026-09-07T13:33:36.5221010Z   type: 'test'
Typecheck + Tests + Verificaciones	UNKNOWN STEP	2026-09-07T13:33:36.5221656Z   ...
Typecheck + Tests + Verificaciones	UNKNOWN STEP	2026-09-07T13:33:36.5222475Z # Subtest: contar propietarios NO es deducir el titular
Typecheck + Tests + Verificaciones	UNKNOWN STEP	2026-09-07T13:33:36.5223526Z ok 106 - contar propietarios NO es deducir el titular
Typecheck + Tests + Verificaciones	UNKNOWN STEP	2026-09-07T13:33:36.5224314Z   ---
Typecheck + Tests + Verificaciones	UNKNOWN STEP	2026-09-07T13:33:36.5224986Z   duration_ms: 0.570774
Typecheck + Tests + Verificaciones	UNKNOWN STEP	2026-09-07T13:33:36.5225744Z   type: 'test'
Typecheck + Tests + Verificaciones	UNKNOWN STEP	2026-09-07T13:33:36.5226832Z   ...
Typecheck + Tests + Verificaciones	UNKNOWN STEP	2026-09-07T13:33:36.5227771Z # Subtest: el regex no casa con un `role = owner` suelto
Typecheck + Tests + Verificaciones	UNKNOWN STEP	2026-09-07T13:33:36.5228991Z ok 107 - el regex no casa con un `role = owner` suelto
Typecheck + Tests + Verificaciones	UNKNOWN STEP	2026-09-07T13:33:36.5229885Z   ---
Typecheck + Tests + Verificaciones	UNKNOWN STEP	2026-09-07T13:33:36.5230549Z   duration_ms: 0.438027
Typecheck + Tests + Verificaciones	UNKNOWN STEP	2026-09-07T13:33:36.5231347Z   type: 'test'
Typecheck + Tests + Verificaciones	UNKNOWN STEP	2026-09-07T13:33:36.5231979Z   ...
Typecheck + Tests + Verificaciones	UNKNOWN STEP	2026-09-07T13:33:36.5232870Z # Subtest: el guarda que hay en el repo ahora mismo esta bien
Typecheck + Tests + Verificaciones	UNKNOWN STEP	2026-09-07T13:33:36.5234133Z ok 108 - el guarda que hay en el repo ahora mismo esta bien
Typecheck + Tests + Verificaciones	UNKNOWN STEP	2026-09-07T13:33:36.5235067Z   ---
Typecheck + Tests + Verificaciones	UNKNOWN STEP	2026-09-07T13:33:36.5235695Z   duration_ms: 0.72883
Typecheck + Tests + Verificaciones	UNKNOWN STEP	2026-09-07T13:33:36.5236812Z   type: 'test'
Typecheck + Tests + Verificaciones	UNKNOWN STEP	2026-09-07T13:33:36.5237554Z   ...
Typecheck + Tests + Verificaciones	UNKNOWN STEP	2026-09-07T13:33:36.5238568Z # Subtest: el vigilante entero pasa sobre el repo actual
Typecheck + Tests + Verificaciones	UNKNOWN STEP	2026-09-07T13:33:36.5239770Z ok 109 - el vigilante entero pasa sobre el repo actual
Typecheck + Tests + Verificaciones	UNKNOWN STEP	2026-09-07T13:33:36.5240663Z   ---
Typecheck + Tests + Verificaciones	UNKNOWN STEP	2026-09-07T13:33:36.5241471Z   duration_ms: 31.164148
Typecheck + Tests + Verificaciones	UNKNOWN STEP	2026-09-07T13:33:36.5242247Z   type: 'test'
Typecheck + Tests + Verificaciones	UNKNOWN STEP	2026-09-07T13:33:36.5242920Z   ...
Typecheck + Tests + Verificaciones	UNKNOWN STEP	2026-09-07T13:33:36.5243817Z # Subtest: saca del toml solo las que apagan verify_jwt
Typecheck + Tests + Verificaciones	UNKNOWN STEP	2026-09-07T13:33:36.5244998Z ok 110 - saca del toml solo las que apagan verify_jwt
Typecheck + Tests + Verificaciones	UNKNOWN STEP	2026-09-07T13:33:36.5245936Z   ---
Typecheck + Tests + Verificaciones	UNKNOWN STEP	2026-09-07T13:33:36.5246957Z   duration_ms: 2.457673
Typecheck + Tests + Verificaciones	UNKNOWN STEP	2026-09-07T13:33:36.5247721Z   type: 'test'
Typecheck + Tests + Verificaciones	UNKNOWN STEP	2026-09-07T13:33:36.5248405Z   ...
Typecheck + Tests + Verificaciones	UNKNOWN STEP	2026-09-07T13:33:36.5249303Z # Subtest: si no hay bloques [functions.*], falla por ciego
Typecheck + Tests + Verificaciones	UNKNOWN STEP	2026-09-07T13:33:36.5250516Z ok 111 - si no hay bloques [functions.*], falla por ciego
Typecheck + Tests + Verificaciones	UNKNOWN STEP	2026-09-07T13:33:36.5251407Z   ---
Typecheck + Tests + Verificaciones	UNKNOWN STEP	2026-09-07T13:33:36.5252066Z   duration_ms: 0.693945
Typecheck + Tests + Verificaciones	UNKNOWN STEP	2026-09-07T13:33:36.5252762Z   type: 'test'
Typecheck + Tests + Verificaciones	UNKNOWN STEP	2026-09-07T13:33:36.5253437Z   ...
Typecheck + Tests + Verificaciones	UNKNOWN STEP	2026-09-07T13:33:36.5254244Z # Subtest: importarla no es usarla
Typecheck + Tests + Verificaciones	UNKNOWN STEP	2026-09-07T13:33:36.5255541Z ok 112 - importarla no es usarla
Typecheck + Tests + Verificaciones	UNKNOWN STEP	2026-09-07T13:33:36.5256956Z   ---
Typecheck + Tests + Verificaciones	UNKNOWN STEP	2026-09-07T13:33:36.5263877Z   duration_ms: 0.28941
Typecheck + Tests + Verificaciones	UNKNOWN STEP	2026-09-07T13:33:36.5264666Z   type: 'test'
Typecheck + Tests + Verificaciones	UNKNOWN STEP	2026-09-07T13:33:36.5265456Z   ...
Typecheck + Tests + Verificaciones	UNKNOWN STEP	2026-09-07T13:33:36.5266700Z # Subtest: llamarla y tirar el resultado tampoco
Typecheck + Tests + Verificaciones	UNKNOWN STEP	2026-09-07T13:33:36.5267836Z ok 113 - llamarla y tirar el resultado tampoco
Typecheck + Tests + Verificaciones	UNKNOWN STEP	2026-09-07T13:33:36.5268690Z   ---
Typecheck + Tests + Verificaciones	UNKNOWN STEP	2026-09-07T13:33:36.5269382Z   duration_ms: 0.233596
Typecheck + Tests + Verificaciones	UNKNOWN STEP	2026-09-07T13:33:36.5270147Z   type: 'test'
Typecheck + Tests + Verificaciones	UNKNOWN STEP	2026-09-07T13:33:36.5270832Z   ...
Typecheck + Tests + Verificaciones	UNKNOWN STEP	2026-09-07T13:33:36.5271581Z # Subtest: negada en un if, si
Typecheck + Tests + Verificaciones	UNKNOWN STEP	2026-09-07T13:33:36.5272401Z ok 114 - negada en un if, si
Typecheck + Tests + Verificaciones	UNKNOWN STEP	2026-09-07T13:33:36.5273152Z   ---
Typecheck + Tests + Verificaciones	UNKNOWN STEP	2026-09-07T13:33:36.5273806Z   duration_ms: 0.282075
Typecheck + Tests + Verificaciones	UNKNOWN STEP	2026-09-07T13:33:36.5274516Z   type: 'test'
Typecheck + Tests + Verificaciones	UNKNOWN STEP	2026-09-07T13:33:36.5275134Z   ...
Typecheck + Tests + Verificaciones	UNKNOWN STEP	2026-09-07T13:33:36.5276361Z # Subtest: regresion: en la segunda mitad de un && tambien
Typecheck + Tests + Verificaciones	UNKNOWN STEP	2026-09-07T13:33:36.5277534Z ok 115 - regresion: en la segunda mitad de un && tambien
Typecheck + Tests + Verificaciones	UNKNOWN STEP	2026-09-07T13:33:36.5278318Z   ---
Typecheck + Tests + Verificaciones	UNKNOWN STEP	2026-09-07T13:33:36.5278865Z   duration_ms: 0.185416
Typecheck + Tests + Verificaciones	UNKNOWN STEP	2026-09-07T13:33:36.5279608Z   type: 'test'
Typecheck + Tests + Verificaciones	UNKNOWN STEP	2026-09-07T13:33:36.5280269Z   ...
Typecheck + Tests + Verificaciones	UNKNOWN STEP	2026-09-07T13:33:36.5281375Z # Subtest: asignada a una variable, si
Typecheck + Tests + Verificaciones	UNKNOWN STEP	2026-09-07T13:33:36.5282268Z ok 116 - asignada a una variable, si
Typecheck + Tests + Verificaciones	UNKNOWN STEP	2026-09-07T13:33:36.5283237Z   ---
Typecheck + Tests + Verificaciones	UNKNOWN STEP	2026-09-07T13:33:36.5283922Z   duration_ms: 0.245898
Typecheck + Tests + Verificaciones	UNKNOWN STEP	2026-09-07T13:33:36.5284654Z   type: 'test'
Typecheck + Tests + Verificaciones	UNKNOWN STEP	2026-09-07T13:33:36.5285312Z   ...
Typecheck + Tests + Verificaciones	UNKNOWN STEP	2026-09-07T13:33:36.5286335Z # Subtest: devuelta, si
Typecheck + Tests + Verificaciones	UNKNOWN STEP	2026-09-07T13:33:36.5287175Z ok 117 - devuelta, si
Typecheck + Tests + Verificaciones	UNKNOWN STEP	2026-09-07T13:33:36.5287919Z   ---
Typecheck + Tests + Verificaciones	UNKNOWN STEP	2026-09-07T13:33:36.5288636Z   duration_ms: 0.173634
Typecheck + Tests + Verificaciones	UNKNOWN STEP	2026-09-07T13:33:36.5289374Z   type: 'test'
Typecheck + Tests + Verificaciones	UNKNOWN STEP	2026-09-07T13:33:36.5289996Z   ...
Typecheck + Tests + Verificaciones	UNKNOWN STEP	2026-09-07T13:33:36.5290942Z # Subtest: hoy ninguna edge con verify_jwt = false esta abierta
Typecheck + Tests + Verificaciones	UNKNOWN STEP	2026-09-07T13:33:36.5292231Z ok 118 - hoy ninguna edge con verify_jwt = false esta abierta
Typecheck + Tests + Verificaciones	UNKNOWN STEP	2026-09-07T13:33:36.5293187Z   ---
Typecheck + Tests + Verificaciones	UNKNOWN STEP	2026-09-07T13:33:36.5293783Z   duration_ms: 3.992204
Typecheck + Tests + Verificaciones	UNKNOWN STEP	2026-09-07T13:33:36.5294440Z   type: 'test'
Typecheck + Tests + Verificaciones	UNKNOWN STEP	2026-09-07T13:33:36.5295039Z   ...
Typecheck + Tests + Verificaciones	UNKNOWN STEP	2026-09-07T13:33:36.5295937Z # Subtest: las ocho que autorizan por su cuenta siguen en el toml
Typecheck + Tests + Verificaciones	UNKNOWN STEP	2026-09-07T13:33:36.5297480Z ok 119 - las ocho que autorizan por su cuenta siguen en el toml
Typecheck + Tests + Verificaciones	UNKNOWN STEP	2026-09-07T13:33:36.5298512Z   ---
Typecheck + Tests + Verificaciones	UNKNOWN STEP	2026-09-07T13:33:36.5299191Z   duration_ms: 0.868399
Typecheck + Tests + Verificaciones	UNKNOWN STEP	2026-09-07T13:33:36.5299988Z   type: 'test'
Typecheck + Tests + Verificaciones	UNKNOWN STEP	2026-09-07T13:33:36.5300755Z   ...
Typecheck + Tests + Verificaciones	UNKNOWN STEP	2026-09-07T13:33:36.5301673Z # Subtest: el vigilante se declara con nombre y ambito
Typecheck + Tests + Verificaciones	UNKNOWN STEP	2026-09-07T13:33:36.5302849Z ok 120 - el vigilante se declara con nombre y ambito
Typecheck + Tests + Verificaciones	UNKNOWN STEP	2026-09-07T13:33:36.5326686Z   ---
Typecheck + Tests + Verificaciones	UNKNOWN STEP	2026-09-07T13:33:36.5356945Z   duration_ms: 0.247382
Typecheck + Tests + Verificaciones	UNKNOWN STEP	2026-09-07T13:33:36.5372433Z   type: 'test'
Typecheck + Tests + Verificaciones	UNKNOWN STEP	2026-09-07T13:33:36.5375535Z   ...
Typecheck + Tests + Verificaciones	UNKNOWN STEP	2026-09-07T13:33:36.5377166Z # Subtest: regresion: delegar el 401 en un ayudante compartido sigue siendo autorizar
Typecheck + Tests + Verificaciones	UNKNOWN STEP	2026-09-07T13:33:36.5378854Z ok 121 - regresion: delegar el 401 en un ayudante compartido sigue siendo autorizar
Typecheck + Tests + Verificaciones	UNKNOWN STEP	2026-09-07T13:33:36.5379977Z   ---
Typecheck + Tests + Verificaciones	UNKNOWN STEP	2026-09-07T13:33:36.5380690Z   duration_ms: 0.256688
Typecheck + Tests + Verificaciones	UNKNOWN STEP	2026-09-07T13:33:36.5381440Z   type: 'test'
Typecheck + Tests + Verificaciones	UNKNOWN STEP	2026-09-07T13:33:36.5382105Z   ...
Typecheck + Tests + Verificaciones	UNKNOWN STEP	2026-09-07T13:33:36.5382858Z # Subtest: el repo esta exactamente en su linea base
Typecheck + Tests + Verificaciones	UNKNOWN STEP	2026-09-07T13:33:36.5383824Z ok 122 - el repo esta exactamente en su linea base
Typecheck + Tests + Verificaciones	UNKNOWN STEP	2026-09-07T13:33:36.5384547Z   ---
Typecheck + Tests + Verificaciones	UNKNOWN STEP	2026-09-07T13:33:36.5385094Z   duration_ms: 2029.079937
Typecheck + Tests + Verificaciones	UNKNOWN STEP	2026-09-07T13:33:36.5385693Z   type: 'test'
Typecheck + Tests + Verificaciones	UNKNOWN STEP	2026-09-07T13:33:36.5386516Z   ...
Typecheck + Tests + Verificaciones	UNKNOWN STEP	2026-09-07T13:33:36.5387377Z # Subtest: sigue viendo los handlers del software
Typecheck + Tests + Verificaciones	UNKNOWN STEP	2026-09-07T13:33:36.5388120Z ok 123 - sigue viendo los handlers del software
Typecheck + Tests + Verificaciones	UNKNOWN STEP	2026-09-07T13:33:36.5388645Z   ---
Typecheck + Tests + Verificaciones	UNKNOWN STEP	2026-09-07T13:33:36.5389013Z   duration_ms: 1214.245489
Typecheck + Tests + Verificaciones	UNKNOWN STEP	2026-09-07T13:33:36.5389418Z   type: 'test'
Typecheck + Tests + Verificaciones	UNKNOWN STEP	2026-09-07T13:33:36.5389771Z   ...
Typecheck + Tests + Verificaciones	UNKNOWN STEP	2026-09-07T13:33:36.5390396Z # Subtest: caza el fuego-y-olvido sobre una funcion que puede rechazar
Typecheck + Tests + Verificaciones	UNKNOWN STEP	2026-09-07T13:33:36.5391380Z ok 124 - caza el fuego-y-olvido sobre una funcion que puede rechazar
Typecheck + Tests + Verificaciones	UNKNOWN STEP	2026-09-07T13:33:36.5392014Z   ---
Typecheck + Tests + Verificaciones	UNKNOWN STEP	2026-09-07T13:33:36.5392817Z   duration_ms: 0.604115
Typecheck + Tests + Verificaciones	UNKNOWN STEP	2026-09-07T13:33:36.5393301Z   type: 'test'
Typecheck + Tests + Verificaciones	UNKNOWN STEP	2026-09-07T13:33:36.5393658Z   ...
Typecheck + Tests + Verificaciones	UNKNOWN STEP	2026-09-07T13:33:36.5394309Z # Subtest: caza el handler async que espera algo sin try/catch
Typecheck + Tests + Verificaciones	UNKNOWN STEP	2026-09-07T13:33:36.5395266Z ok 125 - caza el handler async que espera algo sin try/catch
Typecheck + Tests + Verificaciones	UNKNOWN STEP	2026-09-07T13:33:36.5395892Z   ---
Typecheck + Tests + Verificaciones	UNKNOWN STEP	2026-09-07T13:33:36.5397514Z   duration_ms: 0.299247
Typecheck + Tests + Verificaciones	UNKNOWN STEP	2026-09-07T13:33:36.5397978Z   type: 'test'
Typecheck + Tests + Verificaciones	UNKNOWN STEP	2026-09-07T13:33:36.5398361Z   ...
Typecheck + Tests + Verificaciones	UNKNOWN STEP	2026-09-07T13:33:36.5399032Z # Subtest: caza la consulta a supabase cuyo error no mira nadie
Typecheck + Tests + Verificaciones	UNKNOWN STEP	2026-09-07T13:33:36.5400931Z ok 126 - caza la consulta a supabase cuyo error no mira nadie
Typecheck + Tests + Verificaciones	UNKNOWN STEP	2026-09-07T13:33:36.5401573Z   ---
Typecheck + Tests + Verificaciones	UNKNOWN STEP	2026-09-07T13:33:36.5401970Z   duration_ms: 0.479233
Typecheck + Tests + Verificaciones	UNKNOWN STEP	2026-09-07T13:33:36.5402428Z   type: 'test'
Typecheck + Tests + Verificaciones	UNKNOWN STEP	2026-09-07T13:33:36.5402801Z   ...
Typecheck + Tests + Verificaciones	UNKNOWN STEP	2026-09-07T13:33:36.5403495Z # Subtest: la mira tambien dentro de la funcion local que llama el boton
Typecheck + Tests + Verificaciones	UNKNOWN STEP	2026-09-07T13:33:36.5404496Z ok 127 - la mira tambien dentro de la funcion local que llama el boton
Typecheck + Tests + Verificaciones	UNKNOWN STEP	2026-09-07T13:33:36.5405158Z   ---
Typecheck + Tests + Verificaciones	UNKNOWN STEP	2026-09-07T13:33:36.5405508Z   duration_ms: 0.346475
Typecheck + Tests + Verificaciones	UNKNOWN STEP	2026-09-07T13:33:36.5405933Z   type: 'test'
Typecheck + Tests + Verificaciones	UNKNOWN STEP	2026-09-07T13:33:36.5406600Z   ...
Typecheck + Tests + Verificaciones	UNKNOWN STEP	2026-09-07T13:33:36.5407690Z # Subtest: el hallazgo apunta a la linea del problema, no a la del boton
Typecheck + Tests + Verificaciones	UNKNOWN STEP	2026-09-07T13:33:36.5408707Z ok 128 - el hallazgo apunta a la linea del problema, no a la del boton
Typecheck + Tests + Verificaciones	UNKNOWN STEP	2026-09-07T13:33:36.5409363Z   ---
Typecheck + Tests + Verificaciones	UNKNOWN STEP	2026-09-07T13:33:36.5409718Z   duration_ms: 0.542882
Typecheck + Tests + Verificaciones	UNKNOWN STEP	2026-09-07T13:33:36.5410134Z   type: 'test'
Typecheck + Tests + Verificaciones	UNKNOWN STEP	2026-09-07T13:33:36.5410482Z   ...
Typecheck + Tests + Verificaciones	UNKNOWN STEP	2026-09-07T13:33:36.5411219Z # Subtest: una funcion que se guarda a si misma puede llamarse a fuego y olvido
Typecheck + Tests + Verificaciones	UNKNOWN STEP	2026-09-07T13:33:36.5412330Z ok 129 - una funcion que se guarda a si misma puede llamarse a fuego y olvido
Typecheck + Tests + Verificaciones	UNKNOWN STEP	2026-09-07T13:33:36.5413019Z   ---
Typecheck + Tests + Verificaciones	UNKNOWN STEP	2026-09-07T13:33:36.5413376Z   duration_ms: 0.342088
Typecheck + Tests + Verificaciones	UNKNOWN STEP	2026-09-07T13:33:36.5413782Z   type: 'test'
Typecheck + Tests + Verificaciones	UNKNOWN STEP	2026-09-07T13:33:36.5414134Z   ...
Typecheck + Tests + Verificaciones	UNKNOWN STEP	2026-09-07T13:33:36.5414594Z # Subtest: un .catch() encadenado basta
Typecheck + Tests + Verificaciones	UNKNOWN STEP	2026-09-07T13:33:36.5415222Z ok 130 - un .catch() encadenado basta
Typecheck + Tests + Verificaciones	UNKNOWN STEP	2026-09-07T13:33:36.5415696Z   ---
Typecheck + Tests + Verificaciones	UNKNOWN STEP	2026-09-07T13:33:36.5416282Z   duration_ms: 0.656855
Typecheck + Tests + Verificaciones	UNKNOWN STEP	2026-09-07T13:33:36.5416685Z   type: 'test'
Typecheck + Tests + Verificaciones	UNKNOWN STEP	2026-09-07T13:33:36.5417319Z   ...
Typecheck + Tests + Verificaciones	UNKNOWN STEP	2026-09-07T13:33:36.5418019Z # Subtest: mirar el error de supabase es exactamente lo que hay que hacer
Typecheck + Tests + Verificaciones	UNKNOWN STEP	2026-09-07T13:33:36.5419037Z ok 131 - mirar el error de supabase es exactamente lo que hay que hacer
Typecheck + Tests + Verificaciones	UNKNOWN STEP	2026-09-07T13:33:36.5419698Z   ---
Typecheck + Tests + Verificaciones	UNKNOWN STEP	2026-09-07T13:33:36.5420044Z   duration_ms: 0.722576
Typecheck + Tests + Verificaciones	UNKNOWN STEP	2026-09-07T13:33:36.5420452Z   type: 'test'
Typecheck + Tests + Verificaciones	UNKNOWN STEP	2026-09-07T13:33:36.5420799Z   ...
Typecheck + Tests + Verificaciones	UNKNOWN STEP	2026-09-07T13:33:36.5421701Z # Subtest: regresion: supabase no rechaza, asi que esperarla no vuelve peligrosa a quien la llama
Typecheck + Tests + Verificaciones	UNKNOWN STEP	2026-09-07T13:33:36.5423088Z ok 132 - regresion: supabase no rechaza, asi que esperarla no vuelve peligrosa a quien la llama
Typecheck + Tests + Verificaciones	UNKNOWN STEP	2026-09-07T13:33:36.5423923Z   ---
Typecheck + Tests + Verificaciones	UNKNOWN STEP	2026-09-07T13:33:36.5424275Z   duration_ms: 0.537611
Typecheck + Tests + Verificaciones	UNKNOWN STEP	2026-09-07T13:33:36.5424667Z   type: 'test'
Typecheck + Tests + Verificaciones	UNKNOWN STEP	2026-09-07T13:33:36.5425011Z   ...
Typecheck + Tests + Verificaciones	UNKNOWN STEP	2026-09-07T13:33:36.5425666Z # Subtest: el barrido llega al handler y a lo que llama, no mas hondo
Typecheck + Tests + Verificaciones	UNKNOWN STEP	2026-09-07T13:33:36.5437089Z ok 133 - el barrido llega al handler y a lo que llama, no mas hondo
Typecheck + Tests + Verificaciones	UNKNOWN STEP	2026-09-07T13:33:36.5437823Z   ---
Typecheck + Tests + Verificaciones	UNKNOWN STEP	2026-09-07T13:33:36.5438284Z   duration_ms: 0.498158
Typecheck + Tests + Verificaciones	UNKNOWN STEP	2026-09-07T13:33:36.5438776Z   type: 'test'
Typecheck + Tests + Verificaciones	UNKNOWN STEP	2026-09-07T13:33:36.5439197Z   ...
Typecheck + Tests + Verificaciones	UNKNOWN STEP	2026-09-07T13:33:36.5439934Z # Subtest: regresion: useCallback tambien declara una funcion local
Typecheck + Tests + Verificaciones	UNKNOWN STEP	2026-09-07T13:33:36.5441087Z ok 134 - regresion: useCallback tambien declara una funcion local
Typecheck + Tests + Verificaciones	UNKNOWN STEP	2026-09-07T13:33:36.5441828Z   ---
Typecheck + Tests + Verificaciones	UNKNOWN STEP	2026-09-07T13:33:36.5442253Z   duration_ms: 0.413491
Typecheck + Tests + Verificaciones	UNKNOWN STEP	2026-09-07T13:33:36.5442740Z   type: 'test'
Typecheck + Tests + Verificaciones	UNKNOWN STEP	2026-09-07T13:33:36.5443202Z   ...
Typecheck + Tests + Verificaciones	UNKNOWN STEP	2026-09-07T13:33:36.5443864Z # Subtest: un handler sincrono y corriente no es un hallazgo
Typecheck + Tests + Verificaciones	UNKNOWN STEP	2026-09-07T13:33:36.5445124Z ok 135 - un handler sincrono y corriente no es un hallazgo
Typecheck + Tests + Verificaciones	UNKNOWN STEP	2026-09-07T13:33:36.5445750Z   ---
Typecheck + Tests + Verificaciones	UNKNOWN STEP	2026-09-07T13:33:36.5447006Z   duration_ms: 0.238966
Typecheck + Tests + Verificaciones	UNKNOWN STEP	2026-09-07T13:33:36.5447504Z   type: 'test'
Typecheck + Tests + Verificaciones	UNKNOWN STEP	2026-09-07T13:33:36.5447905Z   ...
Typecheck + Tests + Verificaciones	UNKNOWN STEP	2026-09-07T13:33:36.5448865Z # Subtest: la recursion mutua no cuelga ni inventa hallazgos
Typecheck + Tests + Verificaciones	UNKNOWN STEP	2026-09-07T13:33:36.5449882Z ok 136 - la recursion mutua no cuelga ni inventa hallazgos
Typecheck + Tests + Verificaciones	UNKNOWN STEP	2026-09-07T13:33:36.5450530Z   ---
Typecheck + Tests + Verificaciones	UNKNOWN STEP	2026-09-07T13:33:36.5450946Z   duration_ms: 0.277578
Typecheck + Tests + Verificaciones	UNKNOWN STEP	2026-09-07T13:33:36.5451393Z   type: 'test'
Typecheck + Tests + Verificaciones	UNKNOWN STEP	2026-09-07T13:33:36.5451799Z   ...
Typecheck + Tests + Verificaciones	UNKNOWN STEP	2026-09-07T13:33:36.5452552Z # Subtest: solo grita cuando sube, y pide bajar la base cuando baja
Typecheck + Tests + Verificaciones	UNKNOWN STEP	2026-09-07T13:33:36.5453606Z ok 137 - solo grita cuando sube, y pide bajar la base cuando baja
Typecheck + Tests + Verificaciones	UNKNOWN STEP	2026-09-07T13:33:36.5454324Z   ---
Typecheck + Tests + Verificaciones	UNKNOWN STEP	2026-09-07T13:33:36.5454743Z   duration_ms: 0.458264
Typecheck + Tests + Verificaciones	UNKNOWN STEP	2026-09-07T13:33:36.5455445Z   type: 'test'
Typecheck + Tests + Verificaciones	UNKNOWN STEP	2026-09-07T13:33:36.5455836Z   ...
Typecheck + Tests + Verificaciones	UNKNOWN STEP	2026-09-07T13:33:36.5456923Z # Subtest: un fichero nuevo con deuda tambien cuenta, aunque el total no se mueva
Typecheck + Tests + Verificaciones	UNKNOWN STEP	2026-09-07T13:33:36.5458177Z ok 138 - un fichero nuevo con deuda tambien cuenta, aunque el total no se mueva
Typecheck + Tests + Verificaciones	UNKNOWN STEP	2026-09-07T13:33:36.5458977Z   ---
Typecheck + Tests + Verificaciones	UNKNOWN STEP	2026-09-07T13:33:36.5459389Z   duration_ms: 0.248704
Typecheck + Tests + Verificaciones	UNKNOWN STEP	2026-09-07T13:33:36.5459873Z   type: 'test'
Typecheck + Tests + Verificaciones	UNKNOWN STEP	2026-09-07T13:33:36.5460282Z   ...
Typecheck + Tests + Verificaciones	UNKNOWN STEP	2026-09-07T13:33:36.5460944Z # Subtest: los tres tipos estan declarados y con etiqueta
Typecheck + Tests + Verificaciones	UNKNOWN STEP	2026-09-07T13:33:36.5461841Z ok 139 - los tres tipos estan declarados y con etiqueta
Typecheck + Tests + Verificaciones	UNKNOWN STEP	2026-09-07T13:33:36.5462900Z   ---
Typecheck + Tests + Verificaciones	UNKNOWN STEP	2026-09-07T13:33:36.5463331Z   duration_ms: 0.168394
Typecheck + Tests + Verificaciones	UNKNOWN STEP	2026-09-07T13:33:36.5463803Z   type: 'test'
Typecheck + Tests + Verificaciones	UNKNOWN STEP	2026-09-07T13:33:36.5464188Z   ...
Typecheck + Tests + Verificaciones	UNKNOWN STEP	2026-09-07T13:33:36.5464614Z # Subtest: fugas-listeners
Typecheck + Tests + Verificaciones	UNKNOWN STEP	2026-09-07T13:33:36.5465559Z     # Subtest: se declara con nombre y ámbito codigo
Typecheck + Tests + Verificaciones	UNKNOWN STEP	2026-09-07T13:33:36.5466718Z     ok 1 - se declara con nombre y ámbito codigo
Typecheck + Tests + Verificaciones	UNKNOWN STEP	2026-09-07T13:33:36.5467328Z       ---
Typecheck + Tests + Verificaciones	UNKNOWN STEP	2026-09-07T13:33:36.5467758Z       duration_ms: 2.531411
Typecheck + Tests + Verificaciones	UNKNOWN STEP	2026-09-07T13:33:36.5468240Z       type: 'test'
Typecheck + Tests + Verificaciones	UNKNOWN STEP	2026-09-07T13:33:36.5468667Z       ...
Typecheck + Tests + Verificaciones	UNKNOWN STEP	2026-09-07T13:33:36.5469331Z     # Subtest: detecta un setInterval sin clearInterval en el cleanup
Typecheck + Tests + Verificaciones	UNKNOWN STEP	2026-09-07T13:33:36.5470278Z     ok 2 - detecta un setInterval sin clearInterval en el cleanup
Typecheck + Tests + Verificaciones	UNKNOWN STEP	2026-09-07T13:33:36.5470952Z       ---
Typecheck + Tests + Verificaciones	UNKNOWN STEP	2026-09-07T13:33:36.5471396Z       duration_ms: 1.049206
Typecheck + Tests + Verificaciones	UNKNOWN STEP	2026-09-07T13:33:36.5471879Z       type: 'test'
Typecheck + Tests + Verificaciones	UNKNOWN STEP	2026-09-07T13:33:36.5472295Z       ...
Typecheck + Tests + Verificaciones	UNKNOWN STEP	2026-09-07T13:33:36.5473149Z     # Subtest: detecta suscripción a supabase.channel sin cleanup
Typecheck + Tests + Verificaciones	UNKNOWN STEP	2026-09-07T13:33:36.5474240Z     ok 3 - detecta suscripción a supabase.channel sin cleanup
Typecheck + Tests + Verificaciones	UNKNOWN STEP	2026-09-07T13:33:36.5474960Z       ---
Typecheck + Tests + Verificaciones	UNKNOWN STEP	2026-09-07T13:33:36.5475373Z       duration_ms: 0.506925
Typecheck + Tests + Verificaciones	UNKNOWN STEP	2026-09-07T13:33:36.5475885Z       type: 'test'
Typecheck + Tests + Verificaciones	UNKNOWN STEP	2026-09-07T13:33:36.5477130Z       ...
Typecheck + Tests + Verificaciones	UNKNOWN STEP	2026-09-07T13:33:36.5477770Z     # Subtest: un useEffect con cleanup adecuado pasa sin avisos
Typecheck + Tests + Verificaciones	UNKNOWN STEP	2026-09-07T13:33:36.5478670Z     ok 4 - un useEffect con cleanup adecuado pasa sin avisos
Typecheck + Tests + Verificaciones	UNKNOWN STEP	2026-09-07T13:33:36.5479345Z       ---
Typecheck + Tests + Verificaciones	UNKNOWN STEP	2026-09-07T13:33:36.5479772Z       duration_ms: 0.23624
Typecheck + Tests + Verificaciones	UNKNOWN STEP	2026-09-07T13:33:36.5480249Z       type: 'test'
Typecheck + Tests + Verificaciones	UNKNOWN STEP	2026-09-07T13:33:36.5480675Z       ...
Typecheck + Tests + Verificaciones	UNKNOWN STEP	2026-09-07T13:33:36.5481038Z     1..4
Typecheck + Tests + Verificaciones	UNKNOWN STEP	2026-09-07T13:33:36.5481469Z ok 140 - fugas-listeners
Typecheck + Tests + Verificaciones	UNKNOWN STEP	2026-09-07T13:33:36.5481921Z   ---
Typecheck + Tests + Verificaciones	UNKNOWN STEP	2026-09-07T13:33:36.5482327Z   duration_ms: 5.990399
Typecheck + Tests + Verificaciones	UNKNOWN STEP	2026-09-07T13:33:36.5482780Z   type: 'suite'
Typecheck + Tests + Verificaciones	UNKNOWN STEP	2026-09-07T13:33:36.5483178Z   ...
Typecheck + Tests + Verificaciones	UNKNOWN STEP	2026-09-07T13:33:36.5483591Z # Subtest: guardrail-ia
Typecheck + Tests + Verificaciones	UNKNOWN STEP	2026-09-07T13:33:36.5484353Z     # Subtest: se declara con nombre y ámbito seguridad
Typecheck + Tests + Verificaciones	UNKNOWN STEP	2026-09-07T13:33:36.5485215Z     ok 1 - se declara con nombre y ámbito seguridad
Typecheck + Tests + Verificaciones	UNKNOWN STEP	2026-09-07T13:33:36.5485818Z       ---
Typecheck + Tests + Verificaciones	UNKNOWN STEP	2026-09-07T13:33:36.5486491Z       duration_ms: 3.06753
Typecheck + Tests + Verificaciones	UNKNOWN STEP	2026-09-07T13:33:36.5486950Z       type: 'test'
Typecheck + Tests + Verificaciones	UNKNOWN STEP	2026-09-07T13:33:36.5487364Z       ...
Typecheck + Tests + Verificaciones	UNKNOWN STEP	2026-09-07T13:33:36.5488117Z     # Subtest: detecta una alucinación de archivo inexistente
Typecheck + Tests + Verificaciones	UNKNOWN STEP	2026-09-07T13:33:36.5489068Z     ok 2 - detecta una alucinación de archivo inexistente
Typecheck + Tests + Verificaciones	UNKNOWN STEP	2026-09-07T13:33:36.5489702Z       ---
Typecheck + Tests + Verificaciones	UNKNOWN STEP	2026-09-07T13:33:36.5490110Z       duration_ms: 0.960201
Typecheck + Tests + Verificaciones	UNKNOWN STEP	2026-09-07T13:33:36.5490560Z       type: 'test'
Typecheck + Tests + Verificaciones	UNKNOWN STEP	2026-09-07T13:33:36.5490965Z       ...
Typecheck + Tests + Verificaciones	UNKNOWN STEP	2026-09-07T13:33:36.5491713Z     # Subtest: detecta líneas fuera de rango en archivos reales
Typecheck + Tests + Verificaciones	UNKNOWN STEP	2026-09-07T13:33:36.5493239Z     ok 3 - detecta líneas fuera de rango en archivos reales
Typecheck + Tests + Verificaciones	UNKNOWN STEP	2026-09-07T13:33:36.5493976Z       ---
Typecheck + Tests + Verificaciones	UNKNOWN STEP	2026-09-07T13:33:36.5494387Z       duration_ms: 0.654089
Typecheck + Tests + Verificaciones	UNKNOWN STEP	2026-09-07T13:33:36.5494887Z       type: 'test'
Typecheck + Tests + Verificaciones	UNKNOWN STEP	2026-09-07T13:33:36.5495306Z       ...
Typecheck + Tests + Verificaciones	UNKNOWN STEP	2026-09-07T13:33:36.5496568Z     # Subtest: bloquea diagnósticos que contengan posibles claves o tokens secretos
Typecheck + Tests + Verificaciones	UNKNOWN STEP	2026-09-07T13:33:36.5497869Z     ok 4 - bloquea diagnósticos que contengan posibles claves o tokens secretos
Typecheck + Tests + Verificaciones	UNKNOWN STEP	2026-09-07T13:33:36.5498701Z       ---
Typecheck + Tests + Verificaciones	UNKNOWN STEP	2026-09-07T13:33:36.5499121Z       duration_ms: 0.329053
Typecheck + Tests + Verificaciones	UNKNOWN STEP	2026-09-07T13:33:36.5499610Z       type: 'test'
Typecheck + Tests + Verificaciones	UNKNOWN STEP	2026-09-07T13:33:36.5500011Z       ...
Typecheck + Tests + Verificaciones	UNKNOWN STEP	2026-09-07T13:33:36.5500784Z     # Subtest: acepta diagnósticos válidos con archivos existentes
Typecheck + Tests + Verificaciones	UNKNOWN STEP	2026-09-07T13:33:36.5501816Z     ok 5 - acepta diagnósticos válidos con archivos existentes
Typecheck + Tests + Verificaciones	UNKNOWN STEP	2026-09-07T13:33:36.5502513Z       ---
Typecheck + Tests + Verificaciones	UNKNOWN STEP	2026-09-07T13:33:36.5502939Z       duration_ms: 0.415154
Typecheck + Tests + Verificaciones	UNKNOWN STEP	2026-09-07T13:33:36.5503432Z       type: 'test'
Typecheck + Tests + Verificaciones	UNKNOWN STEP	2026-09-07T13:33:36.5503849Z       ...
Typecheck + Tests + Verificaciones	UNKNOWN STEP	2026-09-07T13:33:36.5504220Z     1..5
Typecheck + Tests + Verificaciones	UNKNOWN STEP	2026-09-07T13:33:36.5504665Z ok 141 - guardrail-ia
Typecheck + Tests + Verificaciones	UNKNOWN STEP	2026-09-07T13:33:36.5505107Z   ---
Typecheck + Tests + Verificaciones	UNKNOWN STEP	2026-09-07T13:33:36.5505499Z   duration_ms: 7.293349
Typecheck + Tests + Verificaciones	UNKNOWN STEP	2026-09-07T13:33:36.5506670Z   type: 'suite'
Typecheck + Tests + Verificaciones	UNKNOWN STEP	2026-09-07T13:33:36.5507060Z   ...
Typecheck + Tests + Verificaciones	UNKNOWN STEP	2026-09-07T13:33:36.5507906Z # Subtest: caza la copia sin convertir de negocio_horarios a horarios_profesional
Typecheck + Tests + Verificaciones	UNKNOWN STEP	2026-09-07T13:33:36.5509162Z ok 142 - caza la copia sin convertir de negocio_horarios a horarios_profesional
Typecheck + Tests + Verificaciones	UNKNOWN STEP	2026-09-07T13:33:36.5509976Z   ---
Typecheck + Tests + Verificaciones	UNKNOWN STEP	2026-09-07T13:33:36.5510389Z   duration_ms: 3.862743
Typecheck + Tests + Verificaciones	UNKNOWN STEP	2026-09-07T13:33:36.5510865Z   type: 'test'
Typecheck + Tests + Verificaciones	UNKNOWN STEP	2026-09-07T13:33:36.5511279Z   ...
Typecheck + Tests + Verificaciones	UNKNOWN STEP	2026-09-07T13:33:36.5511810Z # Subtest: con la conversion puesta, no
Typecheck + Tests + Verificaciones	UNKNOWN STEP	2026-09-07T13:33:36.5512518Z ok 143 - con la conversion puesta, no
Typecheck + Tests + Verificaciones	UNKNOWN STEP	2026-09-07T13:33:36.5513062Z   ---
Typecheck + Tests + Verificaciones	UNKNOWN STEP	2026-09-07T13:33:36.5513503Z   duration_ms: 1.261592
Typecheck + Tests + Verificaciones	UNKNOWN STEP	2026-09-07T13:33:36.5513971Z   type: 'test'
Typecheck + Tests + Verificaciones	UNKNOWN STEP	2026-09-07T13:33:36.5514365Z   ...
Typecheck + Tests + Verificaciones	UNKNOWN STEP	2026-09-07T13:33:36.5514900Z # Subtest: tambien en el sentido contrario
Typecheck + Tests + Verificaciones	UNKNOWN STEP	2026-09-07T13:33:36.5515623Z ok 144 - tambien en el sentido contrario
Typecheck + Tests + Verificaciones	UNKNOWN STEP	2026-09-07T13:33:36.5516494Z   ---
Typecheck + Tests + Verificaciones	UNKNOWN STEP	2026-09-07T13:33:36.5516913Z   duration_ms: 0.310529
Typecheck + Tests + Verificaciones	UNKNOWN STEP	2026-09-07T13:33:36.5517372Z   type: 'test'
Typecheck + Tests + Verificaciones	UNKNOWN STEP	2026-09-07T13:33:36.5517770Z   ...
Typecheck + Tests + Verificaciones	UNKNOWN STEP	2026-09-07T13:33:36.5518503Z # Subtest: un insert que no lee de la otra tabla no es una copia
Typecheck + Tests + Verificaciones	UNKNOWN STEP	2026-09-07T13:33:36.5519509Z ok 145 - un insert que no lee de la otra tabla no es una copia
Typecheck + Tests + Verificaciones	UNKNOWN STEP	2026-09-07T13:33:36.5520205Z   ---
Typecheck + Tests + Verificaciones	UNKNOWN STEP	2026-09-07T13:33:36.5520622Z   duration_ms: 0.21947
Typecheck + Tests + Verificaciones	UNKNOWN STEP	2026-09-07T13:33:36.5521070Z   type: 'test'
Typecheck + Tests + Verificaciones	UNKNOWN STEP	2026-09-07T13:33:36.5521476Z   ...
Typecheck + Tests + Verificaciones	UNKNOWN STEP	2026-09-07T13:33:36.5522077Z # Subtest: leer las dos tablas sin insertar tampoco
Typecheck + Tests + Verificaciones	UNKNOWN STEP	2026-09-07T13:33:36.5522938Z ok 146 - leer las dos tablas sin insertar tampoco
Typecheck + Tests + Verificaciones	UNKNOWN STEP	2026-09-07T13:33:36.5523559Z   ---
Typecheck + Tests + Verificaciones	UNKNOWN STEP	2026-09-07T13:33:36.5523970Z   duration_ms: 0.229779
Typecheck + Tests + Verificaciones	UNKNOWN STEP	2026-09-07T13:33:36.5524435Z   type: 'test'
Typecheck + Tests + Verificaciones	UNKNOWN STEP	2026-09-07T13:33:36.5524845Z   ...
Typecheck + Tests + Verificaciones	UNKNOWN STEP	2026-09-07T13:33:36.5525460Z # Subtest: hoy los scripts de siembra convierten bien
Typecheck + Tests + Verificaciones	UNKNOWN STEP	2026-09-07T13:33:36.5526869Z ok 147 - hoy los scripts de siembra convierten bien
Typecheck + Tests + Verificaciones	UNKNOWN STEP	2026-09-07T13:33:36.5527732Z   ---
Typecheck + Tests + Verificaciones	UNKNOWN STEP	2026-09-07T13:33:36.5528156Z   duration_ms: 21.772126
Typecheck + Tests + Verificaciones	UNKNOWN STEP	2026-09-07T13:33:36.5528627Z   type: 'test'
Typecheck + Tests + Verificaciones	UNKNOWN STEP	2026-09-07T13:33:36.5529032Z   ...
Typecheck + Tests + Verificaciones	UNKNOWN STEP	2026-09-07T13:33:36.5529811Z # Subtest: regresion: el seed de la demo sigue convirtiendo (dia + 1) % 7
Typecheck + Tests + Verificaciones	UNKNOWN STEP	2026-09-07T13:33:36.5530978Z ok 148 - regresion: el seed de la demo sigue convirtiendo (dia + 1) % 7
Typecheck + Tests + Verificaciones	UNKNOWN STEP	2026-09-07T13:33:36.5531727Z   ---
Typecheck + Tests + Verificaciones	UNKNOWN STEP	2026-09-07T13:33:36.5532134Z   duration_ms: 0.475828
Typecheck + Tests + Verificaciones	UNKNOWN STEP	2026-09-07T13:33:36.5532586Z   type: 'test'
Typecheck + Tests + Verificaciones	UNKNOWN STEP	2026-09-07T13:33:36.5532969Z   ...
Typecheck + Tests + Verificaciones	UNKNOWN STEP	2026-09-07T13:33:36.5533583Z # Subtest: el vigilante se declara con nombre y ambito
Typecheck + Tests + Verificaciones	UNKNOWN STEP	2026-09-07T13:33:36.5534461Z ok 149 - el vigilante se declara con nombre y ambito
Typecheck + Tests + Verificaciones	UNKNOWN STEP	2026-09-07T13:33:36.5535068Z   ---
Typecheck + Tests + Verificaciones	UNKNOWN STEP	2026-09-07T13:33:36.5535468Z   duration_ms: 0.184804
Typecheck + Tests + Verificaciones	UNKNOWN STEP	2026-09-07T13:33:36.5535923Z   type: 'test'
Typecheck + Tests + Verificaciones	UNKNOWN STEP	2026-09-07T13:33:36.5536596Z   ...
Typecheck + Tests + Verificaciones	UNKNOWN STEP	2026-09-07T13:33:36.5537293Z # Subtest: los dos usan los mismos campos y en el mismo orden
Typecheck + Tests + Verificaciones	UNKNOWN STEP	2026-09-07T13:33:36.5538518Z ok 150 - los dos usan los mismos campos y en el mismo orden
Typecheck + Tests + Verificaciones	UNKNOWN STEP	2026-09-07T13:33:36.5539282Z   ---
Typecheck + Tests + Verificaciones	UNKNOWN STEP	2026-09-07T13:33:36.5539849Z   duration_ms: 4.525018
Typecheck + Tests + Verificaciones	UNKNOWN STEP	2026-09-07T13:33:36.5540543Z   type: 'test'
Typecheck + Tests + Verificaciones	UNKNOWN STEP	2026-09-07T13:33:36.5541350Z   ...
Typecheck + Tests + Verificaciones	UNKNOWN STEP	2026-09-07T13:33:36.5542104Z # Subtest: dan el mismo hash para la misma factura
Typecheck + Tests + Verificaciones	UNKNOWN STEP	2026-09-07T13:33:36.5543217Z ok 151 - dan el mismo hash para la misma factura
Typecheck + Tests + Verificaciones	UNKNOWN STEP	2026-09-07T13:33:36.5621257Z   ---
Typecheck + Tests + Verificaciones	UNKNOWN STEP	2026-09-07T13:33:36.5621806Z   duration_ms: 12.597008
Typecheck + Tests + Verificaciones	UNKNOWN STEP	2026-09-07T13:33:36.5622361Z   type: 'test'
Typecheck + Tests + Verificaciones	UNKNOWN STEP	2026-09-07T13:33:36.5622848Z   ...
Typecheck + Tests + Verificaciones	UNKNOWN STEP	2026-09-07T13:33:36.5623442Z # Subtest: la huella va en MAYUSCULAS en los dos
Typecheck + Tests + Verificaciones	UNKNOWN STEP	2026-09-07T13:33:36.5624238Z ok 152 - la huella va en MAYUSCULAS en los dos
Typecheck + Tests + Verificaciones	UNKNOWN STEP	2026-09-07T13:33:36.5624793Z   ---
Typecheck + Tests + Verificaciones	UNKNOWN STEP	2026-09-07T13:33:36.5625186Z   duration_ms: 0.72957
Typecheck + Tests + Verificaciones	UNKNOWN STEP	2026-09-07T13:33:36.5625613Z   type: 'test'
Typecheck + Tests + Verificaciones	UNKNOWN STEP	2026-09-07T13:33:36.5626269Z   ...
Typecheck + Tests + Verificaciones	UNKNOWN STEP	2026-09-07T13:33:36.5627008Z # Subtest: el primer registro de un emisor encadena con huella vacia
Typecheck + Tests + Verificaciones	UNKNOWN STEP	2026-09-07T13:33:36.5628054Z ok 153 - el primer registro de un emisor encadena con huella vacia
Typecheck + Tests + Verificaciones	UNKNOWN STEP	2026-09-07T13:33:36.5628706Z   ---
Typecheck + Tests + Verificaciones	UNKNOWN STEP	2026-09-07T13:33:36.5629073Z   duration_ms: 0.410185
Typecheck + Tests + Verificaciones	UNKNOWN STEP	2026-09-07T13:33:36.5629508Z   type: 'test'
Typecheck + Tests + Verificaciones	UNKNOWN STEP	2026-09-07T13:33:36.5630211Z   ...
Typecheck + Tests + Verificaciones	UNKNOWN STEP	2026-09-07T13:33:36.5630846Z # Subtest: la cadena SQL va por emisor, no solo por negocio
Typecheck + Tests + Verificaciones	UNKNOWN STEP	2026-09-07T13:33:36.5631690Z ok 154 - la cadena SQL va por emisor, no solo por negocio
Typecheck + Tests + Verificaciones	UNKNOWN STEP	2026-09-07T13:33:36.5632280Z   ---
Typecheck + Tests + Verificaciones	UNKNOWN STEP	2026-09-07T13:33:36.5632670Z   duration_ms: 0.33291
Typecheck + Tests + Verificaciones	UNKNOWN STEP	2026-09-07T13:33:36.5633098Z   type: 'test'
Typecheck + Tests + Verificaciones	UNKNOWN STEP	2026-09-07T13:33:36.5633488Z   ...
Typecheck + Tests + Verificaciones	UNKNOWN STEP	2026-09-07T13:33:36.5634203Z # Subtest: sin NIF valido NUNCA se mete el negocio_id en el hueco del NIF
Typecheck + Tests + Verificaciones	UNKNOWN STEP	2026-09-07T13:33:36.5635292Z ok 155 - sin NIF valido NUNCA se mete el negocio_id en el hueco del NIF
Typecheck + Tests + Verificaciones	UNKNOWN STEP	2026-09-07T13:33:36.5636403Z   ---
Typecheck + Tests + Verificaciones	UNKNOWN STEP	2026-09-07T13:33:36.5636822Z   duration_ms: 2.18318
Typecheck + Tests + Verificaciones	UNKNOWN STEP	2026-09-07T13:33:36.5637283Z   type: 'test'
Typecheck + Tests + Verificaciones	UNKNOWN STEP	2026-09-07T13:33:36.5637687Z   ...
Typecheck + Tests + Verificaciones	UNKNOWN STEP	2026-09-07T13:33:36.5638396Z # Subtest: reconoce el import de una lib de la raiz desde una edge
Typecheck + Tests + Verificaciones	UNKNOWN STEP	2026-09-07T13:33:36.5639401Z ok 156 - reconoce el import de una lib de la raiz desde una edge
Typecheck + Tests + Verificaciones	UNKNOWN STEP	2026-09-07T13:33:36.5640101Z   ---
Typecheck + Tests + Verificaciones	UNKNOWN STEP	2026-09-07T13:33:36.5640527Z   duration_ms: 1.636903
Typecheck + Tests + Verificaciones	UNKNOWN STEP	2026-09-07T13:33:36.5641085Z   type: 'test'
Typecheck + Tests + Verificaciones	UNKNOWN STEP	2026-09-07T13:33:36.5641503Z   ...
Typecheck + Tests + Verificaciones	UNKNOWN STEP	2026-09-07T13:33:36.5642026Z # Subtest: vale con o sin extension
Typecheck + Tests + Verificaciones	UNKNOWN STEP	2026-09-07T13:33:36.5642691Z ok 157 - vale con o sin extension
Typecheck + Tests + Verificaciones	UNKNOWN STEP	2026-09-07T13:33:36.5643197Z   ---
Typecheck + Tests + Verificaciones	UNKNOWN STEP	2026-09-07T13:33:36.5643602Z   duration_ms: 0.389275
Typecheck + Tests + Verificaciones	UNKNOWN STEP	2026-09-07T13:33:36.5644054Z   type: 'test'
Typecheck + Tests + Verificaciones	UNKNOWN STEP	2026-09-07T13:33:36.5644454Z   ...
Typecheck + Tests + Verificaciones	UNKNOWN STEP	2026-09-07T13:33:36.5645190Z # Subtest: regresion: un fichero propio que se llama igual NO cuenta
Typecheck + Tests + Verificaciones	UNKNOWN STEP	2026-09-07T13:33:36.5646581Z ok 158 - regresion: un fichero propio que se llama igual NO cuenta
Typecheck + Tests + Verificaciones	UNKNOWN STEP	2026-09-07T13:33:36.5647302Z   ---
Typecheck + Tests + Verificaciones	UNKNOWN STEP	2026-09-07T13:33:36.5647698Z   duration_ms: 0.254594
Typecheck + Tests + Verificaciones	UNKNOWN STEP	2026-09-07T13:33:36.5648156Z   type: 'test'
Typecheck + Tests + Verificaciones	UNKNOWN STEP	2026-09-07T13:33:36.5648535Z   ...
Typecheck + Tests + Verificaciones	UNKNOWN STEP	2026-09-07T13:33:36.5649184Z # Subtest: es sensible la que materializa horas con setHours
Typecheck + Tests + Verificaciones	UNKNOWN STEP	2026-09-07T13:33:36.5650089Z ok 159 - es sensible la que materializa horas con setHours
Typecheck + Tests + Verificaciones	UNKNOWN STEP	2026-09-07T13:33:36.5650722Z   ---
Typecheck + Tests + Verificaciones	UNKNOWN STEP	2026-09-07T13:33:36.5651104Z   duration_ms: 1.194737
Typecheck + Tests + Verificaciones	UNKNOWN STEP	2026-09-07T13:33:36.5651550Z   type: 'test'
Typecheck + Tests + Verificaciones	UNKNOWN STEP	2026-09-07T13:33:36.5651926Z   ...
Typecheck + Tests + Verificaciones	UNKNOWN STEP	2026-09-07T13:33:36.5652585Z # Subtest: leer componentes locales no basta para ser sensible
Typecheck + Tests + Verificaciones	UNKNOWN STEP	2026-09-07T13:33:36.5653578Z ok 160 - leer componentes locales no basta para ser sensible
Typecheck + Tests + Verificaciones	UNKNOWN STEP	2026-09-07T13:33:36.5654224Z   ---
Typecheck + Tests + Verificaciones	UNKNOWN STEP	2026-09-07T13:33:36.5654641Z   duration_ms: 0.292265
Typecheck + Tests + Verificaciones	UNKNOWN STEP	2026-09-07T13:33:36.5655073Z   type: 'test'
Typecheck + Tests + Verificaciones	UNKNOWN STEP	2026-09-07T13:33:36.5655470Z   ...
Typecheck + Tests + Verificaciones	UNKNOWN STEP	2026-09-07T13:33:36.5656526Z # Subtest: el contagio es transitivo: quien importa a una sensible, lo es
Typecheck + Tests + Verificaciones	UNKNOWN STEP	2026-09-07T13:33:36.5657695Z ok 161 - el contagio es transitivo: quien importa a una sensible, lo es
Typecheck + Tests + Verificaciones	UNKNOWN STEP	2026-09-07T13:33:36.5658400Z   ---
Typecheck + Tests + Verificaciones	UNKNOWN STEP	2026-09-07T13:33:36.5658796Z   duration_ms: 0.393093
Typecheck + Tests + Verificaciones	UNKNOWN STEP	2026-09-07T13:33:36.5659248Z   type: 'test'
Typecheck + Tests + Verificaciones	UNKNOWN STEP	2026-09-07T13:33:36.5659662Z   ...
Typecheck + Tests + Verificaciones	UNKNOWN STEP	2026-09-07T13:33:36.5660294Z # Subtest: una lib que no toca horas no contagia nada
Typecheck + Tests + Verificaciones	UNKNOWN STEP	2026-09-07T13:33:36.5661517Z ok 162 - una lib que no toca horas no contagia nada
Typecheck + Tests + Verificaciones	UNKNOWN STEP	2026-09-07T13:33:36.5662179Z   ---
Typecheck + Tests + Verificaciones	UNKNOWN STEP	2026-09-07T13:33:36.5662599Z   duration_ms: 0.349141
Typecheck + Tests + Verificaciones	UNKNOWN STEP	2026-09-07T13:33:36.5663078Z   type: 'test'
Typecheck + Tests + Verificaciones	UNKNOWN STEP	2026-09-07T13:33:36.5663474Z   ...
Typecheck + Tests + Verificaciones	UNKNOWN STEP	2026-09-07T13:33:36.5664247Z # Subtest: hoy ninguna edge usa horarios de salon sin el reloj del salon
Typecheck + Tests + Verificaciones	UNKNOWN STEP	2026-09-07T13:33:36.5665322Z ok 163 - hoy ninguna edge usa horarios de salon sin el reloj del salon
Typecheck + Tests + Verificaciones	UNKNOWN STEP	2026-09-07T13:33:36.5666297Z   ---
Typecheck + Tests + Verificaciones	UNKNOWN STEP	2026-09-07T13:33:36.5666681Z   duration_ms: 36.645107
Typecheck + Tests + Verificaciones	UNKNOWN STEP	2026-09-07T13:33:36.5667104Z   type: 'test'
Typecheck + Tests + Verificaciones	UNKNOWN STEP	2026-09-07T13:33:36.5667343Z   ...
Typecheck + Tests + Verificaciones	UNKNOWN STEP	2026-09-07T13:33:36.5667745Z # Subtest: organizarAgenda sigue siendo la lib sensible de referencia
Typecheck + Tests + Verificaciones	UNKNOWN STEP	2026-09-07T13:33:36.5668331Z ok 164 - organizarAgenda sigue siendo la lib sensible de referencia
Typecheck + Tests + Verificaciones	UNKNOWN STEP	2026-09-07T13:33:36.5668703Z   ---
Typecheck + Tests + Verificaciones	UNKNOWN STEP	2026-09-07T13:33:36.5668926Z   duration_ms: 14.799544
Typecheck + Tests + Verificaciones	UNKNOWN STEP	2026-09-07T13:33:36.5669175Z   type: 'test'
Typecheck + Tests + Verificaciones	UNKNOWN STEP	2026-09-07T13:33:36.5669385Z   ...
Typecheck + Tests + Verificaciones	UNKNOWN STEP	2026-09-07T13:33:36.5669715Z # Subtest: el vigilante se declara con nombre y ambito
Typecheck + Tests + Verificaciones	UNKNOWN STEP	2026-09-07T13:33:36.5670150Z ok 165 - el vigilante se declara con nombre y ambito
Typecheck + Tests + Verificaciones	UNKNOWN STEP	2026-09-07T13:33:36.5670471Z   ---
Typecheck + Tests + Verificaciones	UNKNOWN STEP	2026-09-07T13:33:36.5670887Z   duration_ms: 0.63809
Typecheck + Tests + Verificaciones	UNKNOWN STEP	2026-09-07T13:33:36.5671129Z   type: 'test'
Typecheck + Tests + Verificaciones	UNKNOWN STEP	2026-09-07T13:33:36.5671337Z   ...
Typecheck + Tests + Verificaciones	UNKNOWN STEP	2026-09-07T13:33:36.5671769Z # Subtest: el runner solo mata el proceso dentro de salir(), nunca en la ruta normal
Typecheck + Tests + Verificaciones	UNKNOWN STEP	2026-09-07T13:33:36.5672406Z ok 166 - el runner solo mata el proceso dentro de salir(), nunca en la ruta normal
Typecheck + Tests + Verificaciones	UNKNOWN STEP	2026-09-07T13:33:36.5672806Z   ---
Typecheck + Tests + Verificaciones	UNKNOWN STEP	2026-09-07T13:33:36.5673022Z   duration_ms: 8.865841
Typecheck + Tests + Verificaciones	UNKNOWN STEP	2026-09-07T13:33:36.5673262Z   type: 'test'
Typecheck + Tests + Verificaciones	UNKNOWN STEP	2026-09-07T13:33:36.5673474Z   ...
Typecheck + Tests + Verificaciones	UNKNOWN STEP	2026-09-07T13:33:36.5673816Z # Subtest: los codigos de salida siguen siendo los de siempre
Typecheck + Tests + Verificaciones	UNKNOWN STEP	2026-09-07T13:33:36.5674304Z ok 167 - los codigos de salida siguen siendo los de siempre
Typecheck + Tests + Verificaciones	UNKNOWN STEP	2026-09-07T13:33:36.5674645Z   ---
Typecheck + Tests + Verificaciones	UNKNOWN STEP	2026-09-07T13:33:36.5674867Z   duration_ms: 815.877483
Typecheck + Tests + Verificaciones	UNKNOWN STEP	2026-09-07T13:33:36.5675115Z   type: 'test'
Typecheck + Tests + Verificaciones	UNKNOWN STEP	2026-09-07T13:33:36.5675323Z   ...
Typecheck + Tests + Verificaciones	UNKNOWN STEP	2026-09-07T13:33:36.5675757Z # Subtest: el guardia convierte una muerte a destiempo en exit 2, no en un verde
Typecheck + Tests + Verificaciones	UNKNOWN STEP	2026-09-07T13:33:36.5677020Z ok 168 - el guardia convierte una muerte a destiempo en exit 2, no en un verde
Typecheck + Tests + Verificaciones	UNKNOWN STEP	2026-09-07T13:33:36.5677461Z   ---
Typecheck + Tests + Verificaciones	UNKNOWN STEP	2026-09-07T13:33:36.5677681Z   duration_ms: 81.202576
Typecheck + Tests + Verificaciones	UNKNOWN STEP	2026-09-07T13:33:36.5677936Z   type: 'test'
Typecheck + Tests + Verificaciones	UNKNOWN STEP	2026-09-07T13:33:36.5678151Z   ...
Typecheck + Tests + Verificaciones	UNKNOWN STEP	2026-09-07T13:33:36.5678528Z # Subtest: el guardia se calla cuando el veredicto ya se ha emitido
Typecheck + Tests + Verificaciones	UNKNOWN STEP	2026-09-07T13:33:36.5679052Z ok 169 - el guardia se calla cuando el veredicto ya se ha emitido
Typecheck + Tests + Verificaciones	UNKNOWN STEP	2026-09-07T13:33:36.5679407Z   ---
Typecheck + Tests + Verificaciones	UNKNOWN STEP	2026-09-07T13:33:36.5679624Z   duration_ms: 37.08671
Typecheck + Tests + Verificaciones	UNKNOWN STEP	2026-09-07T13:33:36.5679862Z   type: 'test'
Typecheck + Tests + Verificaciones	UNKNOWN STEP	2026-09-07T13:33:36.5680078Z   ...
Typecheck + Tests + Verificaciones	UNKNOWN STEP	2026-09-07T13:33:36.5680506Z # Subtest: un vigilante que se suicida al importarlo se caza y NO tumba el recorrido
Typecheck + Tests + Verificaciones	UNKNOWN STEP	2026-09-07T13:33:36.5681158Z ok 170 - un vigilante que se suicida al importarlo se caza y NO tumba el recorrido
Typecheck + Tests + Verificaciones	UNKNOWN STEP	2026-09-07T13:33:36.5681560Z   ---
Typecheck + Tests + Verificaciones	UNKNOWN STEP	2026-09-07T13:33:36.5681782Z   duration_ms: 9832.45386
Typecheck + Tests + Verificaciones	UNKNOWN STEP	2026-09-07T13:33:36.5682028Z   type: 'test'
Typecheck + Tests + Verificaciones	UNKNOWN STEP	2026-09-07T13:33:36.5682242Z   ...
Typecheck + Tests + Verificaciones	UNKNOWN STEP	2026-09-07T13:33:36.5682620Z # Subtest: lee las columnas de dinero de cobros y sabe cual admite null
Typecheck + Tests + Verificaciones	UNKNOWN STEP	2026-09-07T13:33:36.5683180Z ok 171 - lee las columnas de dinero de cobros y sabe cual admite null
Typecheck + Tests + Verificaciones	UNKNOWN STEP	2026-09-07T13:33:36.5683561Z   ---
Typecheck + Tests + Verificaciones	UNKNOWN STEP	2026-09-07T13:33:36.5683771Z   duration_ms: 3.917351
Typecheck + Tests + Verificaciones	UNKNOWN STEP	2026-09-07T13:33:36.5684019Z   type: 'test'
Typecheck + Tests + Verificaciones	UNKNOWN STEP	2026-09-07T13:33:36.5684227Z   ...
Typecheck + Tests + Verificaciones	UNKNOWN STEP	2026-09-07T13:33:36.5684623Z # Subtest: si el bloque Row de cobros no aparece, FALLA en vez de callarse
Typecheck + Tests + Verificaciones	UNKNOWN STEP	2026-09-07T13:33:36.5685193Z ok 172 - si el bloque Row de cobros no aparece, FALLA en vez de callarse
Typecheck + Tests + Verificaciones	UNKNOWN STEP	2026-09-07T13:33:36.5685572Z   ---
Typecheck + Tests + Verificaciones	UNKNOWN STEP	2026-09-07T13:33:36.5685790Z   duration_ms: 0.665701
Typecheck + Tests + Verificaciones	UNKNOWN STEP	2026-09-07T13:33:36.5690766Z   type: 'test'
Typecheck + Tests + Verificaciones	UNKNOWN STEP	2026-09-07T13:33:36.5691177Z   ...
Typecheck + Tests + Verificaciones	UNKNOWN STEP	2026-09-07T13:33:36.5692044Z # Subtest: recorta el cuerpo entre dollar-quotes y no se lleva otra funcion del fichero
Typecheck + Tests + Verificaciones	UNKNOWN STEP	2026-09-07T13:33:36.5693685Z ok 173 - recorta el cuerpo entre dollar-quotes y no se lleva otra funcion del fichero
Typecheck + Tests + Verificaciones	UNKNOWN STEP	2026-09-07T13:33:36.5694530Z   ---
Typecheck + Tests + Verificaciones	UNKNOWN STEP	2026-09-07T13:33:36.5694935Z   duration_ms: 0.738125
Typecheck + Tests + Verificaciones	UNKNOWN STEP	2026-09-07T13:33:36.5695392Z   type: 'test'
Typecheck + Tests + Verificaciones	UNKNOWN STEP	2026-09-07T13:33:36.5695774Z   ...
Typecheck + Tests + Verificaciones	UNKNOWN STEP	2026-09-07T13:33:36.5696811Z # Subtest: si el fichero no define el guarda, devuelve null
Typecheck + Tests + Verificaciones	UNKNOWN STEP	2026-09-07T13:33:36.5697754Z ok 174 - si el fichero no define el guarda, devuelve null
Typecheck + Tests + Verificaciones	UNKNOWN STEP	2026-09-07T13:33:36.5698392Z   ---
Typecheck + Tests + Verificaciones	UNKNOWN STEP	2026-09-07T13:33:36.5698777Z   duration_ms: 0.308886
Typecheck + Tests + Verificaciones	UNKNOWN STEP	2026-09-07T13:33:36.5699228Z   type: 'test'
Typecheck + Tests + Verificaciones	UNKNOWN STEP	2026-09-07T13:33:36.5699614Z   ...
Typecheck + Tests + Verificaciones	UNKNOWN STEP	2026-09-07T13:33:36.5700332Z # Subtest: la columna de dinero que el guarda no nombra es bloqueante
Typecheck + Tests + Verificaciones	UNKNOWN STEP	2026-09-07T13:33:36.5701353Z ok 175 - la columna de dinero que el guarda no nombra es bloqueante
Typecheck + Tests + Verificaciones	UNKNOWN STEP	2026-09-07T13:33:36.5702031Z   ---
Typecheck + Tests + Verificaciones	UNKNOWN STEP	2026-09-07T13:33:36.5702410Z   duration_ms: 0.482228
Typecheck + Tests + Verificaciones	UNKNOWN STEP	2026-09-07T13:33:36.5702855Z   type: 'test'
Typecheck + Tests + Verificaciones	UNKNOWN STEP	2026-09-07T13:33:36.5703253Z   ...
Typecheck + Tests + Verificaciones	UNKNOWN STEP	2026-09-07T13:33:36.5704103Z # Subtest: una columna nullable comparada con <> es el mismo agujero, mas escondido
Typecheck + Tests + Verificaciones	UNKNOWN STEP	2026-09-07T13:33:36.5705411Z ok 176 - una columna nullable comparada con <> es el mismo agujero, mas escondido
Typecheck + Tests + Verificaciones	UNKNOWN STEP	2026-09-07T13:33:36.5706753Z   ---
Typecheck + Tests + Verificaciones	UNKNOWN STEP	2026-09-07T13:33:36.5707150Z   duration_ms: 0.358869
Typecheck + Tests + Verificaciones	UNKNOWN STEP	2026-09-07T13:33:36.5707605Z   type: 'test'
Typecheck + Tests + Verificaciones	UNKNOWN STEP	2026-09-07T13:33:36.5707982Z   ...
Typecheck + Tests + Verificaciones	UNKNOWN STEP	2026-09-07T13:33:36.5708776Z # Subtest: el repo tiene una definicion vigente del guarda y menciona la ley
Typecheck + Tests + Verificaciones	UNKNOWN STEP	2026-09-07T13:33:36.5709909Z ok 177 - el repo tiene una definicion vigente del guarda y menciona la ley
Typecheck + Tests + Verificaciones	UNKNOWN STEP	2026-09-07T13:33:36.5710635Z   ---
Typecheck + Tests + Verificaciones	UNKNOWN STEP	2026-09-07T13:33:36.5711022Z   duration_ms: 13.24296
Typecheck + Tests + Verificaciones	UNKNOWN STEP	2026-09-07T13:33:36.5711464Z   type: 'test'
Typecheck + Tests + Verificaciones	UNKNOWN STEP	2026-09-07T13:33:36.5711839Z   ...
Typecheck + Tests + Verificaciones	UNKNOWN STEP	2026-09-07T13:33:36.5712595Z # Subtest: hoy, contra el repo real, no hay ninguna columna de dinero suelta
Typecheck + Tests + Verificaciones	UNKNOWN STEP	2026-09-07T13:33:36.5713712Z ok 178 - hoy, contra el repo real, no hay ninguna columna de dinero suelta
Typecheck + Tests + Verificaciones	UNKNOWN STEP	2026-09-07T13:33:36.5714423Z   ---
Typecheck + Tests + Verificaciones	UNKNOWN STEP	2026-09-07T13:33:36.5714811Z   duration_ms: 6.840879
Typecheck + Tests + Verificaciones	UNKNOWN STEP	2026-09-07T13:33:36.5715253Z   type: 'test'
Typecheck + Tests + Verificaciones	UNKNOWN STEP	2026-09-07T13:33:36.5715649Z   ...
Typecheck + Tests + Verificaciones	UNKNOWN STEP	2026-09-07T13:33:36.5716741Z # Subtest: CHALLENGER 2: Edge Function orquestador-ia auth guards & method handling
Typecheck + Tests + Verificaciones	UNKNOWN STEP	2026-09-07T13:33:36.5718019Z ok 179 - CHALLENGER 2: Edge Function orquestador-ia auth guards & method handling
Typecheck + Tests + Verificaciones	UNKNOWN STEP	2026-09-07T13:33:36.5718843Z   ---
Typecheck + Tests + Verificaciones	UNKNOWN STEP	2026-09-07T13:33:36.5719274Z   duration_ms: 1.771832
Typecheck + Tests + Verificaciones	UNKNOWN STEP	2026-09-07T13:33:36.5719755Z   type: 'test'
Typecheck + Tests + Verificaciones	UNKNOWN STEP	2026-09-07T13:33:36.5720155Z   ...
Typecheck + Tests + Verificaciones	UNKNOWN STEP	2026-09-07T13:33:36.5721105Z # Subtest: CHALLENGER 2: Edge Function OpenRouter payload parameters & zero-findings bypass
Typecheck + Tests + Verificaciones	UNKNOWN STEP	2026-09-07T13:33:36.5722538Z ok 180 - CHALLENGER 2: Edge Function OpenRouter payload parameters & zero-findings bypass
Typecheck + Tests + Verificaciones	UNKNOWN STEP	2026-09-07T13:33:36.5723425Z   ---
Typecheck + Tests + Verificaciones	UNKNOWN STEP	2026-09-07T13:33:36.5723830Z   duration_ms: 0.453895
Typecheck + Tests + Verificaciones	UNKNOWN STEP	2026-09-07T13:33:36.5724284Z   type: 'test'
Typecheck + Tests + Verificaciones	UNKNOWN STEP	2026-09-07T13:33:36.5724667Z   ...
Typecheck + Tests + Verificaciones	UNKNOWN STEP	2026-09-07T13:33:36.5725547Z # Subtest: CHALLENGER 2: Edge Function resilience on missing API key & OpenRouter errors
Typecheck + Tests + Verificaciones	UNKNOWN STEP	2026-09-07T13:33:36.5727208Z ok 181 - CHALLENGER 2: Edge Function resilience on missing API key & OpenRouter errors
Typecheck + Tests + Verificaciones	UNKNOWN STEP	2026-09-07T13:33:36.5728041Z   ---
Typecheck + Tests + Verificaciones	UNKNOWN STEP	2026-09-07T13:33:36.5728438Z   duration_ms: 0.334574
Typecheck + Tests + Verificaciones	UNKNOWN STEP	2026-09-07T13:33:36.5728885Z   type: 'test'
Typecheck + Tests + Verificaciones	UNKNOWN STEP	2026-09-07T13:33:36.5729291Z   ...
Typecheck + Tests + Verificaciones	UNKNOWN STEP	2026-09-07T13:33:36.5730196Z # Subtest: CHALLENGER 2: OpenRouter JSON extraction oracle (fences, preambles, malformed)
Typecheck + Tests + Verificaciones	UNKNOWN STEP	2026-09-07T13:33:36.5731569Z ok 182 - CHALLENGER 2: OpenRouter JSON extraction oracle (fences, preambles, malformed)
Typecheck + Tests + Verificaciones	UNKNOWN STEP	2026-09-07T13:33:36.5732415Z   ---
Typecheck + Tests + Verificaciones	UNKNOWN STEP	2026-09-07T13:33:36.5732822Z   duration_ms: 1.120008
Typecheck + Tests + Verificaciones	UNKNOWN STEP	2026-09-07T13:33:36.5733278Z   type: 'test'
Typecheck + Tests + Verificaciones	UNKNOWN STEP	2026-09-07T13:33:36.5733664Z   ...
Typecheck + Tests + Verificaciones	UNKNOWN STEP	2026-09-07T13:33:36.5734579Z # Subtest: CHALLENGER 2: PostgreSQL migration schema, constraints, RLS & RPC authorizations
Typecheck + Tests + Verificaciones	UNKNOWN STEP	2026-09-07T13:33:36.5736294Z ok 183 - CHALLENGER 2: PostgreSQL migration schema, constraints, RLS & RPC authorizations
Typecheck + Tests + Verificaciones	UNKNOWN STEP	2026-09-07T13:33:36.5737205Z   ---
Typecheck + Tests + Verificaciones	UNKNOWN STEP	2026-09-07T13:33:36.5737605Z   duration_ms: 0.775425
Typecheck + Tests + Verificaciones	UNKNOWN STEP	2026-09-07T13:33:36.5738043Z   type: 'test'
Typecheck + Tests + Verificaciones	UNKNOWN STEP	2026-09-07T13:33:36.5745584Z   ...
Typecheck + Tests + Verificaciones	UNKNOWN STEP	2026-09-07T13:33:36.5747014Z # Subtest: CHALLENGER 2: web/admin.html DOM structure & rendering components
Typecheck + Tests + Verificaciones	UNKNOWN STEP	2026-09-07T13:33:36.5748268Z ok 184 - CHALLENGER 2: web/admin.html DOM structure & rendering components
Typecheck + Tests + Verificaciones	UNKNOWN STEP	2026-09-07T13:33:36.5749008Z   ---
Typecheck + Tests + Verificaciones	UNKNOWN STEP	2026-09-07T13:33:36.5749395Z   duration_ms: 1.821565
Typecheck + Tests + Verificaciones	UNKNOWN STEP	2026-09-07T13:33:36.5749860Z   type: 'test'
Typecheck + Tests + Verificaciones	UNKNOWN STEP	2026-09-07T13:33:36.5750241Z   ...
Typecheck + Tests + Verificaciones	UNKNOWN STEP	2026-09-07T13:33:36.5751069Z # Subtest: CHALLENGER 2: web/admin.html clipboard copying & state change handlers
Typecheck + Tests + Verificaciones	UNKNOWN STEP	2026-09-07T13:33:36.5752371Z ok 185 - CHALLENGER 2: web/admin.html clipboard copying & state change handlers
Typecheck + Tests + Verificaciones	UNKNOWN STEP	2026-09-07T13:33:36.5753201Z   ---
Typecheck + Tests + Verificaciones	UNKNOWN STEP	2026-09-07T13:33:36.5753632Z   duration_ms: 1.991992
Typecheck + Tests + Verificaciones	UNKNOWN STEP	2026-09-07T13:33:36.5754105Z   type: 'test'
Typecheck + Tests + Verificaciones	UNKNOWN STEP	2026-09-07T13:33:36.5754511Z   ...
Typecheck + Tests + Verificaciones	UNKNOWN STEP	2026-09-07T13:33:36.5755453Z # Subtest: CHALLENGER 2: web/admin.html strict XSS sanitization in AI diagnostics rendering
Typecheck + Tests + Verificaciones	UNKNOWN STEP	2026-09-07T13:33:36.5757163Z ok 186 - CHALLENGER 2: web/admin.html strict XSS sanitization in AI diagnostics rendering
Typecheck + Tests + Verificaciones	UNKNOWN STEP	2026-09-07T13:33:36.5757988Z   ---
Typecheck + Tests + Verificaciones	UNKNOWN STEP	2026-09-07T13:33:36.5758400Z   duration_ms: 2.025906
Typecheck + Tests + Verificaciones	UNKNOWN STEP	2026-09-07T13:33:36.5758837Z   type: 'test'
Typecheck + Tests + Verificaciones	UNKNOWN STEP	2026-09-07T13:33:36.5759221Z   ...
Typecheck + Tests + Verificaciones	UNKNOWN STEP	2026-09-07T13:33:36.5760378Z # Subtest: CHALLENGER 2: compilarEstado produces valid schema snapshot and markdown
Typecheck + Tests + Verificaciones	UNKNOWN STEP	2026-09-07T13:33:36.5761687Z ok 187 - CHALLENGER 2: compilarEstado produces valid schema snapshot and markdown
Typecheck + Tests + Verificaciones	UNKNOWN STEP	2026-09-07T13:33:36.5762483Z   ---
Typecheck + Tests + Verificaciones	UNKNOWN STEP	2026-09-07T13:33:36.5762886Z   duration_ms: 3369.83712
Typecheck + Tests + Verificaciones	UNKNOWN STEP	2026-09-07T13:33:36.5763350Z   type: 'test'
Typecheck + Tests + Verificaciones	UNKNOWN STEP	2026-09-07T13:33:36.5763734Z   ...
Typecheck + Tests + Verificaciones	UNKNOWN STEP	2026-09-07T13:33:36.5764871Z # Subtest: CONTRACT: SQL Migration 20260830200000_vigilancia_diagnosticos_ia.sql adheres to Mecha DB security policy
Typecheck + Tests + Verificaciones	UNKNOWN STEP	2026-09-07T13:33:36.5766961Z ok 188 - CONTRACT: SQL Migration 20260830200000_vigilancia_diagnosticos_ia.sql adheres to Mecha DB security policy
Typecheck + Tests + Verificaciones	UNKNOWN STEP	2026-09-07T13:33:36.5768000Z   ---
Typecheck + Tests + Verificaciones	UNKNOWN STEP	2026-09-07T13:33:36.5768633Z   duration_ms: 1.57248
Typecheck + Tests + Verificaciones	UNKNOWN STEP	2026-09-07T13:33:36.5769093Z   type: 'test'
Typecheck + Tests + Verificaciones	UNKNOWN STEP	2026-09-07T13:33:36.5769495Z   ...
Typecheck + Tests + Verificaciones	UNKNOWN STEP	2026-09-07T13:33:36.5770352Z # Subtest: CONTRACT: Edge function orquestador-ia config and security constraints
Typecheck + Tests + Verificaciones	UNKNOWN STEP	2026-09-07T13:33:36.5771645Z ok 189 - CONTRACT: Edge function orquestador-ia config and security constraints
Typecheck + Tests + Verificaciones	UNKNOWN STEP	2026-09-07T13:33:36.5772477Z   ---
Typecheck + Tests + Verificaciones	UNKNOWN STEP	2026-09-07T13:33:36.5772884Z   duration_ms: 1.955404
Typecheck + Tests + Verificaciones	UNKNOWN STEP	2026-09-07T13:33:36.5773346Z   type: 'test'
Typecheck + Tests + Verificaciones	UNKNOWN STEP	2026-09-07T13:33:36.5773750Z   ...
Typecheck + Tests + Verificaciones	UNKNOWN STEP	2026-09-07T13:33:36.5774691Z # Subtest: CONTRACT: Admin UI (admin.html) escapes dynamic AI diagnostic inputs preventing XSS
Typecheck + Tests + Verificaciones	UNKNOWN STEP	2026-09-07T13:33:36.5776406Z ok 190 - CONTRACT: Admin UI (admin.html) escapes dynamic AI diagnostic inputs preventing XSS
Typecheck + Tests + Verificaciones	UNKNOWN STEP	2026-09-07T13:33:36.5777277Z   ---
Typecheck + Tests + Verificaciones	UNKNOWN STEP	2026-09-07T13:33:36.5777668Z   duration_ms: 2.235065
Typecheck + Tests + Verificaciones	UNKNOWN STEP	2026-09-07T13:33:36.5778124Z   type: 'test'
Typecheck + Tests + Verificaciones	UNKNOWN STEP	2026-09-07T13:33:36.5778503Z   ...
Typecheck + Tests + Verificaciones	UNKNOWN STEP	2026-09-07T13:33:36.5780095Z # Subtest: CHALLENGER 1 [Pilar 1]: JSON-LD Offer prices strictly synchronize with lib/planes.ts (Esencial 39€, Estudio 59€)
Typecheck + Tests + Verificaciones	UNKNOWN STEP	2026-09-07T13:33:36.5782195Z ok 191 - CHALLENGER 1 [Pilar 1]: JSON-LD Offer prices strictly synchronize with lib/planes.ts (Esencial 39€, Estudio 59€)
Typecheck + Tests + Verificaciones	UNKNOWN STEP	2026-09-07T13:33:36.5783252Z   ---
Typecheck + Tests + Verificaciones	UNKNOWN STEP	2026-09-07T13:33:36.5783653Z   duration_ms: 4.186392
Typecheck + Tests + Verificaciones	UNKNOWN STEP	2026-09-07T13:33:36.5784125Z   type: 'test'
Typecheck + Tests + Verificaciones	UNKNOWN STEP	2026-09-07T13:33:36.5784508Z   ...
Typecheck + Tests + Verificaciones	UNKNOWN STEP	2026-09-07T13:33:36.5785640Z # Subtest: CHALLENGER 1 [Pilar 1]: JSON-LD has ZERO fake ratings or reviews across all landing files (CLAUDE.md Decision 5)
Typecheck + Tests + Verificaciones	UNKNOWN STEP	2026-09-07T13:33:36.5787776Z ok 192 - CHALLENGER 1 [Pilar 1]: JSON-LD has ZERO fake ratings or reviews across all landing files (CLAUDE.md Decision 5)
Typecheck + Tests + Verificaciones	UNKNOWN STEP	2026-09-07T13:33:36.5788845Z   ---
Typecheck + Tests + Verificaciones	UNKNOWN STEP	2026-09-07T13:33:36.5789254Z   duration_ms: 5.558109
Typecheck + Tests + Verificaciones	UNKNOWN STEP	2026-09-07T13:33:36.5789715Z   type: 'test'
Typecheck + Tests + Verificaciones	UNKNOWN STEP	2026-09-07T13:33:36.5790111Z   ...
Typecheck + Tests + Verificaciones	UNKNOWN STEP	2026-09-07T13:33:36.5791200Z # Subtest: CHALLENGER 1 [Pilar 1]: VeriFactu legal honesty invariants across public pages & estadoVerifactu.ts
Typecheck + Tests + Verificaciones	UNKNOWN STEP	2026-09-07T13:33:36.5792908Z ok 193 - CHALLENGER 1 [Pilar 1]: VeriFactu legal honesty invariants across public pages & estadoVerifactu.ts
Typecheck + Tests + Verificaciones	UNKNOWN STEP	2026-09-07T13:33:36.5793848Z   ---
Typecheck + Tests + Verificaciones	UNKNOWN STEP	2026-09-07T13:33:36.5794476Z   duration_ms: 5.56932
Typecheck + Tests + Verificaciones	UNKNOWN STEP	2026-09-07T13:33:36.5794902Z   type: 'test'
Typecheck + Tests + Verificaciones	UNKNOWN STEP	2026-09-07T13:33:36.5799255Z   ...
Typecheck + Tests + Verificaciones	UNKNOWN STEP	2026-09-07T13:33:36.5800826Z # Subtest: CHALLENGER 1 [Pilar 1]: Color tokens in lib/portalTokens.ts mathematically satisfy WCAG AA contrast (>= 4.5:1 for body text, >= 3.0:1 for UI elements)
Typecheck + Tests + Verificaciones	UNKNOWN STEP	2026-09-07T13:33:36.5803270Z ok 194 - CHALLENGER 1 [Pilar 1]: Color tokens in lib/portalTokens.ts mathematically satisfy WCAG AA contrast (>= 4.5:1 for body text, >= 3.0:1 for UI elements)
Typecheck + Tests + Verificaciones	UNKNOWN STEP	2026-09-07T13:33:36.5804533Z   ---
Typecheck + Tests + Verificaciones	UNKNOWN STEP	2026-09-07T13:33:36.5804944Z   duration_ms: 0.516563
Typecheck + Tests + Verificaciones	UNKNOWN STEP	2026-09-07T13:33:36.5805389Z   type: 'test'
Typecheck + Tests + Verificaciones	UNKNOWN STEP	2026-09-07T13:33:36.5805780Z   ...
Typecheck + Tests + Verificaciones	UNKNOWN STEP	2026-09-07T13:33:36.5807367Z # Subtest: CHALLENGER 1 [Pilar 1]: Mobile viewports (360x740, 375x812, 390x844) and modal scroll-lock in tests/landing.spec.ts
Typecheck + Tests + Verificaciones	UNKNOWN STEP	2026-09-07T13:33:36.5809267Z ok 195 - CHALLENGER 1 [Pilar 1]: Mobile viewports (360x740, 375x812, 390x844) and modal scroll-lock in tests/landing.spec.ts
Typecheck + Tests + Verificaciones	UNKNOWN STEP	2026-09-07T13:33:36.5810359Z   ---
Typecheck + Tests + Verificaciones	UNKNOWN STEP	2026-09-07T13:33:36.5810760Z   duration_ms: 0.275344
Typecheck + Tests + Verificaciones	UNKNOWN STEP	2026-09-07T13:33:36.5811224Z   type: 'test'
Typecheck + Tests + Verificaciones	UNKNOWN STEP	2026-09-07T13:33:36.5811612Z   ...
Typecheck + Tests + Verificaciones	UNKNOWN STEP	2026-09-07T13:33:36.5813101Z # Subtest: CHALLENGER 1 [Pilar 2]: Comprehensive touch target audit in app/r/[slug].web.tsx (all interactive buttons >= 44px)
Typecheck + Tests + Verificaciones	UNKNOWN STEP	2026-09-07T13:33:36.5815276Z ok 196 - CHALLENGER 1 [Pilar 2]: Comprehensive touch target audit in app/r/[slug].web.tsx (all interactive buttons >= 44px)
Typecheck + Tests + Verificaciones	UNKNOWN STEP	2026-09-07T13:33:36.5816609Z   ---
Typecheck + Tests + Verificaciones	UNKNOWN STEP	2026-09-07T13:33:36.5817006Z   duration_ms: 1.424845
Typecheck + Tests + Verificaciones	UNKNOWN STEP	2026-09-07T13:33:36.5817451Z   type: 'test'
Typecheck + Tests + Verificaciones	UNKNOWN STEP	2026-09-07T13:33:36.5817837Z   ...
Typecheck + Tests + Verificaciones	UNKNOWN STEP	2026-09-07T13:33:36.5818837Z # Subtest: CHALLENGER 1 [Pilar 2]: Chemical rest ("Hueco Express") slot metadata and rendering integrity
Typecheck + Tests + Verificaciones	UNKNOWN STEP	2026-09-07T13:33:36.5820376Z ok 197 - CHALLENGER 1 [Pilar 2]: Chemical rest ("Hueco Express") slot metadata and rendering integrity
Typecheck + Tests + Verificaciones	UNKNOWN STEP	2026-09-07T13:33:36.5821266Z   ---
Typecheck + Tests + Verificaciones	UNKNOWN STEP	2026-09-07T13:33:36.5821658Z   duration_ms: 0.909435
Typecheck + Tests + Verificaciones	UNKNOWN STEP	2026-09-07T13:33:36.5822099Z   type: 'test'
Typecheck + Tests + Verificaciones	UNKNOWN STEP	2026-09-07T13:33:36.5822479Z   ...
Typecheck + Tests + Verificaciones	UNKNOWN STEP	2026-09-07T13:33:36.5823566Z # Subtest: CHALLENGER 1 [Pilar 2]: Double-booking concurrency prevention & RPC chained reservation integration
Typecheck + Tests + Verificaciones	UNKNOWN STEP	2026-09-07T13:33:36.5825265Z ok 198 - CHALLENGER 1 [Pilar 2]: Double-booking concurrency prevention & RPC chained reservation integration
Typecheck + Tests + Verificaciones	UNKNOWN STEP	2026-09-07T13:33:36.5826471Z   ---
Typecheck + Tests + Verificaciones	UNKNOWN STEP	2026-09-07T13:33:36.5826876Z   duration_ms: 0.423259
Typecheck + Tests + Verificaciones	UNKNOWN STEP	2026-09-07T13:33:36.5827325Z   type: 'test'
Typecheck + Tests + Verificaciones	UNKNOWN STEP	2026-09-07T13:33:36.5827713Z   ...
Typecheck + Tests + Verificaciones	UNKNOWN STEP	2026-09-07T13:33:36.5828692Z # Subtest: CHALLENGER 1 [Pilar 2]: 5-Step Booking Flow validation in tests/portal-reserva.spec.ts
Typecheck + Tests + Verificaciones	UNKNOWN STEP	2026-09-07T13:33:36.5830155Z ok 199 - CHALLENGER 1 [Pilar 2]: 5-Step Booking Flow validation in tests/portal-reserva.spec.ts
Typecheck + Tests + Verificaciones	UNKNOWN STEP	2026-09-07T13:33:36.5831136Z   ---
Typecheck + Tests + Verificaciones	UNKNOWN STEP	2026-09-07T13:33:36.5831521Z   duration_ms: 0.626056
Typecheck + Tests + Verificaciones	UNKNOWN STEP	2026-09-07T13:33:36.5831969Z   type: 'test'
Typecheck + Tests + Verificaciones	UNKNOWN STEP	2026-09-07T13:33:36.5832350Z   ...
Typecheck + Tests + Verificaciones	UNKNOWN STEP	2026-09-07T13:33:36.5833546Z # Subtest: CHALLENGER 1 [Pilar 3]: SPA 17 Screens catalog completeness & distinct route mapping in tests/smoke/pantallas.ts
Typecheck + Tests + Verificaciones	UNKNOWN STEP	2026-09-07T13:33:36.5835425Z ok 200 - CHALLENGER 1 [Pilar 3]: SPA 17 Screens catalog completeness & distinct route mapping in tests/smoke/pantallas.ts
Typecheck + Tests + Verificaciones	UNKNOWN STEP	2026-09-07T13:33:36.5836807Z   ---
Typecheck + Tests + Verificaciones	UNKNOWN STEP	2026-09-07T13:33:36.5837213Z   duration_ms: 1.382085
Typecheck + Tests + Verificaciones	UNKNOWN STEP	2026-09-07T13:33:36.5837662Z   type: 'test'
Typecheck + Tests + Verificaciones	UNKNOWN STEP	2026-09-07T13:33:36.5838049Z   ...
Typecheck + Tests + Verificaciones	UNKNOWN STEP	2026-09-07T13:33:36.5839349Z # Subtest: CHALLENGER 1 [Pilar 3]: Silent error sensors in tests/smoke/silencios.ts (unhandledrejection, dialog trap, string anchors)
Typecheck + Tests + Verificaciones	UNKNOWN STEP	2026-09-07T13:33:36.5841482Z ok 201 - CHALLENGER 1 [Pilar 3]: Silent error sensors in tests/smoke/silencios.ts (unhandledrejection, dialog trap, string anchors)
Typecheck + Tests + Verificaciones	UNKNOWN STEP	2026-09-07T13:33:36.5842623Z   ---
Typecheck + Tests + Verificaciones	UNKNOWN STEP	2026-09-07T13:33:36.5843019Z   duration_ms: 0.3217
Typecheck + Tests + Verificaciones	UNKNOWN STEP	2026-09-07T13:33:36.5843489Z   type: 'test'
Typecheck + Tests + Verificaciones	UNKNOWN STEP	2026-09-07T13:33:36.5843889Z   ...
Typecheck + Tests + Verificaciones	UNKNOWN STEP	2026-09-07T13:33:36.5845035Z # Subtest: CHALLENGER 1 [Pilar 3]: Supabase Realtime WebSocket lifecycle cleanup on unmount across hooks & components
Typecheck + Tests + Verificaciones	UNKNOWN STEP	2026-09-07T13:33:36.5847361Z ok 202 - CHALLENGER 1 [Pilar 3]: Supabase Realtime WebSocket lifecycle cleanup on unmount across hooks & components
Typecheck + Tests + Verificaciones	UNKNOWN STEP	2026-09-07T13:33:36.5848411Z   ---
Typecheck + Tests + Verificaciones	UNKNOWN STEP	2026-09-07T13:33:36.5866828Z   duration_ms: 0.291884
Typecheck + Tests + Verificaciones	UNKNOWN STEP	2026-09-07T13:33:36.5867328Z   type: 'test'
Typecheck + Tests + Verificaciones	UNKNOWN STEP	2026-09-07T13:33:36.5867712Z   ...
Typecheck + Tests + Verificaciones	UNKNOWN STEP	2026-09-07T13:33:36.5868671Z # Subtest: CHALLENGER 1 [Pilar 3]: Swallowed error AST rules in scripts/vigilantes/errores-tragados.mjs
Typecheck + Tests + Verificaciones	UNKNOWN STEP	2026-09-07T13:33:36.5869548Z ok 203 - CHALLENGER 1 [Pilar 3]: Swallowed error AST rules in scripts/vigilantes/errores-tragados.mjs
Typecheck + Tests + Verificaciones	UNKNOWN STEP	2026-09-07T13:33:36.5870391Z   ---
Typecheck + Tests + Verificaciones	UNKNOWN STEP	2026-09-07T13:33:36.5870780Z   duration_ms: 0.239666
Typecheck + Tests + Verificaciones	UNKNOWN STEP	2026-09-07T13:33:36.5871237Z   type: 'test'
Typecheck + Tests + Verificaciones	UNKNOWN STEP	2026-09-07T13:33:36.5871628Z   ...
Typecheck + Tests + Verificaciones	UNKNOWN STEP	2026-09-07T13:33:36.5872466Z # Subtest: REVIEWER 2 ADVERSARIAL [Pilar 1]: Zero fake review or aggregateRating nodes across all HTML files
Typecheck + Tests + Verificaciones	UNKNOWN STEP	2026-09-07T13:33:36.5873347Z ok 204 - REVIEWER 2 ADVERSARIAL [Pilar 1]: Zero fake review or aggregateRating nodes across all HTML files
Typecheck + Tests + Verificaciones	UNKNOWN STEP	2026-09-07T13:33:36.5873853Z   ---
Typecheck + Tests + Verificaciones	UNKNOWN STEP	2026-09-07T13:33:36.5874070Z   duration_ms: 11.860985
Typecheck + Tests + Verificaciones	UNKNOWN STEP	2026-09-07T13:33:36.5874555Z   type: 'test'
Typecheck + Tests + Verificaciones	UNKNOWN STEP	2026-09-07T13:33:36.5874918Z   ...
Typecheck + Tests + Verificaciones	UNKNOWN STEP	2026-09-07T13:33:36.5876242Z # Subtest: REVIEWER 2 ADVERSARIAL [Pilar 1]: VeriFactu legal honesty strict scan across all client & landing code
Typecheck + Tests + Verificaciones	UNKNOWN STEP	2026-09-07T13:33:36.5878549Z ok 205 - REVIEWER 2 ADVERSARIAL [Pilar 1]: VeriFactu legal honesty strict scan across all client & landing code
Typecheck + Tests + Verificaciones	UNKNOWN STEP	2026-09-07T13:33:36.5879518Z   ---
Typecheck + Tests + Verificaciones	UNKNOWN STEP	2026-09-07T13:33:36.5879880Z   duration_ms: 5.898733
Typecheck + Tests + Verificaciones	UNKNOWN STEP	2026-09-07T13:33:36.5880287Z   type: 'test'
Typecheck + Tests + Verificaciones	UNKNOWN STEP	2026-09-07T13:33:36.5880661Z   ...
Typecheck + Tests + Verificaciones	UNKNOWN STEP	2026-09-07T13:33:36.5881704Z # Subtest: REVIEWER 2 ADVERSARIAL [Pilar 1]: Portal Color Contrast WCAG AA compliance mathematical verification
Typecheck + Tests + Verificaciones	UNKNOWN STEP	2026-09-07T13:33:36.5883334Z ok 206 - REVIEWER 2 ADVERSARIAL [Pilar 1]: Portal Color Contrast WCAG AA compliance mathematical verification
Typecheck + Tests + Verificaciones	UNKNOWN STEP	2026-09-07T13:33:36.5884250Z   ---
Typecheck + Tests + Verificaciones	UNKNOWN STEP	2026-09-07T13:33:36.5884625Z   duration_ms: 0.587856
Typecheck + Tests + Verificaciones	UNKNOWN STEP	2026-09-07T13:33:36.5885051Z   type: 'test'
Typecheck + Tests + Verificaciones	UNKNOWN STEP	2026-09-07T13:33:36.5885420Z   ...
Typecheck + Tests + Verificaciones	UNKNOWN STEP	2026-09-07T13:33:36.5886774Z # Subtest: REVIEWER 2 ADVERSARIAL [Pilar 2]: Exhaustive Touch Target Minimum Size (>=44x44px) in app/r/[slug].web.tsx
Typecheck + Tests + Verificaciones	UNKNOWN STEP	2026-09-07T13:33:36.5888480Z ok 207 - REVIEWER 2 ADVERSARIAL [Pilar 2]: Exhaustive Touch Target Minimum Size (>=44x44px) in app/r/[slug].web.tsx
Typecheck + Tests + Verificaciones	UNKNOWN STEP	2026-09-07T13:33:36.5889470Z   ---
Typecheck + Tests + Verificaciones	UNKNOWN STEP	2026-09-07T13:33:36.5889854Z   duration_ms: 1.884652
Typecheck + Tests + Verificaciones	UNKNOWN STEP	2026-09-07T13:33:36.5890286Z   type: 'test'
Typecheck + Tests + Verificaciones	UNKNOWN STEP	2026-09-07T13:33:36.5890646Z   ...
Typecheck + Tests + Verificaciones	UNKNOWN STEP	2026-09-07T13:33:36.5891529Z # Subtest: REVIEWER 2 ADVERSARIAL [Pilar 2]: E.164 Phone Normalization in lib/reservaPublica.ts
Typecheck + Tests + Verificaciones	UNKNOWN STEP	2026-09-07T13:33:36.5892866Z ok 208 - REVIEWER 2 ADVERSARIAL [Pilar 2]: E.164 Phone Normalization in lib/reservaPublica.ts
Typecheck + Tests + Verificaciones	UNKNOWN STEP	2026-09-07T13:33:36.5893665Z   ---
Typecheck + Tests + Verificaciones	UNKNOWN STEP	2026-09-07T13:33:36.5894013Z   duration_ms: 0.470948
Typecheck + Tests + Verificaciones	UNKNOWN STEP	2026-09-07T13:33:36.5894413Z   type: 'test'
Typecheck + Tests + Verificaciones	UNKNOWN STEP	2026-09-07T13:33:36.5894765Z   ...
Typecheck + Tests + Verificaciones	UNKNOWN STEP	2026-09-07T13:33:36.5895873Z # Subtest: REVIEWER 2 ADVERSARIAL [Pilar 2]: Chemical Rest metadata and conditional banners handling in app/r/[slug].web.tsx
Typecheck + Tests + Verificaciones	UNKNOWN STEP	2026-09-07T13:33:36.5898358Z ok 209 - REVIEWER 2 ADVERSARIAL [Pilar 2]: Chemical Rest metadata and conditional banners handling in app/r/[slug].web.tsx
Typecheck + Tests + Verificaciones	UNKNOWN STEP	2026-09-07T13:33:36.5899361Z   ---
Typecheck + Tests + Verificaciones	UNKNOWN STEP	2026-09-07T13:33:36.5899721Z   duration_ms: 0.84242
Typecheck + Tests + Verificaciones	UNKNOWN STEP	2026-09-07T13:33:36.5900120Z   type: 'test'
Typecheck + Tests + Verificaciones	UNKNOWN STEP	2026-09-07T13:33:36.5900479Z   ...
Typecheck + Tests + Verificaciones	UNKNOWN STEP	2026-09-07T13:33:36.5901619Z # Subtest: REVIEWER 2 ADVERSARIAL [Pilar 3]: 17 Screens catalog invariants and route correspondence in tests/smoke/pantallas.ts
Typecheck + Tests + Verificaciones	UNKNOWN STEP	2026-09-07T13:33:36.5903422Z ok 210 - REVIEWER 2 ADVERSARIAL [Pilar 3]: 17 Screens catalog invariants and route correspondence in tests/smoke/pantallas.ts
Typecheck + Tests + Verificaciones	UNKNOWN STEP	2026-09-07T13:33:36.5904410Z   ---
Typecheck + Tests + Verificaciones	UNKNOWN STEP	2026-09-07T13:33:36.5904762Z   duration_ms: 0.579941
Typecheck + Tests + Verificaciones	UNKNOWN STEP	2026-09-07T13:33:36.5905161Z   type: 'test'
Typecheck + Tests + Verificaciones	UNKNOWN STEP	2026-09-07T13:33:36.5905508Z   ...
Typecheck + Tests + Verificaciones	UNKNOWN STEP	2026-09-07T13:33:36.5907142Z # Subtest: REVIEWER 2 ADVERSARIAL [Pilar 3]: Silent Error Sensor Anchors in tests/smoke/silencios.ts match lib/errores.ts
Typecheck + Tests + Verificaciones	UNKNOWN STEP	2026-09-07T13:33:36.5909162Z ok 211 - REVIEWER 2 ADVERSARIAL [Pilar 3]: Silent Error Sensor Anchors in tests/smoke/silencios.ts match lib/errores.ts
Typecheck + Tests + Verificaciones	UNKNOWN STEP	2026-09-07T13:33:36.5910133Z   ---
Typecheck + Tests + Verificaciones	UNKNOWN STEP	2026-09-07T13:33:36.5910511Z   duration_ms: 0.346996
Typecheck + Tests + Verificaciones	UNKNOWN STEP	2026-09-07T13:33:36.5910918Z   type: 'test'
Typecheck + Tests + Verificaciones	UNKNOWN STEP	2026-09-07T13:33:36.5911271Z   ...
Typecheck + Tests + Verificaciones	UNKNOWN STEP	2026-09-07T13:33:36.5912360Z # Subtest: REVIEWER 2 ADVERSARIAL [Pilar 3]: Supabase Realtime Channels properly removed on unmount without memory leaks
Typecheck + Tests + Verificaciones	UNKNOWN STEP	2026-09-07T13:33:36.5914072Z ok 212 - REVIEWER 2 ADVERSARIAL [Pilar 3]: Supabase Realtime Channels properly removed on unmount without memory leaks
Typecheck + Tests + Verificaciones	UNKNOWN STEP	2026-09-07T13:33:36.5915034Z   ---
Typecheck + Tests + Verificaciones	UNKNOWN STEP	2026-09-07T13:33:36.5915382Z   duration_ms: 0.624494
Typecheck + Tests + Verificaciones	UNKNOWN STEP	2026-09-07T13:33:36.5915794Z   type: 'test'
Typecheck + Tests + Verificaciones	UNKNOWN STEP	2026-09-07T13:33:36.5916344Z   ...
Typecheck + Tests + Verificaciones	UNKNOWN STEP	2026-09-07T13:33:36.5917410Z # Subtest: REVIEWER 2 ADVERSARIAL [Pilar 3]: Integrity Verification - No hardcoded mocks in pilares-visuales.test.mjs
Typecheck + Tests + Verificaciones	UNKNOWN STEP	2026-09-07T13:33:36.5919090Z ok 213 - REVIEWER 2 ADVERSARIAL [Pilar 3]: Integrity Verification - No hardcoded mocks in pilares-visuales.test.mjs
Typecheck + Tests + Verificaciones	UNKNOWN STEP	2026-09-07T13:33:36.5920032Z   ---
Typecheck + Tests + Verificaciones	UNKNOWN STEP	2026-09-07T13:33:36.5920395Z   duration_ms: 0.723048
Typecheck + Tests + Verificaciones	UNKNOWN STEP	2026-09-07T13:33:36.5920796Z   type: 'test'
Typecheck + Tests + Verificaciones	UNKNOWN STEP	2026-09-07T13:33:36.5921145Z   ...
Typecheck + Tests + Verificaciones	UNKNOWN STEP	2026-09-07T13:33:36.5921931Z # Subtest: CHALLENGER 2 [Pilar 1]: JSON-LD complete schema validation in web/index.html
Typecheck + Tests + Verificaciones	UNKNOWN STEP	2026-09-07T13:33:36.5923300Z ok 214 - CHALLENGER 2 [Pilar 1]: JSON-LD complete schema validation in web/index.html
Typecheck + Tests + Verificaciones	UNKNOWN STEP	2026-09-07T13:33:36.5924026Z   ---
Typecheck + Tests + Verificaciones	UNKNOWN STEP	2026-09-07T13:33:36.5924379Z   duration_ms: 6.037872
Typecheck + Tests + Verificaciones	UNKNOWN STEP	2026-09-07T13:33:36.5924776Z   type: 'test'
Typecheck + Tests + Verificaciones	UNKNOWN STEP	2026-09-07T13:33:36.5925122Z   ...
Typecheck + Tests + Verificaciones	UNKNOWN STEP	2026-09-07T13:33:36.5926399Z # Subtest: CHALLENGER 2 [Pilar 1]: Comprehensive VeriFactu honesty scan across all landing and fiscal files
Typecheck + Tests + Verificaciones	UNKNOWN STEP	2026-09-07T13:33:36.5927926Z ok 215 - CHALLENGER 2 [Pilar 1]: Comprehensive VeriFactu honesty scan across all landing and fiscal files
Typecheck + Tests + Verificaciones	UNKNOWN STEP	2026-09-07T13:33:36.5928794Z   ---
Typecheck + Tests + Verificaciones	UNKNOWN STEP	2026-09-07T13:33:36.5929139Z   duration_ms: 7.564056
Typecheck + Tests + Verificaciones	UNKNOWN STEP	2026-09-07T13:33:36.5929648Z   type: 'test'
Typecheck + Tests + Verificaciones	UNKNOWN STEP	2026-09-07T13:33:36.5930023Z   ...
Typecheck + Tests + Verificaciones	UNKNOWN STEP	2026-09-07T13:33:36.5930988Z # Subtest: CHALLENGER 2 [Pilar 1]: WCAG 2.1 AA mathematical color contrast matrix in lib/portalTokens.ts
Typecheck + Tests + Verificaciones	UNKNOWN STEP	2026-09-07T13:33:36.5932456Z ok 216 - CHALLENGER 2 [Pilar 1]: WCAG 2.1 AA mathematical color contrast matrix in lib/portalTokens.ts
Typecheck + Tests + Verificaciones	UNKNOWN STEP	2026-09-07T13:33:36.5933316Z   ---
Typecheck + Tests + Verificaciones	UNKNOWN STEP	2026-09-07T13:33:36.5933680Z   duration_ms: 0.689966
Typecheck + Tests + Verificaciones	UNKNOWN STEP	2026-09-07T13:33:36.5934094Z   type: 'test'
Typecheck + Tests + Verificaciones	UNKNOWN STEP	2026-09-07T13:33:36.5934457Z   ...
Typecheck + Tests + Verificaciones	UNKNOWN STEP	2026-09-07T13:33:36.5935514Z # Subtest: CHALLENGER 2 [Pilar 2]: Exhaustive touch target audit in app/r/[slug].web.tsx (minimum 44x44px hit areas)
Typecheck + Tests + Verificaciones	UNKNOWN STEP	2026-09-07T13:33:36.5937566Z ok 217 - CHALLENGER 2 [Pilar 2]: Exhaustive touch target audit in app/r/[slug].web.tsx (minimum 44x44px hit areas)
Typecheck + Tests + Verificaciones	UNKNOWN STEP	2026-09-07T13:33:36.5938509Z   ---
Typecheck + Tests + Verificaciones	UNKNOWN STEP	2026-09-07T13:33:36.5938880Z   duration_ms: 2.053897
Typecheck + Tests + Verificaciones	UNKNOWN STEP	2026-09-07T13:33:36.5939298Z   type: 'test'
Typecheck + Tests + Verificaciones	UNKNOWN STEP	2026-09-07T13:33:36.5939666Z   ...
Typecheck + Tests + Verificaciones	UNKNOWN STEP	2026-09-07T13:33:36.5940561Z # Subtest: CHALLENGER 2 [Pilar 2]: Chemical Rest ("Hueco Express") data and UI contract integrity
Typecheck + Tests + Verificaciones	UNKNOWN STEP	2026-09-07T13:33:36.5941883Z ok 218 - CHALLENGER 2 [Pilar 2]: Chemical Rest ("Hueco Express") data and UI contract integrity
Typecheck + Tests + Verificaciones	UNKNOWN STEP	2026-09-07T13:33:36.5942685Z   ---
Typecheck + Tests + Verificaciones	UNKNOWN STEP	2026-09-07T13:33:36.5943052Z   duration_ms: 0.897422
Typecheck + Tests + Verificaciones	UNKNOWN STEP	2026-09-07T13:33:36.5943485Z   type: 'test'
Typecheck + Tests + Verificaciones	UNKNOWN STEP	2026-09-07T13:33:36.5943817Z   ...
Typecheck + Tests + Verificaciones	UNKNOWN STEP	2026-09-07T13:33:36.5944728Z # Subtest: CHALLENGER 2 [Pilar 2]: E.164 phone normalization oracle & double booking concurrency invariants
Typecheck + Tests + Verificaciones	UNKNOWN STEP	2026-09-07T13:33:36.5946360Z ok 219 - CHALLENGER 2 [Pilar 2]: E.164 phone normalization oracle & double booking concurrency invariants
Typecheck + Tests + Verificaciones	UNKNOWN STEP	2026-09-07T13:33:36.5947183Z   ---
Typecheck + Tests + Verificaciones	UNKNOWN STEP	2026-09-07T13:33:36.5947521Z   duration_ms: 0.332299
Typecheck + Tests + Verificaciones	UNKNOWN STEP	2026-09-07T13:33:36.5947911Z   type: 'test'
Typecheck + Tests + Verificaciones	UNKNOWN STEP	2026-09-07T13:33:36.5948248Z   ...
Typecheck + Tests + Verificaciones	UNKNOWN STEP	2026-09-07T13:33:36.5949142Z # Subtest: CHALLENGER 2 [Pilar 3]: 17 SPA Screens physical file presence and anchor match verification
Typecheck + Tests + Verificaciones	UNKNOWN STEP	2026-09-07T13:33:36.5950536Z ok 220 - CHALLENGER 2 [Pilar 3]: 17 SPA Screens physical file presence and anchor match verification
Typecheck + Tests + Verificaciones	UNKNOWN STEP	2026-09-07T13:33:36.5951384Z   ---
Typecheck + Tests + Verificaciones	UNKNOWN STEP	2026-09-07T13:33:36.5951763Z   duration_ms: 5.766898
Typecheck + Tests + Verificaciones	UNKNOWN STEP	2026-09-07T13:33:36.5952195Z   type: 'test'
Typecheck + Tests + Verificaciones	UNKNOWN STEP	2026-09-07T13:33:36.5952808Z   ...
Typecheck + Tests + Verificaciones	UNKNOWN STEP	2026-09-07T13:33:36.5953756Z # Subtest: CHALLENGER 2 [Pilar 3]: Unhandled promise rejection sensor logic & memory bounded buffering
Typecheck + Tests + Verificaciones	UNKNOWN STEP	2026-09-07T13:33:36.5955236Z ok 221 - CHALLENGER 2 [Pilar 3]: Unhandled promise rejection sensor logic & memory bounded buffering
Typecheck + Tests + Verificaciones	UNKNOWN STEP	2026-09-07T13:33:36.5956390Z   ---
Typecheck + Tests + Verificaciones	UNKNOWN STEP	2026-09-07T13:33:36.5956760Z   duration_ms: 0.400887
Typecheck + Tests + Verificaciones	UNKNOWN STEP	2026-09-07T13:33:36.5957176Z   type: 'test'
Typecheck + Tests + Verificaciones	UNKNOWN STEP	2026-09-07T13:33:36.5957537Z   ...
Typecheck + Tests + Verificaciones	UNKNOWN STEP	2026-09-07T13:33:36.5958383Z # Subtest: CHALLENGER 2 [Pilar 3]: Realtime WebSocket channel cleanup in hooks & components
Typecheck + Tests + Verificaciones	UNKNOWN STEP	2026-09-07T13:33:36.5959678Z ok 222 - CHALLENGER 2 [Pilar 3]: Realtime WebSocket channel cleanup in hooks & components
Typecheck + Tests + Verificaciones	UNKNOWN STEP	2026-09-07T13:33:36.5960470Z   ---
Typecheck + Tests + Verificaciones	UNKNOWN STEP	2026-09-07T13:33:36.5960827Z   duration_ms: 1.590885
Typecheck + Tests + Verificaciones	UNKNOWN STEP	2026-09-07T13:33:36.5961252Z   type: 'test'
Typecheck + Tests + Verificaciones	UNKNOWN STEP	2026-09-07T13:33:36.5961610Z   ...
Typecheck + Tests + Verificaciones	UNKNOWN STEP	2026-09-07T13:33:36.5962477Z # Subtest: ADVERSARIAL [Rendimiento]: Catastrophically slow screens (>15s and >3x baseline)
Typecheck + Tests + Verificaciones	UNKNOWN STEP	2026-09-07T13:33:36.5963821Z ok 223 - ADVERSARIAL [Rendimiento]: Catastrophically slow screens (>15s and >3x baseline)
Typecheck + Tests + Verificaciones	UNKNOWN STEP	2026-09-07T13:33:36.5964629Z   ---
Typecheck + Tests + Verificaciones	UNKNOWN STEP	2026-09-07T13:33:36.5964987Z   duration_ms: 1.638403
Typecheck + Tests + Verificaciones	UNKNOWN STEP	2026-09-07T13:33:36.5965602Z   type: 'test'
Typecheck + Tests + Verificaciones	UNKNOWN STEP	2026-09-07T13:33:36.5966144Z   ...
Typecheck + Tests + Verificaciones	UNKNOWN STEP	2026-09-07T13:33:36.5967000Z # Subtest: ADVERSARIAL [Rendimiento]: Corrupted JSONL stream & malformed entries via CLI
Typecheck + Tests + Verificaciones	UNKNOWN STEP	2026-09-07T13:33:36.5968303Z ok 224 - ADVERSARIAL [Rendimiento]: Corrupted JSONL stream & malformed entries via CLI
Typecheck + Tests + Verificaciones	UNKNOWN STEP	2026-09-07T13:33:36.5969103Z   ---
Typecheck + Tests + Verificaciones	UNKNOWN STEP	2026-09-07T13:33:36.5969474Z   duration_ms: 52.293965
Typecheck + Tests + Verificaciones	UNKNOWN STEP	2026-09-07T13:33:36.5969905Z   type: 'test'
Typecheck + Tests + Verificaciones	UNKNOWN STEP	2026-09-07T13:33:36.5970271Z   ...
Typecheck + Tests + Verificaciones	UNKNOWN STEP	2026-09-07T13:33:36.5971096Z # Subtest: ADVERSARIAL [Rendimiento]: Missing and invalid fields in metric payloads
Typecheck + Tests + Verificaciones	UNKNOWN STEP	2026-09-07T13:33:36.5972323Z ok 225 - ADVERSARIAL [Rendimiento]: Missing and invalid fields in metric payloads
Typecheck + Tests + Verificaciones	UNKNOWN STEP	2026-09-07T13:33:36.5973071Z   ---
Typecheck + Tests + Verificaciones	UNKNOWN STEP	2026-09-07T13:33:36.5973436Z   duration_ms: 0.574941
Typecheck + Tests + Verificaciones	UNKNOWN STEP	2026-09-07T13:33:36.5973852Z   type: 'test'
Typecheck + Tests + Verificaciones	UNKNOWN STEP	2026-09-07T13:33:36.5974216Z   ...
Typecheck + Tests + Verificaciones	UNKNOWN STEP	2026-09-07T13:33:36.5975109Z # Subtest: ADVERSARIAL [Rendimiento]: Edge Function exact p95 boundary and outlier resistance
Typecheck + Tests + Verificaciones	UNKNOWN STEP	2026-09-07T13:33:36.5976830Z ok 226 - ADVERSARIAL [Rendimiento]: Edge Function exact p95 boundary and outlier resistance
Typecheck + Tests + Verificaciones	UNKNOWN STEP	2026-09-07T13:33:36.5977666Z   ---
Typecheck + Tests + Verificaciones	UNKNOWN STEP	2026-09-07T13:33:36.5978034Z   duration_ms: 0.336567
Typecheck + Tests + Verificaciones	UNKNOWN STEP	2026-09-07T13:33:36.5978458Z   type: 'test'
Typecheck + Tests + Verificaciones	UNKNOWN STEP	2026-09-07T13:33:36.5978828Z   ...
Typecheck + Tests + Verificaciones	UNKNOWN STEP	2026-09-07T13:33:36.5979659Z # Subtest: ADVERSARIAL [Rendimiento]: Degraded baseline and unparseable baseline files
Typecheck + Tests + Verificaciones	UNKNOWN STEP	2026-09-07T13:33:36.5980917Z ok 227 - ADVERSARIAL [Rendimiento]: Degraded baseline and unparseable baseline files
Typecheck + Tests + Verificaciones	UNKNOWN STEP	2026-09-07T13:33:36.5981691Z   ---
Typecheck + Tests + Verificaciones	UNKNOWN STEP	2026-09-07T13:33:36.5982053Z   duration_ms: 1.603729
Typecheck + Tests + Verificaciones	UNKNOWN STEP	2026-09-07T13:33:36.5982487Z   type: 'test'
Typecheck + Tests + Verificaciones	UNKNOWN STEP	2026-09-07T13:33:36.5982864Z   ...
Typecheck + Tests + Verificaciones	UNKNOWN STEP	2026-09-07T13:33:36.5983660Z # Subtest: ADVERSARIAL [Calidad]: Complex nested objects and JSX property structures
Typecheck + Tests + Verificaciones	UNKNOWN STEP	2026-09-07T13:33:36.5984893Z ok 228 - ADVERSARIAL [Calidad]: Complex nested objects and JSX property structures
Typecheck + Tests + Verificaciones	UNKNOWN STEP	2026-09-07T13:33:36.5985648Z   ---
Typecheck + Tests + Verificaciones	UNKNOWN STEP	2026-09-07T13:33:36.5986286Z   duration_ms: 0.852408
Typecheck + Tests + Verificaciones	UNKNOWN STEP	2026-09-07T13:33:36.5986716Z   type: 'test'
Typecheck + Tests + Verificaciones	UNKNOWN STEP	2026-09-07T13:33:36.5987096Z   ...
Typecheck + Tests + Verificaciones	UNKNOWN STEP	2026-09-07T13:33:36.5988038Z # Subtest: ADVERSARIAL [Calidad]: Unescaped & escaped braces inside single, double & template strings
Typecheck + Tests + Verificaciones	UNKNOWN STEP	2026-09-07T13:33:36.5989518Z ok 229 - ADVERSARIAL [Calidad]: Unescaped & escaped braces inside single, double & template strings
Typecheck + Tests + Verificaciones	UNKNOWN STEP	2026-09-07T13:33:36.5990466Z   ---
Typecheck + Tests + Verificaciones	UNKNOWN STEP	2026-09-07T13:33:36.5990832Z   duration_ms: 0.262399
Typecheck + Tests + Verificaciones	UNKNOWN STEP	2026-09-07T13:33:36.5991258Z   type: 'test'
Typecheck + Tests + Verificaciones	UNKNOWN STEP	2026-09-07T13:33:36.5991617Z   ...
Typecheck + Tests + Verificaciones	UNKNOWN STEP	2026-09-07T13:33:36.5992531Z # Subtest: ADVERSARIAL [Calidad]: Deeply nested control flow (if/for/while/try/switch > 6 levels)
Typecheck + Tests + Verificaciones	UNKNOWN STEP	2026-09-07T13:33:36.5993930Z ok 230 - ADVERSARIAL [Calidad]: Deeply nested control flow (if/for/while/try/switch > 6 levels)
Typecheck + Tests + Verificaciones	UNKNOWN STEP	2026-09-07T13:33:36.5994770Z   ---
Typecheck + Tests + Verificaciones	UNKNOWN STEP	2026-09-07T13:33:36.5995130Z   duration_ms: 1.232738
Typecheck + Tests + Verificaciones	UNKNOWN STEP	2026-09-07T13:33:36.5995550Z   type: 'test'
Typecheck + Tests + Verificaciones	UNKNOWN STEP	2026-09-07T13:33:36.5996337Z   ...
Typecheck + Tests + Verificaciones	UNKNOWN STEP	2026-09-07T13:33:36.5997420Z # Subtest: ADVERSARIAL [Calidad]: High cyclomatic complexity calculation with ternary & boolean operators
Typecheck + Tests + Verificaciones	UNKNOWN STEP	2026-09-07T13:33:36.5998971Z ok 231 - ADVERSARIAL [Calidad]: High cyclomatic complexity calculation with ternary & boolean operators
Typecheck + Tests + Verificaciones	UNKNOWN STEP	2026-09-07T13:33:36.5999833Z   ---
Typecheck + Tests + Verificaciones	UNKNOWN STEP	2026-09-07T13:33:36.6000204Z   duration_ms: 0.532894
Typecheck + Tests + Verificaciones	UNKNOWN STEP	2026-09-07T13:33:36.6000608Z   type: 'test'
Typecheck + Tests + Verificaciones	UNKNOWN STEP	2026-09-07T13:33:36.6000941Z   ...
Typecheck + Tests + Verificaciones	UNKNOWN STEP	2026-09-07T13:33:36.6001890Z # Subtest: ADVERSARIAL [Calidad]: Duplicate block detection with comments, whitespace and deduplication
Typecheck + Tests + Verificaciones	UNKNOWN STEP	2026-09-07T13:33:36.6003418Z ok 232 - ADVERSARIAL [Calidad]: Duplicate block detection with comments, whitespace and deduplication
Typecheck + Tests + Verificaciones	UNKNOWN STEP	2026-09-07T13:33:36.6004265Z   ---
Typecheck + Tests + Verificaciones	UNKNOWN STEP	2026-09-07T13:33:36.6004624Z   duration_ms: 0.90638
Typecheck + Tests + Verificaciones	UNKNOWN STEP	2026-09-07T13:33:36.6005014Z   type: 'test'
Typecheck + Tests + Verificaciones	UNKNOWN STEP	2026-09-07T13:33:36.6005358Z   ...
Typecheck + Tests + Verificaciones	UNKNOWN STEP	2026-09-07T13:33:36.6006413Z # Subtest: ADVERSARIAL [Calidad]: Monster component boundary test (exact 450 vs 451 lines)
Typecheck + Tests + Verificaciones	UNKNOWN STEP	2026-09-07T13:33:36.6007790Z ok 233 - ADVERSARIAL [Calidad]: Monster component boundary test (exact 450 vs 451 lines)
Typecheck + Tests + Verificaciones	UNKNOWN STEP	2026-09-07T13:33:36.6008573Z   ---
Typecheck + Tests + Verificaciones	UNKNOWN STEP	2026-09-07T13:33:36.6009191Z   duration_ms: 6.624495
Typecheck + Tests + Verificaciones	UNKNOWN STEP	2026-09-07T13:33:36.6009599Z   type: 'test'
Typecheck + Tests + Verificaciones	UNKNOWN STEP	2026-09-07T13:33:36.6009938Z   ...
Typecheck + Tests + Verificaciones	UNKNOWN STEP	2026-09-07T13:33:36.6010537Z # Subtest: el vigilante meta-anclas se declara con nombre y ambito
Typecheck + Tests + Verificaciones	UNKNOWN STEP	2026-09-07T13:33:36.6011394Z ok 234 - el vigilante meta-anclas se declara con nombre y ambito
Typecheck + Tests + Verificaciones	UNKNOWN STEP	2026-09-07T13:33:36.6011970Z   ---
Typecheck + Tests + Verificaciones	UNKNOWN STEP	2026-09-07T13:33:36.6012308Z   duration_ms: 1.284324
Typecheck + Tests + Verificaciones	UNKNOWN STEP	2026-09-07T13:33:36.6012693Z   type: 'test'
Typecheck + Tests + Verificaciones	UNKNOWN STEP	2026-09-07T13:33:36.6013045Z   ...
Typecheck + Tests + Verificaciones	UNKNOWN STEP	2026-09-07T13:33:36.6013681Z # Subtest: todas las anclas declaradas siguen vivas en el repo hoy
Typecheck + Tests + Verificaciones	UNKNOWN STEP	2026-09-07T13:33:36.6014596Z ok 235 - todas las anclas declaradas siguen vivas en el repo hoy
Typecheck + Tests + Verificaciones	UNKNOWN STEP	2026-09-07T13:33:36.6015201Z   ---
Typecheck + Tests + Verificaciones	UNKNOWN STEP	2026-09-07T13:33:36.6015561Z   duration_ms: 3.502327
Typecheck + Tests + Verificaciones	UNKNOWN STEP	2026-09-07T13:33:36.6016293Z   type: 'test'
Typecheck + Tests + Verificaciones	UNKNOWN STEP	2026-09-07T13:33:36.6016680Z   ...
Typecheck + Tests + Verificaciones	UNKNOWN STEP	2026-09-07T13:33:36.6017267Z # Subtest: caza un ancla rota simulada como bloqueante
Typecheck + Tests + Verificaciones	UNKNOWN STEP	2026-09-07T13:33:36.6018054Z ok 236 - caza un ancla rota simulada como bloqueante
Typecheck + Tests + Verificaciones	UNKNOWN STEP	2026-09-07T13:33:36.6018618Z   ---
Typecheck + Tests + Verificaciones	UNKNOWN STEP	2026-09-07T13:33:36.6018987Z   duration_ms: 0.586483
Typecheck + Tests + Verificaciones	UNKNOWN STEP	2026-09-07T13:33:36.6019413Z   type: 'test'
Typecheck + Tests + Verificaciones	UNKNOWN STEP	2026-09-07T13:33:36.6019770Z   ...
Typecheck + Tests + Verificaciones	UNKNOWN STEP	2026-09-07T13:33:36.6020340Z # Subtest: caza un fichero desaparecido como bloqueante
Typecheck + Tests + Verificaciones	UNKNOWN STEP	2026-09-07T13:33:36.6021140Z ok 237 - caza un fichero desaparecido como bloqueante
Typecheck + Tests + Verificaciones	UNKNOWN STEP	2026-09-07T13:33:36.6021711Z   ---
Typecheck + Tests + Verificaciones	UNKNOWN STEP	2026-09-07T13:33:36.6022072Z   duration_ms: 0.286694
Typecheck + Tests + Verificaciones	UNKNOWN STEP	2026-09-07T13:33:36.6022483Z   type: 'test'
Typecheck + Tests + Verificaciones	UNKNOWN STEP	2026-09-07T13:33:36.6022850Z   ...
Typecheck + Tests + Verificaciones	UNKNOWN STEP	2026-09-07T13:33:36.6023526Z # Subtest: el vigilante meta-cobertura se declara con nombre y ambito
Typecheck + Tests + Verificaciones	UNKNOWN STEP	2026-09-07T13:33:36.6024531Z ok 238 - el vigilante meta-cobertura se declara con nombre y ambito
Typecheck + Tests + Verificaciones	UNKNOWN STEP	2026-09-07T13:33:36.6025170Z   ---
Typecheck + Tests + Verificaciones	UNKNOWN STEP	2026-09-07T13:33:36.6025535Z   duration_ms: 1.143882
Typecheck + Tests + Verificaciones	UNKNOWN STEP	2026-09-07T13:33:36.6026243Z   type: 'test'
Typecheck + Tests + Verificaciones	UNKNOWN STEP	2026-09-07T13:33:36.6026651Z   ...
Typecheck + Tests + Verificaciones	UNKNOWN STEP	2026-09-07T13:33:36.6027721Z # Subtest: todas las pantallas en app/(tabs) est�n cubiertas hoy
Typecheck + Tests + Verificaciones	UNKNOWN STEP	2026-09-07T13:33:36.6028786Z ok 239 - todas las pantallas en app/(tabs) est�n cubiertas hoy
Typecheck + Tests + Verificaciones	UNKNOWN STEP	2026-09-07T13:33:36.6029428Z   ---
Typecheck + Tests + Verificaciones	UNKNOWN STEP	2026-09-07T13:33:36.6029794Z   duration_ms: 3.915056
Typecheck + Tests + Verificaciones	UNKNOWN STEP	2026-09-07T13:33:36.6030215Z   type: 'test'
Typecheck + Tests + Verificaciones	UNKNOWN STEP	2026-09-07T13:33:36.6030570Z   ...
Typecheck + Tests + Verificaciones	UNKNOWN STEP	2026-09-07T13:33:36.6030965Z # Subtest: meta-contrato
Typecheck + Tests + Verificaciones	UNKNOWN STEP	2026-09-07T13:33:36.6031614Z     # Subtest: se declara con nombre y ámbito meta
Typecheck + Tests + Verificaciones	UNKNOWN STEP	2026-09-07T13:33:36.6032364Z     ok 1 - se declara con nombre y ámbito meta
Typecheck + Tests + Verificaciones	UNKNOWN STEP	2026-09-07T13:33:36.6032892Z       ---
Typecheck + Tests + Verificaciones	UNKNOWN STEP	2026-09-07T13:33:36.6033264Z       duration_ms: 1.208093
Typecheck + Tests + Verificaciones	UNKNOWN STEP	2026-09-07T13:33:36.6033709Z       type: 'test'
Typecheck + Tests + Verificaciones	UNKNOWN STEP	2026-09-07T13:33:36.6034086Z       ...
Typecheck + Tests + Verificaciones	UNKNOWN STEP	2026-09-07T13:33:36.6034764Z     # Subtest: REGRESION: ejecutar() termina el recorrido y no mata al proceso
Typecheck + Tests + Verificaciones	UNKNOWN STEP	2026-09-07T13:33:36.6035772Z     ok 2 - REGRESION: ejecutar() termina el recorrido y no mata al proceso
Typecheck + Tests + Verificaciones	UNKNOWN STEP	2026-09-07T13:33:36.6036725Z       ---
Typecheck + Tests + Verificaciones	UNKNOWN STEP	2026-09-07T13:33:36.6037096Z       duration_ms: 918.66764
Typecheck + Tests + Verificaciones	UNKNOWN STEP	2026-09-07T13:33:36.6037792Z       type: 'test'
Typecheck + Tests + Verificaciones	UNKNOWN STEP	2026-09-07T13:33:36.6038174Z       ...
Typecheck + Tests + Verificaciones	UNKNOWN STEP	2026-09-07T13:33:36.6038826Z     # Subtest: todos los vigilantes del repositorio cumplen el contrato hoy
Typecheck + Tests + Verificaciones	UNKNOWN STEP	2026-09-07T13:33:36.6039808Z     ok 3 - todos los vigilantes del repositorio cumplen el contrato hoy
Typecheck + Tests + Verificaciones	UNKNOWN STEP	2026-09-07T13:33:36.6040478Z       ---
Typecheck + Tests + Verificaciones	UNKNOWN STEP	2026-09-07T13:33:36.6040837Z       duration_ms: 819.145003
Typecheck + Tests + Verificaciones	UNKNOWN STEP	2026-09-07T13:33:36.6041289Z       type: 'test'
Typecheck + Tests + Verificaciones	UNKNOWN STEP	2026-09-07T13:33:36.6041671Z       ...
Typecheck + Tests + Verificaciones	UNKNOWN STEP	2026-09-07T13:33:36.6042365Z     # Subtest: un vigilante sin test AVISA si es deuda heredada y BLOQUEA si es nuevo
Typecheck + Tests + Verificaciones	UNKNOWN STEP	2026-09-07T13:33:36.6043450Z     ok 4 - un vigilante sin test AVISA si es deuda heredada y BLOQUEA si es nuevo
Typecheck + Tests + Verificaciones	UNKNOWN STEP	2026-09-07T13:33:36.6044184Z       ---
Typecheck + Tests + Verificaciones	UNKNOWN STEP	2026-09-07T13:33:36.6044556Z       duration_ms: 2.843823
Typecheck + Tests + Verificaciones	UNKNOWN STEP	2026-09-07T13:33:36.6044995Z       type: 'test'
Typecheck + Tests + Verificaciones	UNKNOWN STEP	2026-09-07T13:33:36.6045380Z       ...
Typecheck + Tests + Verificaciones	UNKNOWN STEP	2026-09-07T13:33:36.6046519Z     # Subtest: la linea base solo puede encoger: lo que ya tiene test no puede estar en ella
Typecheck + Tests + Verificaciones	UNKNOWN STEP	2026-09-07T13:33:36.6047705Z     ok 5 - la linea base solo puede encoger: lo que ya tiene test no puede estar en ella
Typecheck + Tests + Verificaciones	UNKNOWN STEP	2026-09-07T13:33:36.6048473Z       ---
Typecheck + Tests + Verificaciones	UNKNOWN STEP	2026-09-07T13:33:36.6049077Z       duration_ms: 0.765187
Typecheck + Tests + Verificaciones	UNKNOWN STEP	2026-09-07T13:33:36.6049523Z       type: 'test'
Typecheck + Tests + Verificaciones	UNKNOWN STEP	2026-09-07T13:33:36.6049898Z       ...
Typecheck + Tests + Verificaciones	UNKNOWN STEP	2026-09-07T13:33:36.6050605Z     # Subtest: el ambito solo tiene que ser una cadena no vacia: el catalogo es abierto
Typecheck + Tests + Verificaciones	UNKNOWN STEP	2026-09-07T13:33:36.6051671Z     ok 6 - el ambito solo tiene que ser una cadena no vacia: el catalogo es abierto
Typecheck + Tests + Verificaciones	UNKNOWN STEP	2026-09-07T13:33:36.6052433Z       ---
Typecheck + Tests + Verificaciones	UNKNOWN STEP	2026-09-07T13:33:36.6052792Z       duration_ms: 21.501642
Typecheck + Tests + Verificaciones	UNKNOWN STEP	2026-09-07T13:33:36.6053240Z       type: 'test'
Typecheck + Tests + Verificaciones	UNKNOWN STEP	2026-09-07T13:33:36.6053613Z       ...
Typecheck + Tests + Verificaciones	UNKNOWN STEP	2026-09-07T13:33:36.6054442Z     # Subtest: caza un módulo simulado sin export default o con process.exit()
Typecheck + Tests + Verificaciones	UNKNOWN STEP	2026-09-07T13:33:36.6055533Z     ok 7 - caza un módulo simulado sin export default o con process.exit()
Typecheck + Tests + Verificaciones	UNKNOWN STEP	2026-09-07T13:33:36.6056461Z       ---
Typecheck + Tests + Verificaciones	UNKNOWN STEP	2026-09-07T13:33:36.6056828Z       duration_ms: 0.324415
Typecheck + Tests + Verificaciones	UNKNOWN STEP	2026-09-07T13:33:36.6057270Z       type: 'test'
Typecheck + Tests + Verificaciones	UNKNOWN STEP	2026-09-07T13:33:36.6057641Z       ...
Typecheck + Tests + Verificaciones	UNKNOWN STEP	2026-09-07T13:33:36.6057963Z     1..7
Typecheck + Tests + Verificaciones	UNKNOWN STEP	2026-09-07T13:33:36.6058362Z ok 240 - meta-contrato
Typecheck + Tests + Verificaciones	UNKNOWN STEP	2026-09-07T13:33:36.6058780Z   ---
Typecheck + Tests + Verificaciones	UNKNOWN STEP	2026-09-07T13:33:36.6059144Z   duration_ms: 1766.31644
Typecheck + Tests + Verificaciones	UNKNOWN STEP	2026-09-07T13:33:36.6059572Z   type: 'suite'
Typecheck + Tests + Verificaciones	UNKNOWN STEP	2026-09-07T13:33:36.6059932Z   ...
Typecheck + Tests + Verificaciones	UNKNOWN STEP	2026-09-07T13:33:36.6060320Z # Subtest: meta-mutaciones
Typecheck + Tests + Verificaciones	UNKNOWN STEP	2026-09-07T13:33:36.6060996Z     # Subtest: se declara con nombre y ámbito meta
Typecheck + Tests + Verificaciones	UNKNOWN STEP	2026-09-07T13:33:36.6061734Z     ok 1 - se declara con nombre y ámbito meta
Typecheck + Tests + Verificaciones	UNKNOWN STEP	2026-09-07T13:33:36.6062246Z       ---
Typecheck + Tests + Verificaciones	UNKNOWN STEP	2026-09-07T13:33:36.6062602Z       duration_ms: 0.911229
Typecheck + Tests + Verificaciones	UNKNOWN STEP	2026-09-07T13:33:36.6063019Z       type: 'test'
Typecheck + Tests + Verificaciones	UNKNOWN STEP	2026-09-07T13:33:36.6063378Z       ...
Typecheck + Tests + Verificaciones	UNKNOWN STEP	2026-09-07T13:33:36.6064111Z     # Subtest: todas las mutaciones inyectadas son detectadas por los vigilantes (0 sordos)
Typecheck + Tests + Verificaciones	UNKNOWN STEP	2026-09-07T13:33:36.6065239Z     ok 2 - todas las mutaciones inyectadas son detectadas por los vigilantes (0 sordos)
Typecheck + Tests + Verificaciones	UNKNOWN STEP	2026-09-07T13:33:36.6080237Z       ---
Typecheck + Tests + Verificaciones	UNKNOWN STEP	2026-09-07T13:33:36.6080708Z       duration_ms: 5.914137
Typecheck + Tests + Verificaciones	UNKNOWN STEP	2026-09-07T13:33:36.6081180Z       type: 'test'
Typecheck + Tests + Verificaciones	UNKNOWN STEP	2026-09-07T13:33:36.6081584Z       ...
Typecheck + Tests + Verificaciones	UNKNOWN STEP	2026-09-07T13:33:36.6081954Z     1..2
Typecheck + Tests + Verificaciones	UNKNOWN STEP	2026-09-07T13:33:36.6082397Z ok 241 - meta-mutaciones
Typecheck + Tests + Verificaciones	UNKNOWN STEP	2026-09-07T13:33:36.6082824Z   ---
Typecheck + Tests + Verificaciones	UNKNOWN STEP	2026-09-07T13:33:36.6083212Z   duration_ms: 8.34495
Typecheck + Tests + Verificaciones	UNKNOWN STEP	2026-09-07T13:33:36.6083657Z   type: 'suite'
Typecheck + Tests + Verificaciones	UNKNOWN STEP	2026-09-07T13:33:36.6084051Z   ...
Typecheck + Tests + Verificaciones	UNKNOWN STEP	2026-09-07T13:33:36.6084645Z # Subtest: se declara con nombre, ambito y ejecutar
Typecheck + Tests + Verificaciones	UNKNOWN STEP	2026-09-07T13:33:36.6085445Z ok 242 - se declara con nombre, ambito y ejecutar
Typecheck + Tests + Verificaciones	UNKNOWN STEP	2026-09-07T13:33:36.6086302Z   ---
Typecheck + Tests + Verificaciones	UNKNOWN STEP	2026-09-07T13:33:36.6086719Z   duration_ms: 1.329619
Typecheck + Tests + Verificaciones	UNKNOWN STEP	2026-09-07T13:33:36.6087191Z   type: 'test'
Typecheck + Tests + Verificaciones	UNKNOWN STEP	2026-09-07T13:33:36.6087584Z   ...
Typecheck + Tests + Verificaciones	UNKNOWN STEP	2026-09-07T13:33:36.6088333Z # Subtest: hoy no hay ningun vigilante fuera del runner ni fuera de la edge
Typecheck + Tests + Verificaciones	UNKNOWN STEP	2026-09-07T13:33:36.6089368Z ok 243 - hoy no hay ningun vigilante fuera del runner ni fuera de la edge
Typecheck + Tests + Verificaciones	UNKNOWN STEP	2026-09-07T13:33:36.6090042Z   ---
Typecheck + Tests + Verificaciones	UNKNOWN STEP	2026-09-07T13:33:36.6090424Z   duration_ms: 554.024517
Typecheck + Tests + Verificaciones	UNKNOWN STEP	2026-09-07T13:33:36.6091254Z   type: 'test'
Typecheck + Tests + Verificaciones	UNKNOWN STEP	2026-09-07T13:33:36.6091709Z   ...
Typecheck + Tests + Verificaciones	UNKNOWN STEP	2026-09-07T13:33:36.6092534Z # Subtest: la guarda de importacion mira el codigo ejecutable, no las menciones
Typecheck + Tests + Verificaciones	UNKNOWN STEP	2026-09-07T13:33:36.6093766Z ok 244 - la guarda de importacion mira el codigo ejecutable, no las menciones
Typecheck + Tests + Verificaciones	UNKNOWN STEP	2026-09-07T13:33:36.6094544Z   ---
Typecheck + Tests + Verificaciones	UNKNOWN STEP	2026-09-07T13:33:36.6094983Z   duration_ms: 0.326659
Typecheck + Tests + Verificaciones	UNKNOWN STEP	2026-09-07T13:33:36.6095498Z   type: 'test'
Typecheck + Tests + Verificaciones	UNKNOWN STEP	2026-09-07T13:33:36.6095868Z   ...
Typecheck + Tests + Verificaciones	UNKNOWN STEP	2026-09-07T13:33:36.6096568Z # Subtest: meta-trinquete
Typecheck + Tests + Verificaciones	UNKNOWN STEP	2026-09-07T13:33:36.6097397Z     # Subtest: se declara con nombre y ámbito meta
Typecheck + Tests + Verificaciones	UNKNOWN STEP	2026-09-07T13:33:36.6098251Z     ok 1 - se declara con nombre y ámbito meta
Typecheck + Tests + Verificaciones	UNKNOWN STEP	2026-09-07T13:33:36.6098801Z       ---
Typecheck + Tests + Verificaciones	UNKNOWN STEP	2026-09-07T13:33:36.6099218Z       duration_ms: 1.11024
Typecheck + Tests + Verificaciones	UNKNOWN STEP	2026-09-07T13:33:36.6099696Z       type: 'test'
Typecheck + Tests + Verificaciones	UNKNOWN STEP	2026-09-07T13:33:36.6100125Z       ...
Typecheck + Tests + Verificaciones	UNKNOWN STEP	2026-09-07T13:33:36.6100901Z     # Subtest: bloquea si el número de avisos supera el límite
Typecheck + Tests + Verificaciones	UNKNOWN STEP	2026-09-07T13:33:36.6101892Z     ok 2 - bloquea si el número de avisos supera el límite
Typecheck + Tests + Verificaciones	UNKNOWN STEP	2026-09-07T13:33:36.6102579Z       ---
Typecheck + Tests + Verificaciones	UNKNOWN STEP	2026-09-07T13:33:36.6102988Z       duration_ms: 0.554995
Typecheck + Tests + Verificaciones	UNKNOWN STEP	2026-09-07T13:33:36.6103492Z       type: 'test'
Typecheck + Tests + Verificaciones	UNKNOWN STEP	2026-09-07T13:33:36.6103895Z       ...
Typecheck + Tests + Verificaciones	UNKNOWN STEP	2026-09-07T13:33:36.6105187Z     # Subtest: pasa limpio si los avisos están dentro o por debajo de la línea base
Typecheck + Tests + Verificaciones	UNKNOWN STEP	2026-09-07T13:33:36.6106974Z     ok 3 - pasa limpio si los avisos están dentro o por debajo de la línea base
Typecheck + Tests + Verificaciones	UNKNOWN STEP	2026-09-07T13:33:36.6107821Z       ---
Typecheck + Tests + Verificaciones	UNKNOWN STEP	2026-09-07T13:33:36.6108226Z       duration_ms: 0.199312
Typecheck + Tests + Verificaciones	UNKNOWN STEP	2026-09-07T13:33:36.6108715Z       type: 'test'
Typecheck + Tests + Verificaciones	UNKNOWN STEP	2026-09-07T13:33:36.6109150Z       ...
Typecheck + Tests + Verificaciones	UNKNOWN STEP	2026-09-07T13:33:36.6109783Z     # Subtest: lee el recuento donde de verdad vive (resumen.avisos)
Typecheck + Tests + Verificaciones	UNKNOWN STEP	2026-09-07T13:33:36.6111059Z         # Subtest: saca el número del sitio correcto en un snapshot con la forma real
Typecheck + Tests + Verificaciones	UNKNOWN STEP	2026-09-07T13:33:36.6112366Z         ok 1 - saca el número del sitio correcto en un snapshot con la forma real
Typecheck + Tests + Verificaciones	UNKNOWN STEP	2026-09-07T13:33:36.6113092Z           ---
Typecheck + Tests + Verificaciones	UNKNOWN STEP	2026-09-07T13:33:36.6113540Z           duration_ms: 0.554223
Typecheck + Tests + Verificaciones	UNKNOWN STEP	2026-09-07T13:33:36.6114039Z           type: 'test'
Typecheck + Tests + Verificaciones	UNKNOWN STEP	2026-09-07T13:33:36.6114454Z           ...
Typecheck + Tests + Verificaciones	UNKNOWN STEP	2026-09-07T13:33:36.6115395Z         # Subtest: dispara con un snapshot con la forma real que desborda la línea base
Typecheck + Tests + Verificaciones	UNKNOWN STEP	2026-09-07T13:33:36.6117033Z         ok 2 - dispara con un snapshot con la forma real que desborda la línea base
Typecheck + Tests + Verificaciones	UNKNOWN STEP	2026-09-07T13:33:36.6117849Z           ---
Typecheck + Tests + Verificaciones	UNKNOWN STEP	2026-09-07T13:33:36.6118311Z           duration_ms: 0.292295
Typecheck + Tests + Verificaciones	UNKNOWN STEP	2026-09-07T13:33:36.6118813Z           type: 'test'
Typecheck + Tests + Verificaciones	UNKNOWN STEP	2026-09-07T13:33:36.6119237Z           ...
Typecheck + Tests + Verificaciones	UNKNOWN STEP	2026-09-07T13:33:36.6120135Z         # Subtest: lee el mismo número que trae el snapshot versionado del repo
Typecheck + Tests + Verificaciones	UNKNOWN STEP	2026-09-07T13:33:36.6121297Z         ok 3 - lee el mismo número que trae el snapshot versionado del repo
Typecheck + Tests + Verificaciones	UNKNOWN STEP	2026-09-07T13:33:36.6122038Z           ---
Typecheck + Tests + Verificaciones	UNKNOWN STEP	2026-09-07T13:33:36.6122524Z           duration_ms: 0.638481
Typecheck + Tests + Verificaciones	UNKNOWN STEP	2026-09-07T13:33:36.6123013Z           type: 'test'
Typecheck + Tests + Verificaciones	UNKNOWN STEP	2026-09-07T13:33:36.6123440Z           ...
Typecheck + Tests + Verificaciones	UNKNOWN STEP	2026-09-07T13:33:36.6123825Z         1..3
Typecheck + Tests + Verificaciones	UNKNOWN STEP	2026-09-07T13:33:36.6124477Z     ok 4 - lee el recuento donde de verdad vive (resumen.avisos)
Typecheck + Tests + Verificaciones	UNKNOWN STEP	2026-09-07T13:33:36.6125171Z       ---
Typecheck + Tests + Verificaciones	UNKNOWN STEP	2026-09-07T13:33:36.6125590Z       duration_ms: 1.832266
Typecheck + Tests + Verificaciones	UNKNOWN STEP	2026-09-07T13:33:36.6126402Z       type: 'suite'
Typecheck + Tests + Verificaciones	UNKNOWN STEP	2026-09-07T13:33:36.6126897Z       ...
Typecheck + Tests + Verificaciones	UNKNOWN STEP	2026-09-07T13:33:36.6127531Z     # Subtest: un campo ausente falla en voz alta, no se lee como cero
Typecheck + Tests + Verificaciones	UNKNOWN STEP	2026-09-07T13:33:36.6128425Z         # Subtest: sin objeto resumen
Typecheck + Tests + Verificaciones	UNKNOWN STEP	2026-09-07T13:33:36.6129084Z         ok 1 - sin objeto resumen
Typecheck + Tests + Verificaciones	UNKNOWN STEP	2026-09-07T13:33:36.6129604Z           ---
Typecheck + Tests + Verificaciones	UNKNOWN STEP	2026-09-07T13:33:36.6130064Z           duration_ms: 0.776808
Typecheck + Tests + Verificaciones	UNKNOWN STEP	2026-09-07T13:33:36.6130554Z           type: 'test'
Typecheck + Tests + Verificaciones	UNKNOWN STEP	2026-09-07T13:33:36.6130976Z           ...
Typecheck + Tests + Verificaciones	UNKNOWN STEP	2026-09-07T13:33:36.6131500Z         # Subtest: con resumen pero sin avisos
Typecheck + Tests + Verificaciones	UNKNOWN STEP	2026-09-07T13:33:36.6132202Z         ok 2 - con resumen pero sin avisos
Typecheck + Tests + Verificaciones	UNKNOWN STEP	2026-09-07T13:33:36.6132776Z           ---
Typecheck + Tests + Verificaciones	UNKNOWN STEP	2026-09-07T13:33:36.6133235Z           duration_ms: 0.495133
Typecheck + Tests + Verificaciones	UNKNOWN STEP	2026-09-07T13:33:36.6133733Z           type: 'test'
Typecheck + Tests + Verificaciones	UNKNOWN STEP	2026-09-07T13:33:36.6134173Z           ...
Typecheck + Tests + Verificaciones	UNKNOWN STEP	2026-09-07T13:33:36.6135138Z         # Subtest: con avisos que no es un número
Typecheck + Tests + Verificaciones	UNKNOWN STEP	2026-09-07T13:33:36.6136352Z         ok 3 - con avisos que no es un número
Typecheck + Tests + Verificaciones	UNKNOWN STEP	2026-09-07T13:33:36.6136961Z           ---
Typecheck + Tests + Verificaciones	UNKNOWN STEP	2026-09-07T13:33:36.6137445Z           duration_ms: 0.464536
Typecheck + Tests + Verificaciones	UNKNOWN STEP	2026-09-07T13:33:36.6137947Z           type: 'test'
Typecheck + Tests + Verificaciones	UNKNOWN STEP	2026-09-07T13:33:36.6138388Z           ...
Typecheck + Tests + Verificaciones	UNKNOWN STEP	2026-09-07T13:33:36.6138952Z         # Subtest: con un snapshot que no es ni un objeto
Typecheck + Tests + Verificaciones	UNKNOWN STEP	2026-09-07T13:33:36.6139719Z         ok 4 - con un snapshot que no es ni un objeto
Typecheck + Tests + Verificaciones	UNKNOWN STEP	2026-09-07T13:33:36.6140345Z           ---
Typecheck + Tests + Verificaciones	UNKNOWN STEP	2026-09-07T13:33:36.6140815Z           duration_ms: 0.451071
Typecheck + Tests + Verificaciones	UNKNOWN STEP	2026-09-07T13:33:36.6141313Z           type: 'test'
Typecheck + Tests + Verificaciones	UNKNOWN STEP	2026-09-07T13:33:36.6141769Z           ...
Typecheck + Tests + Verificaciones	UNKNOWN STEP	2026-09-07T13:33:36.6142609Z         # Subtest: la línea base sin techo no se afloja a 45 por defecto
Typecheck + Tests + Verificaciones	UNKNOWN STEP	2026-09-07T13:33:36.6143701Z         ok 5 - la línea base sin techo no se afloja a 45 por defecto
Typecheck + Tests + Verificaciones	UNKNOWN STEP	2026-09-07T13:33:36.6144364Z           ---
Typecheck + Tests + Verificaciones	UNKNOWN STEP	2026-09-07T13:33:36.6144818Z           duration_ms: 0.31085
Typecheck + Tests + Verificaciones	UNKNOWN STEP	2026-09-07T13:33:36.6145308Z           type: 'test'
Typecheck + Tests + Verificaciones	UNKNOWN STEP	2026-09-07T13:33:36.6145767Z           ...
Typecheck + Tests + Verificaciones	UNKNOWN STEP	2026-09-07T13:33:36.6146988Z         # Subtest: evaluarTrinquete rechaza cifras que no son números
Typecheck + Tests + Verificaciones	UNKNOWN STEP	2026-09-07T13:33:36.6148387Z         ok 6 - evaluarTrinquete rechaza cifras que no son números
Typecheck + Tests + Verificaciones	UNKNOWN STEP	2026-09-07T13:33:36.6149111Z           ---
Typecheck + Tests + Verificaciones	UNKNOWN STEP	2026-09-07T13:33:36.6149585Z           duration_ms: 0.21968
Typecheck + Tests + Verificaciones	UNKNOWN STEP	2026-09-07T13:33:36.6150092Z           type: 'test'
Typecheck + Tests + Verificaciones	UNKNOWN STEP	2026-09-07T13:33:36.6150544Z           ...
Typecheck + Tests + Verificaciones	UNKNOWN STEP	2026-09-07T13:33:36.6150967Z         1..6
Typecheck + Tests + Verificaciones	UNKNOWN STEP	2026-09-07T13:33:36.6151612Z     ok 5 - un campo ausente falla en voz alta, no se lee como cero
Typecheck + Tests + Verificaciones	UNKNOWN STEP	2026-09-07T13:33:36.6152313Z       ---
Typecheck + Tests + Verificaciones	UNKNOWN STEP	2026-09-07T13:33:36.6152739Z       duration_ms: 5.130316
Typecheck + Tests + Verificaciones	UNKNOWN STEP	2026-09-07T13:33:36.6153250Z       type: 'suite'
Typecheck + Tests + Verificaciones	UNKNOWN STEP	2026-09-07T13:33:36.6153671Z       ...
Typecheck + Tests + Verificaciones	UNKNOWN STEP	2026-09-07T13:33:36.6154303Z     # Subtest: ejecutar() contra los ficheros versionados del repo
Typecheck + Tests + Verificaciones	UNKNOWN STEP	2026-09-07T13:33:36.6155268Z         # Subtest: mide de verdad: compara el recuento real contra el techo real
Typecheck + Tests + Verificaciones	UNKNOWN STEP	2026-09-07T13:33:36.6156546Z         ok 1 - mide de verdad: compara el recuento real contra el techo real
Typecheck + Tests + Verificaciones	UNKNOWN STEP	2026-09-07T13:33:36.6157253Z           ---
Typecheck + Tests + Verificaciones	UNKNOWN STEP	2026-09-07T13:33:36.6157678Z           duration_ms: 1.303941
Typecheck + Tests + Verificaciones	UNKNOWN STEP	2026-09-07T13:33:36.6158183Z           type: 'test'
Typecheck + Tests + Verificaciones	UNKNOWN STEP	2026-09-07T13:33:36.6158583Z           ...
Typecheck + Tests + Verificaciones	UNKNOWN STEP	2026-09-07T13:33:36.6158945Z         1..1
Typecheck + Tests + Verificaciones	UNKNOWN STEP	2026-09-07T13:33:36.6159510Z     ok 6 - ejecutar() contra los ficheros versionados del repo
Typecheck + Tests + Verificaciones	UNKNOWN STEP	2026-09-07T13:33:36.6160181Z       ---
Typecheck + Tests + Verificaciones	UNKNOWN STEP	2026-09-07T13:33:36.6160574Z       duration_ms: 1.411953
Typecheck + Tests + Verificaciones	UNKNOWN STEP	2026-09-07T13:33:36.6161033Z       type: 'suite'
Typecheck + Tests + Verificaciones	UNKNOWN STEP	2026-09-07T13:33:36.6161411Z       ...
Typecheck + Tests + Verificaciones	UNKNOWN STEP	2026-09-07T13:33:36.6161773Z     1..6
Typecheck + Tests + Verificaciones	UNKNOWN STEP	2026-09-07T13:33:36.6162190Z ok 245 - meta-trinquete
Typecheck + Tests + Verificaciones	UNKNOWN STEP	2026-09-07T13:33:36.6162602Z   ---
Typecheck + Tests + Verificaciones	UNKNOWN STEP	2026-09-07T13:33:36.6162979Z   duration_ms: 11.791015
Typecheck + Tests + Verificaciones	UNKNOWN STEP	2026-09-07T13:33:36.6163411Z   type: 'suite'
Typecheck + Tests + Verificaciones	UNKNOWN STEP	2026-09-07T13:33:36.6163799Z   ...
Typecheck + Tests + Verificaciones	UNKNOWN STEP	2026-09-07T13:33:36.6164259Z # Subtest: el alcance de la medida
Typecheck + Tests + Verificaciones	UNKNOWN STEP	2026-09-07T13:33:36.6165083Z     # Subtest: calla cuando el techo y el snapshot miden los mismos vigilantes
Typecheck + Tests + Verificaciones	UNKNOWN STEP	2026-09-07T13:33:36.6166371Z     ok 1 - calla cuando el techo y el snapshot miden los mismos vigilantes
Typecheck + Tests + Verificaciones	UNKNOWN STEP	2026-09-07T13:33:36.6167100Z       ---
Typecheck + Tests + Verificaciones	UNKNOWN STEP	2026-09-07T13:33:36.6167532Z       duration_ms: 0.983033
Typecheck + Tests + Verificaciones	UNKNOWN STEP	2026-09-07T13:33:36.6168021Z       type: 'test'
Typecheck + Tests + Verificaciones	UNKNOWN STEP	2026-09-07T13:33:36.6168446Z       ...
Typecheck + Tests + Verificaciones	UNKNOWN STEP	2026-09-07T13:33:36.6169093Z     # Subtest: avisa --y no bloquea-- cuando los alcances no coinciden
Typecheck + Tests + Verificaciones	UNKNOWN STEP	2026-09-07T13:33:36.6170036Z     ok 2 - avisa --y no bloquea-- cuando los alcances no coinciden
Typecheck + Tests + Verificaciones	UNKNOWN STEP	2026-09-07T13:33:36.6170713Z       ---
Typecheck + Tests + Verificaciones	UNKNOWN STEP	2026-09-07T13:33:36.6171102Z       duration_ms: 0.272428
Typecheck + Tests + Verificaciones	UNKNOWN STEP	2026-09-07T13:33:36.6171275Z       type: 'test'
Typecheck + Tests + Verificaciones	UNKNOWN STEP	2026-09-07T13:33:36.6171437Z       ...
Typecheck + Tests + Verificaciones	UNKNOWN STEP	2026-09-07T13:33:36.6171840Z     # Subtest: con los alcances descuadrados NO se compara la deuda
Typecheck + Tests + Verificaciones	UNKNOWN STEP	2026-09-07T13:33:36.6172208Z     ok 3 - con los alcances descuadrados NO se compara la deuda
Typecheck + Tests + Verificaciones	UNKNOWN STEP	2026-09-07T13:33:36.6172360Z       ---
Typecheck + Tests + Verificaciones	UNKNOWN STEP	2026-09-07T13:33:36.6172555Z       duration_ms: 0.187961
Typecheck + Tests + Verificaciones	UNKNOWN STEP	2026-09-07T13:33:36.6172733Z       type: 'test'
Typecheck + Tests + Verificaciones	UNKNOWN STEP	2026-09-07T13:33:36.6173169Z       ...
Typecheck + Tests + Verificaciones	UNKNOWN STEP	2026-09-07T13:33:36.6173681Z     # Subtest: un alcance ausente es un ancla perdida, no un pase libre
Typecheck + Tests + Verificaciones	UNKNOWN STEP	2026-09-07T13:33:36.6174098Z     ok 4 - un alcance ausente es un ancla perdida, no un pase libre
Typecheck + Tests + Verificaciones	UNKNOWN STEP	2026-09-07T13:33:36.6174287Z       ---
Typecheck + Tests + Verificaciones	UNKNOWN STEP	2026-09-07T13:33:36.6174479Z       duration_ms: 0.333632
Typecheck + Tests + Verificaciones	UNKNOWN STEP	2026-09-07T13:33:36.6174652Z       type: 'test'
Typecheck + Tests + Verificaciones	UNKNOWN STEP	2026-09-07T13:33:36.6174814Z       ...
Typecheck + Tests + Verificaciones	UNKNOWN STEP	2026-09-07T13:33:36.6175278Z     # Subtest: los dos ficheros versionados de hoy declaran el mismo alcance
Typecheck + Tests + Verificaciones	UNKNOWN STEP	2026-09-07T13:33:36.6175701Z     ok 5 - los dos ficheros versionados de hoy declaran el mismo alcance
Typecheck + Tests + Verificaciones	UNKNOWN STEP	2026-09-07T13:33:36.6175870Z       ---
Typecheck + Tests + Verificaciones	UNKNOWN STEP	2026-09-07T13:33:36.6176368Z       duration_ms: 0.480526
Typecheck + Tests + Verificaciones	UNKNOWN STEP	2026-09-07T13:33:36.6176581Z       type: 'test'
Typecheck + Tests + Verificaciones	UNKNOWN STEP	2026-09-07T13:33:36.6176746Z       ...
Typecheck + Tests + Verificaciones	UNKNOWN STEP	2026-09-07T13:33:36.6176905Z     1..5
Typecheck + Tests + Verificaciones	UNKNOWN STEP	2026-09-07T13:33:36.6177169Z ok 246 - el alcance de la medida
Typecheck + Tests + Verificaciones	UNKNOWN STEP	2026-09-07T13:33:36.6177327Z   ---
Typecheck + Tests + Verificaciones	UNKNOWN STEP	2026-09-07T13:33:36.6177505Z   duration_ms: 2.507836
Typecheck + Tests + Verificaciones	UNKNOWN STEP	2026-09-07T13:33:36.6177676Z   type: 'suite'
Typecheck + Tests + Verificaciones	UNKNOWN STEP	2026-09-07T13:33:36.6177837Z   ...
Typecheck + Tests + Verificaciones	UNKNOWN STEP	2026-09-07T13:33:36.6178352Z # Subtest: los comentarios no cuentan, pero las lineas no se mueven
Typecheck + Tests + Verificaciones	UNKNOWN STEP	2026-09-07T13:33:36.6178832Z ok 247 - los comentarios no cuentan, pero las lineas no se mueven
Typecheck + Tests + Verificaciones	UNKNOWN STEP	2026-09-07T13:33:36.6179259Z   ---
Typecheck + Tests + Verificaciones	UNKNOWN STEP	2026-09-07T13:33:36.6179477Z   duration_ms: 3.282521
Typecheck + Tests + Verificaciones	UNKNOWN STEP	2026-09-07T13:33:36.6179665Z   type: 'test'
Typecheck + Tests + Verificaciones	UNKNOWN STEP	2026-09-07T13:33:36.6179836Z   ...
Typecheck + Tests + Verificaciones	UNKNOWN STEP	2026-09-07T13:33:36.6180277Z # Subtest: encuentra el cuerpo de una funcion y su firma
Typecheck + Tests + Verificaciones	UNKNOWN STEP	2026-09-07T13:33:36.6180688Z ok 248 - encuentra el cuerpo de una funcion y su firma
Typecheck + Tests + Verificaciones	UNKNOWN STEP	2026-09-07T13:33:36.6180847Z   ---
Typecheck + Tests + Verificaciones	UNKNOWN STEP	2026-09-07T13:33:36.6181039Z   duration_ms: 0.844234
Typecheck + Tests + Verificaciones	UNKNOWN STEP	2026-09-07T13:33:36.6181216Z   type: 'test'
Typecheck + Tests + Verificaciones	UNKNOWN STEP	2026-09-07T13:33:36.6181378Z   ...
Typecheck + Tests + Verificaciones	UNKNOWN STEP	2026-09-07T13:33:36.6181905Z # Subtest: lee los nombres revocados, tambien los del array del bucle
Typecheck + Tests + Verificaciones	UNKNOWN STEP	2026-09-07T13:33:36.6182372Z ok 249 - lee los nombres revocados, tambien los del array del bucle
Typecheck + Tests + Verificaciones	UNKNOWN STEP	2026-09-07T13:33:36.6182528Z   ---
Typecheck + Tests + Verificaciones	UNKNOWN STEP	2026-09-07T13:33:36.6182711Z   duration_ms: 1.926862
Typecheck + Tests + Verificaciones	UNKNOWN STEP	2026-09-07T13:33:36.6182891Z   type: 'test'
Typecheck + Tests + Verificaciones	UNKNOWN STEP	2026-09-07T13:33:36.6183037Z   ...
Typecheck + Tests + Verificaciones	UNKNOWN STEP	2026-09-07T13:33:36.6183394Z # Subtest: una tabla nueva sin RLS es bloqueante
Typecheck + Tests + Verificaciones	UNKNOWN STEP	2026-09-07T13:33:36.6183742Z ok 250 - una tabla nueva sin RLS es bloqueante
Typecheck + Tests + Verificaciones	UNKNOWN STEP	2026-09-07T13:33:36.6183923Z   ---
Typecheck + Tests + Verificaciones	UNKNOWN STEP	2026-09-07T13:33:36.6184127Z   duration_ms: 1.153541
Typecheck + Tests + Verificaciones	UNKNOWN STEP	2026-09-07T13:33:36.6184306Z   type: 'test'
Typecheck + Tests + Verificaciones	UNKNOWN STEP	2026-09-07T13:33:36.6184470Z   ...
Typecheck + Tests + Verificaciones	UNKNOWN STEP	2026-09-07T13:33:36.6184833Z # Subtest: con su enable row level security, no
Typecheck + Tests + Verificaciones	UNKNOWN STEP	2026-09-07T13:33:36.6185168Z ok 251 - con su enable row level security, no
Typecheck + Tests + Verificaciones	UNKNOWN STEP	2026-09-07T13:33:36.6185323Z   ---
Typecheck + Tests + Verificaciones	UNKNOWN STEP	2026-09-07T13:33:36.6185518Z   duration_ms: 0.515251
Typecheck + Tests + Verificaciones	UNKNOWN STEP	2026-09-07T13:33:36.6185698Z   type: 'test'
Typecheck + Tests + Verificaciones	UNKNOWN STEP	2026-09-07T13:33:36.6185860Z   ...
Typecheck + Tests + Verificaciones	UNKNOWN STEP	2026-09-07T13:33:36.6186847Z # Subtest: una tabla en otro esquema no se confunde con una tabla llamada como el esquema
Typecheck + Tests + Verificaciones	UNKNOWN STEP	2026-09-07T13:33:36.6187520Z ok 252 - una tabla en otro esquema no se confunde con una tabla llamada como el esquema
Typecheck + Tests + Verificaciones	UNKNOWN STEP	2026-09-07T13:33:36.6187694Z   ---
Typecheck + Tests + Verificaciones	UNKNOWN STEP	2026-09-07T13:33:36.6187894Z   duration_ms: 0.504211
Typecheck + Tests + Verificaciones	UNKNOWN STEP	2026-09-07T13:33:36.6188089Z   type: 'test'
Typecheck + Tests + Verificaciones	UNKNOWN STEP	2026-09-07T13:33:36.6188234Z   ...
Typecheck + Tests + Verificaciones	UNKNOWN STEP	2026-09-07T13:33:36.6188574Z # Subtest: un esquema propio sin revoke avisa
Typecheck + Tests + Verificaciones	UNKNOWN STEP	2026-09-07T13:33:36.6188913Z ok 253 - un esquema propio sin revoke avisa
Typecheck + Tests + Verificaciones	UNKNOWN STEP	2026-09-07T13:33:36.6189070Z   ---
Typecheck + Tests + Verificaciones	UNKNOWN STEP	2026-09-07T13:33:36.6189257Z   duration_ms: 0.394536
Typecheck + Tests + Verificaciones	UNKNOWN STEP	2026-09-07T13:33:36.6189442Z   type: 'test'
Typecheck + Tests + Verificaciones	UNKNOWN STEP	2026-09-07T13:33:36.6189607Z   ...
Typecheck + Tests + Verificaciones	UNKNOWN STEP	2026-09-07T13:33:36.6190073Z # Subtest: un esquema propio cerrado con revoke no dice nada
Typecheck + Tests + Verificaciones	UNKNOWN STEP	2026-09-07T13:33:36.6190523Z ok 254 - un esquema propio cerrado con revoke no dice nada
Typecheck + Tests + Verificaciones	UNKNOWN STEP	2026-09-07T13:33:36.6190693Z   ---
Typecheck + Tests + Verificaciones	UNKNOWN STEP	2026-09-07T13:33:36.6190904Z   duration_ms: 1.403256
Typecheck + Tests + Verificaciones	UNKNOWN STEP	2026-09-07T13:33:36.6191097Z   type: 'test'
Typecheck + Tests + Verificaciones	UNKNOWN STEP	2026-09-07T13:33:36.6191263Z   ...
Typecheck + Tests + Verificaciones	UNKNOWN STEP	2026-09-07T13:33:36.6191756Z # Subtest: public explicito y public implicito se tratan igual
Typecheck + Tests + Verificaciones	UNKNOWN STEP	2026-09-07T13:33:36.6192229Z ok 255 - public explicito y public implicito se tratan igual
Typecheck + Tests + Verificaciones	UNKNOWN STEP	2026-09-07T13:33:36.6192419Z   ---
Typecheck + Tests + Verificaciones	UNKNOWN STEP	2026-09-07T13:33:36.6192619Z   duration_ms: 0.544726
Typecheck + Tests + Verificaciones	UNKNOWN STEP	2026-09-07T13:33:36.6193061Z   type: 'test'
Typecheck + Tests + Verificaciones	UNKNOWN STEP	2026-09-07T13:33:36.6193237Z   ...
Typecheck + Tests + Verificaciones	UNKNOWN STEP	2026-09-07T13:33:36.6193759Z # Subtest: una politica de escritura con check (true) es bloqueante
Typecheck + Tests + Verificaciones	UNKNOWN STEP	2026-09-07T13:33:36.6194286Z ok 256 - una politica de escritura con check (true) es bloqueante
Typecheck + Tests + Verificaciones	UNKNOWN STEP	2026-09-07T13:33:36.6194464Z   ---
Typecheck + Tests + Verificaciones	UNKNOWN STEP	2026-09-07T13:33:36.6194651Z   duration_ms: 0.835798
Typecheck + Tests + Verificaciones	UNKNOWN STEP	2026-09-07T13:33:36.6194835Z   type: 'test'
Typecheck + Tests + Verificaciones	UNKNOWN STEP	2026-09-07T13:33:36.6194992Z   ...
Typecheck + Tests + Verificaciones	UNKNOWN STEP	2026-09-07T13:33:36.6195400Z # Subtest: una de solo lectura con using (true) no lo es
Typecheck + Tests + Verificaciones	UNKNOWN STEP	2026-09-07T13:33:36.6195767Z ok 257 - una de solo lectura con using (true) no lo es
Typecheck + Tests + Verificaciones	UNKNOWN STEP	2026-09-07T13:33:36.6195927Z   ---
Typecheck + Tests + Verificaciones	UNKNOWN STEP	2026-09-07T13:33:36.6196493Z   duration_ms: 1.389822
Typecheck + Tests + Verificaciones	UNKNOWN STEP	2026-09-07T13:33:36.6196677Z   type: 'test'
Typecheck + Tests + Verificaciones	UNKNOWN STEP	2026-09-07T13:33:36.6196833Z   ...
Typecheck + Tests + Verificaciones	UNKNOWN STEP	2026-09-07T13:33:36.6197314Z # Subtest: una politica de escritura atada al negocio no lo es
Typecheck + Tests + Verificaciones	UNKNOWN STEP	2026-09-07T13:33:36.6197735Z ok 258 - una politica de escritura atada al negocio no lo es
Typecheck + Tests + Verificaciones	UNKNOWN STEP	2026-09-07T13:33:36.6197895Z   ---
Typecheck + Tests + Verificaciones	UNKNOWN STEP	2026-09-07T13:33:36.6198097Z   duration_ms: 0.231512
Typecheck + Tests + Verificaciones	UNKNOWN STEP	2026-09-07T13:33:36.6198277Z   type: 'test'
Typecheck + Tests + Verificaciones	UNKNOWN STEP	2026-09-07T13:33:36.6198448Z   ...
Typecheck + Tests + Verificaciones	UNKNOWN STEP	2026-09-07T13:33:36.6198860Z # Subtest: definer que recibe negocio_id y se fia de el
Typecheck + Tests + Verificaciones	UNKNOWN STEP	2026-09-07T13:33:36.6199505Z ok 259 - definer que recibe negocio_id y se fia de el
Typecheck + Tests + Verificaciones	UNKNOWN STEP	2026-09-07T13:33:36.6199670Z   ---
Typecheck + Tests + Verificaciones	UNKNOWN STEP	2026-09-07T13:33:36.6199842Z   duration_ms: 0.782991
Typecheck + Tests + Verificaciones	UNKNOWN STEP	2026-09-07T13:33:36.6200039Z   type: 'test'
Typecheck + Tests + Verificaciones	UNKNOWN STEP	2026-09-07T13:33:36.6200210Z   ...
Typecheck + Tests + Verificaciones	UNKNOWN STEP	2026-09-07T13:33:36.6200472Z # Subtest: con exige_mi_negocio, no
Typecheck + Tests + Verificaciones	UNKNOWN STEP	2026-09-07T13:33:36.6200714Z ok 260 - con exige_mi_negocio, no
Typecheck + Tests + Verificaciones	UNKNOWN STEP	2026-09-07T13:33:36.6200864Z   ---
Typecheck + Tests + Verificaciones	UNKNOWN STEP	2026-09-07T13:33:36.6201038Z   duration_ms: 0.471449
Typecheck + Tests + Verificaciones	UNKNOWN STEP	2026-09-07T13:33:36.6201213Z   type: 'test'
Typecheck + Tests + Verificaciones	UNKNOWN STEP	2026-09-07T13:33:36.6201368Z   ...
Typecheck + Tests + Verificaciones	UNKNOWN STEP	2026-09-07T13:33:36.6201663Z # Subtest: con auth.uid() tambien vale
Typecheck + Tests + Verificaciones	UNKNOWN STEP	2026-09-07T13:33:36.6202206Z ok 261 - con auth.uid() tambien vale
Typecheck + Tests + Verificaciones	UNKNOWN STEP	2026-09-07T13:33:36.6202385Z   ---
Typecheck + Tests + Verificaciones	UNKNOWN STEP	2026-09-07T13:33:36.6202581Z   duration_ms: 0.151011
Typecheck + Tests + Verificaciones	UNKNOWN STEP	2026-09-07T13:33:36.6202751Z   type: 'test'
Typecheck + Tests + Verificaciones	UNKNOWN STEP	2026-09-07T13:33:36.6202909Z   ...
Typecheck + Tests + Verificaciones	UNKNOWN STEP	2026-09-07T13:33:36.6203616Z # Subtest: otros ids de los que se deduce el negocio cuentan igual
Typecheck + Tests + Verificaciones	UNKNOWN STEP	2026-09-07T13:33:36.6204090Z ok 262 - otros ids de los que se deduce el negocio cuentan igual
Typecheck + Tests + Verificaciones	UNKNOWN STEP	2026-09-07T13:33:36.6204250Z   ---
Typecheck + Tests + Verificaciones	UNKNOWN STEP	2026-09-07T13:33:36.6204432Z   duration_ms: 0.424972
Typecheck + Tests + Verificaciones	UNKNOWN STEP	2026-09-07T13:33:36.6204602Z   type: 'test'
Typecheck + Tests + Verificaciones	UNKNOWN STEP	2026-09-07T13:33:36.6204754Z   ...
Typecheck + Tests + Verificaciones	UNKNOWN STEP	2026-09-07T13:33:36.6205127Z # Subtest: un definer sin id de negocio no se mira
Typecheck + Tests + Verificaciones	UNKNOWN STEP	2026-09-07T13:33:36.6205458Z ok 263 - un definer sin id de negocio no se mira
Typecheck + Tests + Verificaciones	UNKNOWN STEP	2026-09-07T13:33:36.6205616Z   ---
Typecheck + Tests + Verificaciones	UNKNOWN STEP	2026-09-07T13:33:36.6205795Z   duration_ms: 0.148046
Typecheck + Tests + Verificaciones	UNKNOWN STEP	2026-09-07T13:33:36.6206239Z   type: 'test'
Typecheck + Tests + Verificaciones	UNKNOWN STEP	2026-09-07T13:33:36.6206409Z   ...
Typecheck + Tests + Verificaciones	UNKNOWN STEP	2026-09-07T13:33:36.6206811Z # Subtest: security invoker no se mira: ahi manda RLS
Typecheck + Tests + Verificaciones	UNKNOWN STEP	2026-09-07T13:33:36.6207193Z ok 264 - security invoker no se mira: ahi manda RLS
Typecheck + Tests + Verificaciones	UNKNOWN STEP	2026-09-07T13:33:36.6207432Z   ---
Typecheck + Tests + Verificaciones	UNKNOWN STEP	2026-09-07T13:33:36.6207624Z   duration_ms: 0.22035
Typecheck + Tests + Verificaciones	UNKNOWN STEP	2026-09-07T13:33:36.6207805Z   type: 'test'
Typecheck + Tests + Verificaciones	UNKNOWN STEP	2026-09-07T13:33:36.6207964Z   ...
Typecheck + Tests + Verificaciones	UNKNOWN STEP	2026-09-07T13:33:36.6208440Z # Subtest: defensa valida 2: revocada de anon y authenticated
Typecheck + Tests + Verificaciones	UNKNOWN STEP	2026-09-07T13:33:36.6208867Z ok 265 - defensa valida 2: revocada de anon y authenticated
Typecheck + Tests + Verificaciones	UNKNOWN STEP	2026-09-07T13:33:36.6209034Z   ---
Typecheck + Tests + Verificaciones	UNKNOWN STEP	2026-09-07T13:33:36.6209228Z   duration_ms: 0.154037
Typecheck + Tests + Verificaciones	UNKNOWN STEP	2026-09-07T13:33:36.6209408Z   type: 'test'
Typecheck + Tests + Verificaciones	UNKNOWN STEP	2026-09-07T13:33:36.6209559Z   ...
Typecheck + Tests + Verificaciones	UNKNOWN STEP	2026-09-07T13:33:36.6210204Z # Subtest: defensa valida 3: el portal deriva el negocio del slug y exige un secreto
Typecheck + Tests + Verificaciones	UNKNOWN STEP	2026-09-07T13:33:36.6210805Z ok 266 - defensa valida 3: el portal deriva el negocio del slug y exige un secreto
Typecheck + Tests + Verificaciones	UNKNOWN STEP	2026-09-07T13:33:36.6210967Z   ---
Typecheck + Tests + Verificaciones	UNKNOWN STEP	2026-09-07T13:33:36.6211153Z   duration_ms: 0.331088
Typecheck + Tests + Verificaciones	UNKNOWN STEP	2026-09-07T13:33:36.6211322Z   type: 'test'
Typecheck + Tests + Verificaciones	UNKNOWN STEP	2026-09-07T13:33:36.6211469Z   ...
Typecheck + Tests + Verificaciones	UNKNOWN STEP	2026-09-07T13:33:36.6211955Z # Subtest: pero el portal sin secreto sigue siendo un hallazgo
Typecheck + Tests + Verificaciones	UNKNOWN STEP	2026-09-07T13:33:36.6212411Z ok 267 - pero el portal sin secreto sigue siendo un hallazgo
Typecheck + Tests + Verificaciones	UNKNOWN STEP	2026-09-07T13:33:36.6212580Z   ---
Typecheck + Tests + Verificaciones	UNKNOWN STEP	2026-09-07T13:33:36.6212770Z   duration_ms: 0.249405
Typecheck + Tests + Verificaciones	UNKNOWN STEP	2026-09-07T13:33:36.6213217Z   type: 'test'
Typecheck + Tests + Verificaciones	UNKNOWN STEP	2026-09-07T13:33:36.6213414Z   ...
Typecheck + Tests + Verificaciones	UNKNOWN STEP	2026-09-07T13:33:36.6213883Z # Subtest: abrir a anon sin comentario encima es bloqueante
Typecheck + Tests + Verificaciones	UNKNOWN STEP	2026-09-07T13:33:36.6214315Z ok 268 - abrir a anon sin comentario encima es bloqueante
Typecheck + Tests + Verificaciones	UNKNOWN STEP	2026-09-07T13:33:36.6214490Z   ---
Typecheck + Tests + Verificaciones	UNKNOWN STEP	2026-09-07T13:33:36.6214682Z   duration_ms: 0.268801
Typecheck + Tests + Verificaciones	UNKNOWN STEP	2026-09-07T13:33:36.6214864Z   type: 'test'
Typecheck + Tests + Verificaciones	UNKNOWN STEP	2026-09-07T13:33:36.6215028Z   ...
Typecheck + Tests + Verificaciones	UNKNOWN STEP	2026-09-07T13:33:36.6215375Z # Subtest: con un comentario que lo explique, no
Typecheck + Tests + Verificaciones	UNKNOWN STEP	2026-09-07T13:33:36.6215722Z ok 269 - con un comentario que lo explique, no
Typecheck + Tests + Verificaciones	UNKNOWN STEP	2026-09-07T13:33:36.6215886Z   ---
Typecheck + Tests + Verificaciones	UNKNOWN STEP	2026-09-07T13:33:36.6216362Z   duration_ms: 0.160209
Typecheck + Tests + Verificaciones	UNKNOWN STEP	2026-09-07T13:33:36.6216555Z   type: 'test'
Typecheck + Tests + Verificaciones	UNKNOWN STEP	2026-09-07T13:33:36.6216715Z   ...
Typecheck + Tests + Verificaciones	UNKNOWN STEP	2026-09-07T13:33:36.6217192Z # Subtest: un grant a authenticated no necesita justificarse
Typecheck + Tests + Verificaciones	UNKNOWN STEP	2026-09-07T13:33:36.6217624Z ok 270 - un grant a authenticated no necesita justificarse
Typecheck + Tests + Verificaciones	UNKNOWN STEP	2026-09-07T13:33:36.6217794Z   ---
Typecheck + Tests + Verificaciones	UNKNOWN STEP	2026-09-07T13:33:36.6217984Z   duration_ms: 0.136745
Typecheck + Tests + Verificaciones	UNKNOWN STEP	2026-09-07T13:33:36.6218167Z   type: 'test'
Typecheck + Tests + Verificaciones	UNKNOWN STEP	2026-09-07T13:33:36.6218347Z   ...
Typecheck + Tests + Verificaciones	UNKNOWN STEP	2026-09-07T13:33:36.6218732Z # Subtest: una funcion tipo exec_sql es bloqueante
Typecheck + Tests + Verificaciones	UNKNOWN STEP	2026-09-07T13:33:36.6219085Z ok 271 - una funcion tipo exec_sql es bloqueante
Typecheck + Tests + Verificaciones	UNKNOWN STEP	2026-09-07T13:33:36.6219500Z   ---
Typecheck + Tests + Verificaciones	UNKNOWN STEP	2026-09-07T13:33:36.6219701Z   duration_ms: 0.141574
Typecheck + Tests + Verificaciones	UNKNOWN STEP	2026-09-07T13:33:36.6219890Z   type: 'test'
Typecheck + Tests + Verificaciones	UNKNOWN STEP	2026-09-07T13:33:36.6220056Z   ...
Typecheck + Tests + Verificaciones	UNKNOWN STEP	2026-09-07T13:33:36.6220458Z # Subtest: hoy las migraciones activas estan limpias
Typecheck + Tests + Verificaciones	UNKNOWN STEP	2026-09-07T13:33:36.6220847Z ok 272 - hoy las migraciones activas estan limpias
Typecheck + Tests + Verificaciones	UNKNOWN STEP	2026-09-07T13:33:36.6221019Z   ---
Typecheck + Tests + Verificaciones	UNKNOWN STEP	2026-09-07T13:33:36.6221218Z   duration_ms: 77.856972
Typecheck + Tests + Verificaciones	UNKNOWN STEP	2026-09-07T13:33:36.6221396Z   type: 'test'
Typecheck + Tests + Verificaciones	UNKNOWN STEP	2026-09-07T13:33:36.6221557Z   ...
Typecheck + Tests + Verificaciones	UNKNOWN STEP	2026-09-07T13:33:36.6222094Z # Subtest: la linea base heredada es la que se congelo el 29 ago 2026
Typecheck + Tests + Verificaciones	UNKNOWN STEP	2026-09-07T13:33:36.6222603Z ok 273 - la linea base heredada es la que se congelo el 29 ago 2026
Typecheck + Tests + Verificaciones	UNKNOWN STEP	2026-09-07T13:33:36.6222785Z   ---
Typecheck + Tests + Verificaciones	UNKNOWN STEP	2026-09-07T13:33:36.6222979Z   duration_ms: 0.20395
Typecheck + Tests + Verificaciones	UNKNOWN STEP	2026-09-07T13:33:36.6223162Z   type: 'test'
Typecheck + Tests + Verificaciones	UNKNOWN STEP	2026-09-07T13:33:36.6223339Z   ...
Typecheck + Tests + Verificaciones	UNKNOWN STEP	2026-09-07T13:33:36.6223747Z # Subtest: el vigilante se declara con nombre y ambito
Typecheck + Tests + Verificaciones	UNKNOWN STEP	2026-09-07T13:33:36.6224143Z ok 274 - el vigilante se declara con nombre y ambito
Typecheck + Tests + Verificaciones	UNKNOWN STEP	2026-09-07T13:33:36.6224318Z   ---
Typecheck + Tests + Verificaciones	UNKNOWN STEP	2026-09-07T13:33:36.6224517Z   duration_ms: 0.15569
Typecheck + Tests + Verificaciones	UNKNOWN STEP	2026-09-07T13:33:36.6224701Z   type: 'test'
Typecheck + Tests + Verificaciones	UNKNOWN STEP	2026-09-07T13:33:36.6224860Z   ...
Typecheck + Tests + Verificaciones	UNKNOWN STEP	2026-09-07T13:33:36.6225100Z # Subtest: modales-fantasma
Typecheck + Tests + Verificaciones	UNKNOWN STEP	2026-09-07T13:33:36.6225689Z     # Subtest: se declara con nombre y ámbito codigo
Typecheck + Tests + Verificaciones	UNKNOWN STEP	2026-09-07T13:33:36.6226359Z     ok 1 - se declara con nombre y ámbito codigo
Typecheck + Tests + Verificaciones	UNKNOWN STEP	2026-09-07T13:33:36.6226562Z       ---
Typecheck + Tests + Verificaciones	UNKNOWN STEP	2026-09-07T13:33:36.6226751Z       duration_ms: 2.344129
Typecheck + Tests + Verificaciones	UNKNOWN STEP	2026-09-07T13:33:36.6226937Z       type: 'test'
Typecheck + Tests + Verificaciones	UNKNOWN STEP	2026-09-07T13:33:36.6227105Z       ...
Typecheck + Tests + Verificaciones	UNKNOWN STEP	2026-09-07T13:33:36.6227539Z     # Subtest: detecta un <Modal> sin onRequestClose ni onDismiss
Typecheck + Tests + Verificaciones	UNKNOWN STEP	2026-09-07T13:33:36.6227930Z     ok 2 - detecta un <Modal> sin onRequestClose ni onDismiss
Typecheck + Tests + Verificaciones	UNKNOWN STEP	2026-09-07T13:33:36.6228109Z       ---
Typecheck + Tests + Verificaciones	UNKNOWN STEP	2026-09-07T13:33:36.6228338Z       duration_ms: 0.637839
Typecheck + Tests + Verificaciones	UNKNOWN STEP	2026-09-07T13:33:36.6228531Z       type: 'test'
Typecheck + Tests + Verificaciones	UNKNOWN STEP	2026-09-07T13:33:36.6228705Z       ...
Typecheck + Tests + Verificaciones	UNKNOWN STEP	2026-09-07T13:33:36.6229062Z     # Subtest: un <Modal> con onRequestClose pasa limpio
Typecheck + Tests + Verificaciones	UNKNOWN STEP	2026-09-07T13:33:36.6229415Z     ok 3 - un <Modal> con onRequestClose pasa limpio
Typecheck + Tests + Verificaciones	UNKNOWN STEP	2026-09-07T13:33:36.6229602Z       ---
Typecheck + Tests + Verificaciones	UNKNOWN STEP	2026-09-07T13:33:36.6229808Z       duration_ms: 0.378625
Typecheck + Tests + Verificaciones	UNKNOWN STEP	2026-09-07T13:33:36.6230003Z       type: 'test'
Typecheck + Tests + Verificaciones	UNKNOWN STEP	2026-09-07T13:33:36.6230167Z       ...
Typecheck + Tests + Verificaciones	UNKNOWN STEP	2026-09-07T13:33:36.6230342Z     1..3
Typecheck + Tests + Verificaciones	UNKNOWN STEP	2026-09-07T13:33:36.6230579Z ok 275 - modales-fantasma
Typecheck + Tests + Verificaciones	UNKNOWN STEP	2026-09-07T13:33:36.6230749Z   ---
Typecheck + Tests + Verificaciones	UNKNOWN STEP	2026-09-07T13:33:36.6230940Z   duration_ms: 4.930049
Typecheck + Tests + Verificaciones	UNKNOWN STEP	2026-09-07T13:33:36.6231121Z   type: 'suite'
Typecheck + Tests + Verificaciones	UNKNOWN STEP	2026-09-07T13:33:36.6231273Z   ...
Typecheck + Tests + Verificaciones	UNKNOWN STEP	2026-09-07T13:33:36.6231820Z # Subtest: lee los especificadores en las formas que se usan en el repo
Typecheck + Tests + Verificaciones	UNKNOWN STEP	2026-09-07T13:33:36.6232342Z ok 276 - lee los especificadores en las formas que se usan en el repo
Typecheck + Tests + Verificaciones	UNKNOWN STEP	2026-09-07T13:33:36.6232518Z   ---
Typecheck + Tests + Verificaciones	UNKNOWN STEP	2026-09-07T13:33:36.6232722Z   duration_ms: 2.273086
Typecheck + Tests + Verificaciones	UNKNOWN STEP	2026-09-07T13:33:36.6233175Z   type: 'test'
Typecheck + Tests + Verificaciones	UNKNOWN STEP	2026-09-07T13:33:36.6233369Z   ...
Typecheck + Tests + Verificaciones	UNKNOWN STEP	2026-09-07T13:33:36.6233722Z # Subtest: casa alias, relativos y extension
Typecheck + Tests + Verificaciones	UNKNOWN STEP	2026-09-07T13:33:36.6234056Z ok 277 - casa alias, relativos y extension
Typecheck + Tests + Verificaciones	UNKNOWN STEP	2026-09-07T13:33:36.6234228Z   ---
Typecheck + Tests + Verificaciones	UNKNOWN STEP	2026-09-07T13:33:36.6234429Z   duration_ms: 0.620437
Typecheck + Tests + Verificaciones	UNKNOWN STEP	2026-09-07T13:33:36.6234611Z   type: 'test'
Typecheck + Tests + Verificaciones	UNKNOWN STEP	2026-09-07T13:33:36.6234771Z   ...
Typecheck + Tests + Verificaciones	UNKNOWN STEP	2026-09-07T13:33:36.6235276Z # Subtest: con el nombre repetido exige que case tambien la carpeta
Typecheck + Tests + Verificaciones	UNKNOWN STEP	2026-09-07T13:33:36.6235774Z ok 278 - con el nombre repetido exige que case tambien la carpeta
Typecheck + Tests + Verificaciones	UNKNOWN STEP	2026-09-07T13:33:36.6236208Z   ---
Typecheck + Tests + Verificaciones	UNKNOWN STEP	2026-09-07T13:33:36.6236425Z   duration_ms: 0.28439
Typecheck + Tests + Verificaciones	UNKNOWN STEP	2026-09-07T13:33:36.6236620Z   type: 'test'
Typecheck + Tests + Verificaciones	UNKNOWN STEP	2026-09-07T13:33:36.6236792Z   ...
Typecheck + Tests + Verificaciones	UNKNOWN STEP	2026-09-07T13:33:36.6237381Z # Subtest: un modulo que solo usa su test sale; uno con consumidor real, no
Typecheck + Tests + Verificaciones	UNKNOWN STEP	2026-09-07T13:33:36.6237910Z ok 279 - un modulo que solo usa su test sale; uno con consumidor real, no
Typecheck + Tests + Verificaciones	UNKNOWN STEP	2026-09-07T13:33:36.6238077Z   ---
Typecheck + Tests + Verificaciones	UNKNOWN STEP	2026-09-07T13:33:36.6238284Z   duration_ms: 0.609776
Typecheck + Tests + Verificaciones	UNKNOWN STEP	2026-09-07T13:33:36.6238476Z   type: 'test'
Typecheck + Tests + Verificaciones	UNKNOWN STEP	2026-09-07T13:33:36.6238630Z   ...
Typecheck + Tests + Verificaciones	UNKNOWN STEP	2026-09-07T13:33:36.6239168Z # Subtest: lo que no importa nadie, ni su test, no es cosa de este vigilante
Typecheck + Tests + Verificaciones	UNKNOWN STEP	2026-09-07T13:33:36.6239953Z ok 280 - lo que no importa nadie, ni su test, no es cosa de este vigilante
Typecheck + Tests + Verificaciones	UNKNOWN STEP	2026-09-07T13:33:36.6240118Z   ---
Typecheck + Tests + Verificaciones	UNKNOWN STEP	2026-09-07T13:33:36.6240368Z   duration_ms: 0.291032
Typecheck + Tests + Verificaciones	UNKNOWN STEP	2026-09-07T13:33:36.6240554Z   type: 'test'
Typecheck + Tests + Verificaciones	UNKNOWN STEP	2026-09-07T13:33:36.6240736Z   ...
Typecheck + Tests + Verificaciones	UNKNOWN STEP	2026-09-07T13:33:36.6241247Z # Subtest: un consumidor en scripts/ o en supabase/ cuenta como vivo
Typecheck + Tests + Verificaciones	UNKNOWN STEP	2026-09-07T13:33:36.6241725Z ok 281 - un consumidor en scripts/ o en supabase/ cuenta como vivo
Typecheck + Tests + Verificaciones	UNKNOWN STEP	2026-09-07T13:33:36.6241897Z   ---
Typecheck + Tests + Verificaciones	UNKNOWN STEP	2026-09-07T13:33:36.6242076Z   duration_ms: 0.37556
Typecheck + Tests + Verificaciones	UNKNOWN STEP	2026-09-07T13:33:36.6242279Z   type: 'test'
Typecheck + Tests + Verificaciones	UNKNOWN STEP	2026-09-07T13:33:36.6242430Z   ...
Typecheck + Tests + Verificaciones	UNKNOWN STEP	2026-09-07T13:33:36.6242993Z # Subtest: la linea base cubre exactamente lo que hay hoy: 0 bloqueantes
Typecheck + Tests + Verificaciones	UNKNOWN STEP	2026-09-07T13:33:36.6243505Z ok 282 - la linea base cubre exactamente lo que hay hoy: 0 bloqueantes
Typecheck + Tests + Verificaciones	UNKNOWN STEP	2026-09-07T13:33:36.6243707Z   ---
Typecheck + Tests + Verificaciones	UNKNOWN STEP	2026-09-07T13:33:36.6243897Z   duration_ms: 209.418567
Typecheck + Tests + Verificaciones	UNKNOWN STEP	2026-09-07T13:33:36.6244092Z   type: 'test'
Typecheck + Tests + Verificaciones	UNKNOWN STEP	2026-09-07T13:33:36.6244241Z   ...
Typecheck + Tests + Verificaciones	UNKNOWN STEP	2026-09-07T13:33:36.6244801Z # Subtest: cada entrada de la linea base dice que hacer con su modulo
Typecheck + Tests + Verificaciones	UNKNOWN STEP	2026-09-07T13:33:36.6245351Z ok 283 - cada entrada de la linea base dice que hacer con su modulo
Typecheck + Tests + Verificaciones	UNKNOWN STEP	2026-09-07T13:33:36.6245543Z   ---
Typecheck + Tests + Verificaciones	UNKNOWN STEP	2026-09-07T13:33:36.6245758Z   duration_ms: 0.804049
Typecheck + Tests + Verificaciones	UNKNOWN STEP	2026-09-07T13:33:36.6245922Z   type: 'test'
Typecheck + Tests + Verificaciones	UNKNOWN STEP	2026-09-07T13:33:36.6246311Z   ...
Typecheck + Tests + Verificaciones	UNKNOWN STEP	2026-09-07T13:33:36.6246745Z # Subtest: capturar devuelve el grupo 1 y su linea
Typecheck + Tests + Verificaciones	UNKNOWN STEP	2026-09-07T13:33:36.6247109Z ok 284 - capturar devuelve el grupo 1 y su linea
Typecheck + Tests + Verificaciones	UNKNOWN STEP	2026-09-07T13:33:36.6247291Z   ---
Typecheck + Tests + Verificaciones	UNKNOWN STEP	2026-09-07T13:33:36.6247477Z   duration_ms: 2.492586
Typecheck + Tests + Verificaciones	UNKNOWN STEP	2026-09-07T13:33:36.6247682Z   type: 'test'
Typecheck + Tests + Verificaciones	UNKNOWN STEP	2026-09-07T13:33:36.6247839Z   ...
Typecheck + Tests + Verificaciones	UNKNOWN STEP	2026-09-07T13:33:36.6248363Z # Subtest: capturar lanza AnclaPerdida si el ancla ya no existe
Typecheck + Tests + Verificaciones	UNKNOWN STEP	2026-09-07T13:33:36.6248822Z ok 285 - capturar lanza AnclaPerdida si el ancla ya no existe
Typecheck + Tests + Verificaciones	UNKNOWN STEP	2026-09-07T13:33:36.6248983Z   ---
Typecheck + Tests + Verificaciones	UNKNOWN STEP	2026-09-07T13:33:36.6249202Z   duration_ms: 0.717738
Typecheck + Tests + Verificaciones	UNKNOWN STEP	2026-09-07T13:33:36.6249404Z   type: 'test'
Typecheck + Tests + Verificaciones	UNKNOWN STEP	2026-09-07T13:33:36.6249565Z   ...
Typecheck + Tests + Verificaciones	UNKNOWN STEP	2026-09-07T13:33:36.6249850Z # Subtest: lineaDe cuenta desde 1
Typecheck + Tests + Verificaciones	UNKNOWN STEP	2026-09-07T13:33:36.6250146Z ok 286 - lineaDe cuenta desde 1
Typecheck + Tests + Verificaciones	UNKNOWN STEP	2026-09-07T13:33:36.6250306Z   ---
Typecheck + Tests + Verificaciones	UNKNOWN STEP	2026-09-07T13:33:36.6250481Z   duration_ms: 0.183241
Typecheck + Tests + Verificaciones	UNKNOWN STEP	2026-09-07T13:33:36.6250641Z   type: 'test'
Typecheck + Tests + Verificaciones	UNKNOWN STEP	2026-09-07T13:33:36.6250802Z   ...
Typecheck + Tests + Verificaciones	UNKNOWN STEP	2026-09-07T13:33:36.6251118Z # Subtest: hallazgo exige nivel valido
Typecheck + Tests + Verificaciones	UNKNOWN STEP	2026-09-07T13:33:36.6251392Z ok 287 - hallazgo exige nivel valido
Typecheck + Tests + Verificaciones	UNKNOWN STEP	2026-09-07T13:33:36.6251481Z   ---
Typecheck + Tests + Verificaciones	UNKNOWN STEP	2026-09-07T13:33:36.6251614Z   duration_ms: 0.312563
Typecheck + Tests + Verificaciones	UNKNOWN STEP	2026-09-07T13:33:36.6251772Z   type: 'test'
Typecheck + Tests + Verificaciones	UNKNOWN STEP	2026-09-07T13:33:36.6251932Z   ...
Typecheck + Tests + Verificaciones	UNKNOWN STEP	2026-09-07T13:33:36.6252380Z # Subtest: debenCuadrar calla si cuadran y grita si no
Typecheck + Tests + Verificaciones	UNKNOWN STEP	2026-09-07T13:33:36.6252847Z ok 288 - debenCuadrar calla si cuadran y grita si no
Typecheck + Tests + Verificaciones	UNKNOWN STEP	2026-09-07T13:33:36.6253061Z   ---
Typecheck + Tests + Verificaciones	UNKNOWN STEP	2026-09-07T13:33:36.6253264Z   duration_ms: 0.485364
Typecheck + Tests + Verificaciones	UNKNOWN STEP	2026-09-07T13:33:36.6253725Z   type: 'test'
Typecheck + Tests + Verificaciones	UNKNOWN STEP	2026-09-07T13:33:36.6253888Z   ...
Typecheck + Tests + Verificaciones	UNKNOWN STEP	2026-09-07T13:33:36.6254330Z # Subtest: codigoEjecutable vacia comentarios de linea y de bloque
Typecheck + Tests + Verificaciones	UNKNOWN STEP	2026-09-07T13:33:36.6254755Z ok 289 - codigoEjecutable vacia comentarios de linea y de bloque
Typecheck + Tests + Verificaciones	UNKNOWN STEP	2026-09-07T13:33:36.6254909Z   ---
Typecheck + Tests + Verificaciones	UNKNOWN STEP	2026-09-07T13:33:36.6255070Z   duration_ms: 0.491967
Typecheck + Tests + Verificaciones	UNKNOWN STEP	2026-09-07T13:33:36.6255229Z   type: 'test'
Typecheck + Tests + Verificaciones	UNKNOWN STEP	2026-09-07T13:33:36.6255375Z   ...
Typecheck + Tests + Verificaciones	UNKNOWN STEP	2026-09-07T13:33:36.6256240Z # Subtest: codigoEjecutable vacia textos literales, que es donde vivian los mensajes
Typecheck + Tests + Verificaciones	UNKNOWN STEP	2026-09-07T13:33:36.6256834Z ok 290 - codigoEjecutable vacia textos literales, que es donde vivian los mensajes
Typecheck + Tests + Verificaciones	UNKNOWN STEP	2026-09-07T13:33:36.6256970Z   ---
Typecheck + Tests + Verificaciones	UNKNOWN STEP	2026-09-07T13:33:36.6257126Z   duration_ms: 0.204071
Typecheck + Tests + Verificaciones	UNKNOWN STEP	2026-09-07T13:33:36.6257277Z   type: 'test'
Typecheck + Tests + Verificaciones	UNKNOWN STEP	2026-09-07T13:33:36.6257422Z   ...
Typecheck + Tests + Verificaciones	UNKNOWN STEP	2026-09-07T13:33:36.6257836Z # Subtest: codigoEjecutable NO se come una llamada de verdad
Typecheck + Tests + Verificaciones	UNKNOWN STEP	2026-09-07T13:33:36.6258210Z ok 291 - codigoEjecutable NO se come una llamada de verdad
Typecheck + Tests + Verificaciones	UNKNOWN STEP	2026-09-07T13:33:36.6258357Z   ---
Typecheck + Tests + Verificaciones	UNKNOWN STEP	2026-09-07T13:33:36.6258517Z   duration_ms: 0.211484
Typecheck + Tests + Verificaciones	UNKNOWN STEP	2026-09-07T13:33:36.6258659Z   type: 'test'
Typecheck + Tests + Verificaciones	UNKNOWN STEP	2026-09-07T13:33:36.6258791Z   ...
Typecheck + Tests + Verificaciones	UNKNOWN STEP	2026-09-07T13:33:36.6259578Z # Subtest: codigoEjecutable sobrevive a un literal de expresion regular con comillas
Typecheck + Tests + Verificaciones	UNKNOWN STEP	2026-09-07T13:33:36.6260177Z ok 292 - codigoEjecutable sobrevive a un literal de expresion regular con comillas
Typecheck + Tests + Verificaciones	UNKNOWN STEP	2026-09-07T13:33:36.6260336Z   ---
Typecheck + Tests + Verificaciones	UNKNOWN STEP	2026-09-07T13:33:36.6260512Z   duration_ms: 0.480195
Typecheck + Tests + Verificaciones	UNKNOWN STEP	2026-09-07T13:33:36.6260682Z   type: 'test'
Typecheck + Tests + Verificaciones	UNKNOWN STEP	2026-09-07T13:33:36.6260836Z   ...
Typecheck + Tests + Verificaciones	UNKNOWN STEP	2026-09-07T13:33:36.6261319Z # Subtest: codigoEjecutable no confunde una division con un regex
Typecheck + Tests + Verificaciones	UNKNOWN STEP	2026-09-07T13:33:36.6261762Z ok 293 - codigoEjecutable no confunde una division con un regex
Typecheck + Tests + Verificaciones	UNKNOWN STEP	2026-09-07T13:33:36.6261916Z   ---
Typecheck + Tests + Verificaciones	UNKNOWN STEP	2026-09-07T13:33:36.6262094Z   duration_ms: 0.597543
Typecheck + Tests + Verificaciones	UNKNOWN STEP	2026-09-07T13:33:36.6262260Z   type: 'test'
Typecheck + Tests + Verificaciones	UNKNOWN STEP	2026-09-07T13:33:36.6262413Z   ...
Typecheck + Tests + Verificaciones	UNKNOWN STEP	2026-09-07T13:33:36.6262956Z # Subtest: la lista NO_SON_VIGILANTES incluye los scripts que se matan solos
Typecheck + Tests + Verificaciones	UNKNOWN STEP	2026-09-07T13:33:36.6263483Z ok 294 - la lista NO_SON_VIGILANTES incluye los scripts que se matan solos
Typecheck + Tests + Verificaciones	UNKNOWN STEP	2026-09-07T13:33:36.6263637Z   ---
Typecheck + Tests + Verificaciones	UNKNOWN STEP	2026-09-07T13:33:36.6263818Z   duration_ms: 0.330325
Typecheck + Tests + Verificaciones	UNKNOWN STEP	2026-09-07T13:33:36.6263989Z   type: 'test'
Typecheck + Tests + Verificaciones	UNKNOWN STEP	2026-09-07T13:33:36.6264145Z   ...
Typecheck + Tests + Verificaciones	UNKNOWN STEP	2026-09-07T13:33:36.6264528Z # Subtest: lee las etiquetas y las opciones del panel
Typecheck + Tests + Verificaciones	UNKNOWN STEP	2026-09-07T13:33:36.6264884Z ok 295 - lee las etiquetas y las opciones del panel
Typecheck + Tests + Verificaciones	UNKNOWN STEP	2026-09-07T13:33:36.6265040Z   ---
Typecheck + Tests + Verificaciones	UNKNOWN STEP	2026-09-07T13:33:36.6265214Z   duration_ms: 2.647905
Typecheck + Tests + Verificaciones	UNKNOWN STEP	2026-09-07T13:33:36.6265386Z   type: 'test'
Typecheck + Tests + Verificaciones	UNKNOWN STEP	2026-09-07T13:33:36.6265537Z   ...
Typecheck + Tests + Verificaciones	UNKNOWN STEP	2026-09-07T13:33:36.6266159Z # Subtest: el diccionario admite claves con y sin comillas
Typecheck + Tests + Verificaciones	UNKNOWN STEP	2026-09-07T13:33:36.6266553Z ok 296 - el diccionario admite claves con y sin comillas
Typecheck + Tests + Verificaciones	UNKNOWN STEP	2026-09-07T13:33:36.6266713Z   ---
Typecheck + Tests + Verificaciones	UNKNOWN STEP	2026-09-07T13:33:36.6266894Z   duration_ms: 0.245938
Typecheck + Tests + Verificaciones	UNKNOWN STEP	2026-09-07T13:33:36.6267064Z   type: 'test'
Typecheck + Tests + Verificaciones	UNKNOWN STEP	2026-09-07T13:33:36.6267215Z   ...
Typecheck + Tests + Verificaciones	UNKNOWN STEP	2026-09-07T13:33:36.6267829Z # Subtest: si reescriben el diccionario, falla por ciego en vez de pasar en verde
Typecheck + Tests + Verificaciones	UNKNOWN STEP	2026-09-07T13:33:36.6268405Z ok 297 - si reescriben el diccionario, falla por ciego en vez de pasar en verde
Typecheck + Tests + Verificaciones	UNKNOWN STEP	2026-09-07T13:33:36.6268558Z   ---
Typecheck + Tests + Verificaciones	UNKNOWN STEP	2026-09-07T13:33:36.6268736Z   duration_ms: 0.540899
Typecheck + Tests + Verificaciones	UNKNOWN STEP	2026-09-07T13:33:36.6268887Z   type: 'test'
Typecheck + Tests + Verificaciones	UNKNOWN STEP	2026-09-07T13:33:36.6269031Z   ...
Typecheck + Tests + Verificaciones	UNKNOWN STEP	2026-09-07T13:33:36.6269463Z # Subtest: si desaparece el desplegable, tambien falla por ciego
Typecheck + Tests + Verificaciones	UNKNOWN STEP	2026-09-07T13:33:36.6269894Z ok 298 - si desaparece el desplegable, tambien falla por ciego
Typecheck + Tests + Verificaciones	UNKNOWN STEP	2026-09-07T13:33:36.6270043Z   ---
Typecheck + Tests + Verificaciones	UNKNOWN STEP	2026-09-07T13:33:36.6270219Z   duration_ms: 0.173063
Typecheck + Tests + Verificaciones	UNKNOWN STEP	2026-09-07T13:33:36.6270386Z   type: 'test'
Typecheck + Tests + Verificaciones	UNKNOWN STEP	2026-09-07T13:33:36.6270571Z   ...
Typecheck + Tests + Verificaciones	UNKNOWN STEP	2026-09-07T13:33:36.6271013Z # Subtest: hoy el panel conoce todos los ambitos que se emiten
Typecheck + Tests + Verificaciones	UNKNOWN STEP	2026-09-07T13:33:36.6271418Z ok 299 - hoy el panel conoce todos los ambitos que se emiten
Typecheck + Tests + Verificaciones	UNKNOWN STEP	2026-09-07T13:33:36.6271575Z   ---
Typecheck + Tests + Verificaciones	UNKNOWN STEP	2026-09-07T13:33:36.6271760Z   duration_ms: 10.979615
Typecheck + Tests + Verificaciones	UNKNOWN STEP	2026-09-07T13:33:36.6271931Z   type: 'test'
Typecheck + Tests + Verificaciones	UNKNOWN STEP	2026-09-07T13:33:36.6272080Z   ...
Typecheck + Tests + Verificaciones	UNKNOWN STEP	2026-09-07T13:33:36.6272640Z # Subtest: el vigilante se declara con nombre y ambito
Typecheck + Tests + Verificaciones	UNKNOWN STEP	2026-09-07T13:33:36.6273007Z ok 300 - el vigilante se declara con nombre y ambito
Typecheck + Tests + Verificaciones	UNKNOWN STEP	2026-09-07T13:33:36.6273157Z   ---
Typecheck + Tests + Verificaciones	UNKNOWN STEP	2026-09-07T13:33:36.6273400Z   duration_ms: 0.217736
Typecheck + Tests + Verificaciones	UNKNOWN STEP	2026-09-07T13:33:36.6273570Z   type: 'test'
Typecheck + Tests + Verificaciones	UNKNOWN STEP	2026-09-07T13:33:36.6273720Z   ...
Typecheck + Tests + Verificaciones	UNKNOWN STEP	2026-09-07T13:33:36.6274258Z # Subtest: el vigilante peso-componentes se declara con nombre y ambito
Typecheck + Tests + Verificaciones	UNKNOWN STEP	2026-09-07T13:33:36.6274751Z ok 301 - el vigilante peso-componentes se declara con nombre y ambito
Typecheck + Tests + Verificaciones	UNKNOWN STEP	2026-09-07T13:33:36.6274913Z   ---
Typecheck + Tests + Verificaciones	UNKNOWN STEP	2026-09-07T13:33:36.6275098Z   duration_ms: 1.596716
Typecheck + Tests + Verificaciones	UNKNOWN STEP	2026-09-07T13:33:36.6275286Z   type: 'test'
Typecheck + Tests + Verificaciones	UNKNOWN STEP	2026-09-07T13:33:36.6275404Z   ...
Typecheck + Tests + Verificaciones	UNKNOWN STEP	2026-09-07T13:33:36.6275663Z # Subtest: detecta archivo monstruo que supera limite de lineas
Typecheck + Tests + Verificaciones	UNKNOWN STEP	2026-09-07T13:33:36.6275893Z ok 302 - detecta archivo monstruo que supera limite de lineas
Typecheck + Tests + Verificaciones	UNKNOWN STEP	2026-09-07T13:33:36.6276251Z   ---
Typecheck + Tests + Verificaciones	UNKNOWN STEP	2026-09-07T13:33:36.6276406Z   duration_ms: 0.722207
Typecheck + Tests + Verificaciones	UNKNOWN STEP	2026-09-07T13:33:36.6276532Z   type: 'test'
Typecheck + Tests + Verificaciones	UNKNOWN STEP	2026-09-07T13:33:36.6276639Z   ...
Typecheck + Tests + Verificaciones	UNKNOWN STEP	2026-09-07T13:33:36.6276821Z # Subtest: detecta anidamiento profundo
Typecheck + Tests + Verificaciones	UNKNOWN STEP	2026-09-07T13:33:36.6276983Z ok 303 - detecta anidamiento profundo
Typecheck + Tests + Verificaciones	UNKNOWN STEP	2026-09-07T13:33:36.6277071Z   ---
Typecheck + Tests + Verificaciones	UNKNOWN STEP	2026-09-07T13:33:36.6277347Z   duration_ms: 0.25197
Typecheck + Tests + Verificaciones	UNKNOWN STEP	2026-09-07T13:33:36.6277449Z   type: 'test'
Typecheck + Tests + Verificaciones	UNKNOWN STEP	2026-09-07T13:33:36.6277538Z   ...
Typecheck + Tests + Verificaciones	UNKNOWN STEP	2026-09-07T13:33:36.6278167Z # Subtest: Pilar 1 — SEO JSON-LD: web/index.html define SoftwareApplication con ofertas Esencial y Estudio
Typecheck + Tests + Verificaciones	UNKNOWN STEP	2026-09-07T13:33:36.6278667Z ok 304 - Pilar 1 — SEO JSON-LD: web/index.html define SoftwareApplication con ofertas Esencial y Estudio
Typecheck + Tests + Verificaciones	UNKNOWN STEP	2026-09-07T13:33:36.6278752Z   ---
Typecheck + Tests + Verificaciones	UNKNOWN STEP	2026-09-07T13:33:36.6278859Z   duration_ms: 3.674097
Typecheck + Tests + Verificaciones	UNKNOWN STEP	2026-09-07T13:33:36.6278958Z   type: 'test'
Typecheck + Tests + Verificaciones	UNKNOWN STEP	2026-09-07T13:33:36.6279048Z   ...
Typecheck + Tests + Verificaciones	UNKNOWN STEP	2026-09-07T13:33:36.6279479Z # Subtest: Pilar 1 — Legal & Fiscal: VeriFactu honesty invariants en superficies públicas
Typecheck + Tests + Verificaciones	UNKNOWN STEP	2026-09-07T13:33:36.6279890Z ok 305 - Pilar 1 — Legal & Fiscal: VeriFactu honesty invariants en superficies públicas
Typecheck + Tests + Verificaciones	UNKNOWN STEP	2026-09-07T13:33:36.6279980Z   ---
Typecheck + Tests + Verificaciones	UNKNOWN STEP	2026-09-07T13:33:36.6280096Z   duration_ms: 2.053067
Typecheck + Tests + Verificaciones	UNKNOWN STEP	2026-09-07T13:33:36.6280195Z   type: 'test'
Typecheck + Tests + Verificaciones	UNKNOWN STEP	2026-09-07T13:33:36.6280278Z   ...
Typecheck + Tests + Verificaciones	UNKNOWN STEP	2026-09-07T13:33:36.6280761Z # Subtest: Pilar 1 — Responsividad y Viewports: tests/landing.spec.ts cubre la matriz 360px - 390px
Typecheck + Tests + Verificaciones	UNKNOWN STEP	2026-09-07T13:33:36.6281226Z ok 306 - Pilar 1 — Responsividad y Viewports: tests/landing.spec.ts cubre la matriz 360px - 390px
Typecheck + Tests + Verificaciones	UNKNOWN STEP	2026-09-07T13:33:36.6281315Z   ---
Typecheck + Tests + Verificaciones	UNKNOWN STEP	2026-09-07T13:33:36.6281417Z   duration_ms: 0.339623
Typecheck + Tests + Verificaciones	UNKNOWN STEP	2026-09-07T13:33:36.6281511Z   type: 'test'
Typecheck + Tests + Verificaciones	UNKNOWN STEP	2026-09-07T13:33:36.6281598Z   ...
Typecheck + Tests + Verificaciones	UNKNOWN STEP	2026-09-07T13:33:36.6282094Z # Subtest: Pilar 1 — Accesibilidad: Paleta y tokens en lib/portalTokens.ts cumplen ratio de contraste AA
Typecheck + Tests + Verificaciones	UNKNOWN STEP	2026-09-07T13:33:36.6282568Z ok 307 - Pilar 1 — Accesibilidad: Paleta y tokens en lib/portalTokens.ts cumplen ratio de contraste AA
Typecheck + Tests + Verificaciones	UNKNOWN STEP	2026-09-07T13:33:36.6282653Z   ---
Typecheck + Tests + Verificaciones	UNKNOWN STEP	2026-09-07T13:33:36.6282757Z   duration_ms: 0.242553
Typecheck + Tests + Verificaciones	UNKNOWN STEP	2026-09-07T13:33:36.6282856Z   type: 'test'
Typecheck + Tests + Verificaciones	UNKNOWN STEP	2026-09-07T13:33:36.6282945Z   ...
Typecheck + Tests + Verificaciones	UNKNOWN STEP	2026-09-07T13:33:36.6283365Z # Subtest: Pilar 2 — Touch Targets: Botones interactivos en app/r/[slug].web.tsx >= 44px
Typecheck + Tests + Verificaciones	UNKNOWN STEP	2026-09-07T13:33:36.6283751Z ok 308 - Pilar 2 — Touch Targets: Botones interactivos en app/r/[slug].web.tsx >= 44px
Typecheck + Tests + Verificaciones	UNKNOWN STEP	2026-09-07T13:33:36.6283848Z   ---
Typecheck + Tests + Verificaciones	UNKNOWN STEP	2026-09-07T13:33:36.6283953Z   duration_ms: 1.345828
Typecheck + Tests + Verificaciones	UNKNOWN STEP	2026-09-07T13:33:36.6284055Z   type: 'test'
Typecheck + Tests + Verificaciones	UNKNOWN STEP	2026-09-07T13:33:36.6284139Z   ...
Typecheck + Tests + Verificaciones	UNKNOWN STEP	2026-09-07T13:33:36.6284549Z # Subtest: Pilar 2 — Reposos Químicos: Soporte Hueco Express en slots y confirmación
Typecheck + Tests + Verificaciones	UNKNOWN STEP	2026-09-07T13:33:36.6284936Z ok 309 - Pilar 2 — Reposos Químicos: Soporte Hueco Express en slots y confirmación
Typecheck + Tests + Verificaciones	UNKNOWN STEP	2026-09-07T13:33:36.6285027Z   ---
Typecheck + Tests + Verificaciones	UNKNOWN STEP	2026-09-07T13:33:36.6285135Z   duration_ms: 0.951514
Typecheck + Tests + Verificaciones	UNKNOWN STEP	2026-09-07T13:33:36.6285231Z   type: 'test'
Typecheck + Tests + Verificaciones	UNKNOWN STEP	2026-09-07T13:33:36.6285319Z   ...
Typecheck + Tests + Verificaciones	UNKNOWN STEP	2026-09-07T13:33:36.6285724Z # Subtest: Pilar 2 — Flujo E2E de Reserva en 5 pasos en tests/portal-reserva.spec.ts
Typecheck + Tests + Verificaciones	UNKNOWN STEP	2026-09-07T13:33:36.6286376Z ok 310 - Pilar 2 — Flujo E2E de Reserva en 5 pasos en tests/portal-reserva.spec.ts
Typecheck + Tests + Verificaciones	UNKNOWN STEP	2026-09-07T13:33:36.6286469Z   ---
Typecheck + Tests + Verificaciones	UNKNOWN STEP	2026-09-07T13:33:36.6286730Z   duration_ms: 0.307994
Typecheck + Tests + Verificaciones	UNKNOWN STEP	2026-09-07T13:33:36.6286837Z   type: 'test'
Typecheck + Tests + Verificaciones	UNKNOWN STEP	2026-09-07T13:33:36.6286928Z   ...
Typecheck + Tests + Verificaciones	UNKNOWN STEP	2026-09-07T13:33:36.6287338Z # Subtest: Pilar 2 — Prevención de Doble Reserva & Bloqueos Temporales (15 min)
Typecheck + Tests + Verificaciones	UNKNOWN STEP	2026-09-07T13:33:36.6288010Z ok 311 - Pilar 2 — Prevención de Doble Reserva & Bloqueos Temporales (15 min)
Typecheck + Tests + Verificaciones	UNKNOWN STEP	2026-09-07T13:33:36.6288111Z   ---
Typecheck + Tests + Verificaciones	UNKNOWN STEP	2026-09-07T13:33:36.6288223Z   duration_ms: 0.352527
Typecheck + Tests + Verificaciones	UNKNOWN STEP	2026-09-07T13:33:36.6288321Z   type: 'test'
Typecheck + Tests + Verificaciones	UNKNOWN STEP	2026-09-07T13:33:36.6288404Z   ...
Typecheck + Tests + Verificaciones	UNKNOWN STEP	2026-09-07T13:33:36.6288813Z # Subtest: Pilar 3 — Inventario Completo de 17 Pantallas en tests/smoke/pantallas.ts
Typecheck + Tests + Verificaciones	UNKNOWN STEP	2026-09-07T13:33:36.6289201Z ok 312 - Pilar 3 — Inventario Completo de 17 Pantallas en tests/smoke/pantallas.ts
Typecheck + Tests + Verificaciones	UNKNOWN STEP	2026-09-07T13:33:36.6289294Z   ---
Typecheck + Tests + Verificaciones	UNKNOWN STEP	2026-09-07T13:33:36.6289406Z   duration_ms: 1.40585
Typecheck + Tests + Verificaciones	UNKNOWN STEP	2026-09-07T13:33:36.6289502Z   type: 'test'
Typecheck + Tests + Verificaciones	UNKNOWN STEP	2026-09-07T13:33:36.6289592Z   ...
Typecheck + Tests + Verificaciones	UNKNOWN STEP	2026-09-07T13:33:36.6289965Z # Subtest: Pilar 3 — Sensores de Fallo Silencioso en tests/smoke/silencios.ts
Typecheck + Tests + Verificaciones	UNKNOWN STEP	2026-09-07T13:33:36.6290325Z ok 313 - Pilar 3 — Sensores de Fallo Silencioso en tests/smoke/silencios.ts
Typecheck + Tests + Verificaciones	UNKNOWN STEP	2026-09-07T13:33:36.6290413Z   ---
Typecheck + Tests + Verificaciones	UNKNOWN STEP	2026-09-07T13:33:36.6290521Z   duration_ms: 0.746472
Typecheck + Tests + Verificaciones	UNKNOWN STEP	2026-09-07T13:33:36.6290770Z   type: 'test'
Typecheck + Tests + Verificaciones	UNKNOWN STEP	2026-09-07T13:33:36.6290858Z   ...
Typecheck + Tests + Verificaciones	UNKNOWN STEP	2026-09-07T13:33:36.6291242Z # Subtest: Pilar 3 — Supabase Realtime WebSocket Lifecycle y Limpieza de Canales
Typecheck + Tests + Verificaciones	UNKNOWN STEP	2026-09-07T13:33:36.6291607Z ok 314 - Pilar 3 — Supabase Realtime WebSocket Lifecycle y Limpieza de Canales
Typecheck + Tests + Verificaciones	UNKNOWN STEP	2026-09-07T13:33:36.6291700Z   ---
Typecheck + Tests + Verificaciones	UNKNOWN STEP	2026-09-07T13:33:36.6291807Z   duration_ms: 0.535979
Typecheck + Tests + Verificaciones	UNKNOWN STEP	2026-09-07T13:33:36.6291908Z   type: 'test'
Typecheck + Tests + Verificaciones	UNKNOWN STEP	2026-09-07T13:33:36.6291990Z   ...
Typecheck + Tests + Verificaciones	UNKNOWN STEP	2026-09-07T13:33:36.6292380Z # Subtest: Pilar 3 — Errores Tragados AST Linter: Formas de fallo silencioso tipadas
Typecheck + Tests + Verificaciones	UNKNOWN STEP	2026-09-07T13:33:36.6292818Z ok 315 - Pilar 3 — Errores Tragados AST Linter: Formas de fallo silencioso tipadas
Typecheck + Tests + Verificaciones	UNKNOWN STEP	2026-09-07T13:33:36.6292942Z   ---
Typecheck + Tests + Verificaciones	UNKNOWN STEP	2026-09-07T13:33:36.6293080Z   duration_ms: 0.164787
Typecheck + Tests + Verificaciones	UNKNOWN STEP	2026-09-07T13:33:36.6293203Z   type: 'test'
Typecheck + Tests + Verificaciones	UNKNOWN STEP	2026-09-07T13:33:36.6293311Z   ...
Typecheck + Tests + Verificaciones	UNKNOWN STEP	2026-09-07T13:33:36.6293540Z # Subtest: lee la fuente de verdad de lib/planes.ts
Typecheck + Tests + Verificaciones	UNKNOWN STEP	2026-09-07T13:33:36.6293734Z ok 316 - lee la fuente de verdad de lib/planes.ts
Typecheck + Tests + Verificaciones	UNKNOWN STEP	2026-09-07T13:33:36.6293826Z   ---
Typecheck + Tests + Verificaciones	UNKNOWN STEP	2026-09-07T13:33:36.6293931Z   duration_ms: 5.264923
Typecheck + Tests + Verificaciones	UNKNOWN STEP	2026-09-07T13:33:36.6294029Z   type: 'test'
Typecheck + Tests + Verificaciones	UNKNOWN STEP	2026-09-07T13:33:36.6294119Z   ...
Typecheck + Tests + Verificaciones	UNKNOWN STEP	2026-09-07T13:33:36.6294449Z # Subtest: los planes son los que se venden hoy: Esencial 8, Estudio 14
Typecheck + Tests + Verificaciones	UNKNOWN STEP	2026-09-07T13:33:36.6294712Z ok 317 - los planes son los que se venden hoy: Esencial 8, Estudio 14
Typecheck + Tests + Verificaciones	UNKNOWN STEP	2026-09-07T13:33:36.6294796Z   ---
Typecheck + Tests + Verificaciones	UNKNOWN STEP	2026-09-07T13:33:36.6294901Z   duration_ms: 0.591092
Typecheck + Tests + Verificaciones	UNKNOWN STEP	2026-09-07T13:33:36.6294997Z   type: 'test'
Typecheck + Tests + Verificaciones	UNKNOWN STEP	2026-09-07T13:33:36.6295085Z   ...
Typecheck + Tests + Verificaciones	UNKNOWN STEP	2026-09-07T13:33:36.6295326Z # Subtest: Estudio anade exactamente lo que anuncia la tarjeta
Typecheck + Tests + Verificaciones	UNKNOWN STEP	2026-09-07T13:33:36.6295556Z ok 318 - Estudio anade exactamente lo que anuncia la tarjeta
Typecheck + Tests + Verificaciones	UNKNOWN STEP	2026-09-07T13:33:36.6295644Z   ---
Typecheck + Tests + Verificaciones	UNKNOWN STEP	2026-09-07T13:33:36.6295747Z   duration_ms: 0.466399
Typecheck + Tests + Verificaciones	UNKNOWN STEP	2026-09-07T13:33:36.6295844Z   type: 'test'
Typecheck + Tests + Verificaciones	UNKNOWN STEP	2026-09-07T13:33:36.6296247Z   ...
Typecheck + Tests + Verificaciones	UNKNOWN STEP	2026-09-07T13:33:36.6296590Z # Subtest: la IA no depende del plan: no esta en ninguno de los dos
Typecheck + Tests + Verificaciones	UNKNOWN STEP	2026-09-07T13:33:36.6296857Z ok 319 - la IA no depende del plan: no esta en ninguno de los dos
Typecheck + Tests + Verificaciones	UNKNOWN STEP	2026-09-07T13:33:36.6296952Z   ---
Typecheck + Tests + Verificaciones	UNKNOWN STEP	2026-09-07T13:33:36.6297054Z   duration_ms: 0.545146
Typecheck + Tests + Verificaciones	UNKNOWN STEP	2026-09-07T13:33:36.6297154Z   type: 'test'
Typecheck + Tests + Verificaciones	UNKNOWN STEP	2026-09-07T13:33:36.6297242Z   ...
Typecheck + Tests + Verificaciones	UNKNOWN STEP	2026-09-07T13:33:36.6297490Z # Subtest: si reescriben el tipo FuncionPlan, falla por ciego
Typecheck + Tests + Verificaciones	UNKNOWN STEP	2026-09-07T13:33:36.6297722Z ok 320 - si reescriben el tipo FuncionPlan, falla por ciego
Typecheck + Tests + Verificaciones	UNKNOWN STEP	2026-09-07T13:33:36.6297805Z   ---
Typecheck + Tests + Verificaciones	UNKNOWN STEP	2026-09-07T13:33:36.6297910Z   duration_ms: 0.453495
Typecheck + Tests + Verificaciones	UNKNOWN STEP	2026-09-07T13:33:36.6298008Z   type: 'test'
Typecheck + Tests + Verificaciones	UNKNOWN STEP	2026-09-07T13:33:36.6298097Z   ...
Typecheck + Tests + Verificaciones	UNKNOWN STEP	2026-09-07T13:33:36.6298366Z # Subtest: hoy el codigo, la landing y sus datos estructurados cuadran
Typecheck + Tests + Verificaciones	UNKNOWN STEP	2026-09-07T13:33:36.6298625Z ok 321 - hoy el codigo, la landing y sus datos estructurados cuadran
Typecheck + Tests + Verificaciones	UNKNOWN STEP	2026-09-07T13:33:36.6298714Z   ---
Typecheck + Tests + Verificaciones	UNKNOWN STEP	2026-09-07T13:33:36.6298819Z   duration_ms: 2.46764
Typecheck + Tests + Verificaciones	UNKNOWN STEP	2026-09-07T13:33:36.6299064Z   type: 'test'
Typecheck + Tests + Verificaciones	UNKNOWN STEP	2026-09-07T13:33:36.6299161Z   ...
Typecheck + Tests + Verificaciones	UNKNOWN STEP	2026-09-07T13:33:36.6299462Z # Subtest: regresion: el JSON-LD no puede volver a decir "el mismo software"
Typecheck + Tests + Verificaciones	UNKNOWN STEP	2026-09-07T13:33:36.6299753Z ok 322 - regresion: el JSON-LD no puede volver a decir "el mismo software"
Typecheck + Tests + Verificaciones	UNKNOWN STEP	2026-09-07T13:33:36.6299842Z   ---
Typecheck + Tests + Verificaciones	UNKNOWN STEP	2026-09-07T13:33:36.6299945Z   duration_ms: 1.386834
Typecheck + Tests + Verificaciones	UNKNOWN STEP	2026-09-07T13:33:36.6300044Z   type: 'test'
Typecheck + Tests + Verificaciones	UNKNOWN STEP	2026-09-07T13:33:36.6300132Z   ...
Typecheck + Tests + Verificaciones	UNKNOWN STEP	2026-09-07T13:33:36.6300427Z # Subtest: regresion: el resumen de Ajustes se compone, no se escribe a mano
Typecheck + Tests + Verificaciones	UNKNOWN STEP	2026-09-07T13:33:36.6300698Z ok 323 - regresion: el resumen de Ajustes se compone, no se escribe a mano
Typecheck + Tests + Verificaciones	UNKNOWN STEP	2026-09-07T13:33:36.6300788Z   ---
Typecheck + Tests + Verificaciones	UNKNOWN STEP	2026-09-07T13:33:36.6300892Z   duration_ms: 0.31127
Typecheck + Tests + Verificaciones	UNKNOWN STEP	2026-09-07T13:33:36.6300989Z   type: 'test'
Typecheck + Tests + Verificaciones	UNKNOWN STEP	2026-09-07T13:33:36.6301076Z   ...
Typecheck + Tests + Verificaciones	UNKNOWN STEP	2026-09-07T13:33:36.6301280Z # Subtest: el vigilante se declara con nombre y ambito
Typecheck + Tests + Verificaciones	UNKNOWN STEP	2026-09-07T13:33:36.6301483Z ok 324 - el vigilante se declara con nombre y ambito
Typecheck + Tests + Verificaciones	UNKNOWN STEP	2026-09-07T13:33:36.6301573Z   ---
Typecheck + Tests + Verificaciones	UNKNOWN STEP	2026-09-07T13:33:36.6301682Z   duration_ms: 0.34881
Typecheck + Tests + Verificaciones	UNKNOWN STEP	2026-09-07T13:33:36.6301774Z   type: 'test'
Typecheck + Tests + Verificaciones	UNKNOWN STEP	2026-09-07T13:33:36.6301867Z   ...
Typecheck + Tests + Verificaciones	UNKNOWN STEP	2026-09-07T13:33:36.6302069Z # Subtest: lee la fuente de verdad de lib/planes.ts
Typecheck + Tests + Verificaciones	UNKNOWN STEP	2026-09-07T13:33:36.6302384Z ok 325 - lee la fuente de verdad de lib/planes.ts
Typecheck + Tests + Verificaciones	UNKNOWN STEP	2026-09-07T13:33:36.6302476Z   ---
Typecheck + Tests + Verificaciones	UNKNOWN STEP	2026-09-07T13:33:36.6302574Z   duration_ms: 6.496067
Typecheck + Tests + Verificaciones	UNKNOWN STEP	2026-09-07T13:33:36.6302674Z   type: 'test'
Typecheck + Tests + Verificaciones	UNKNOWN STEP	2026-09-07T13:33:36.6302764Z   ...
Typecheck + Tests + Verificaciones	UNKNOWN STEP	2026-09-07T13:33:36.6302931Z # Subtest: hoy los tres sitios cuadran
Typecheck + Tests + Verificaciones	UNKNOWN STEP	2026-09-07T13:33:36.6303078Z ok 326 - hoy los tres sitios cuadran
Typecheck + Tests + Verificaciones	UNKNOWN STEP	2026-09-07T13:33:36.6303171Z   ---
Typecheck + Tests + Verificaciones	UNKNOWN STEP	2026-09-07T13:33:36.6303279Z   duration_ms: 11.076896
Typecheck + Tests + Verificaciones	UNKNOWN STEP	2026-09-07T13:33:36.6303382Z   type: 'test'
Typecheck + Tests + Verificaciones	UNKNOWN STEP	2026-09-07T13:33:36.6303466Z   ...
Typecheck + Tests + Verificaciones	UNKNOWN STEP	2026-09-07T13:33:36.6303712Z # Subtest: la tabla declarada es la que se fijo el 23 ago 2026
Typecheck + Tests + Verificaciones	UNKNOWN STEP	2026-09-07T13:33:36.6303937Z ok 327 - la tabla declarada es la que se fijo el 23 ago 2026
Typecheck + Tests + Verificaciones	UNKNOWN STEP	2026-09-07T13:33:36.6304025Z   ---
Typecheck + Tests + Verificaciones	UNKNOWN STEP	2026-09-07T13:33:36.6304127Z   duration_ms: 1.439954
Typecheck + Tests + Verificaciones	UNKNOWN STEP	2026-09-07T13:33:36.6304223Z   type: 'test'
Typecheck + Tests + Verificaciones	UNKNOWN STEP	2026-09-07T13:33:36.6304312Z   ...
Typecheck + Tests + Verificaciones	UNKNOWN STEP	2026-09-07T13:33:36.6304475Z # Subtest: hoy los cuatro sitios cuadran
Typecheck + Tests + Verificaciones	UNKNOWN STEP	2026-09-07T13:33:36.6304635Z ok 328 - hoy los cuatro sitios cuadran
Typecheck + Tests + Verificaciones	UNKNOWN STEP	2026-09-07T13:33:36.6304726Z   ---
Typecheck + Tests + Verificaciones	UNKNOWN STEP	2026-09-07T13:33:36.6304833Z   duration_ms: 12.359337
Typecheck + Tests + Verificaciones	UNKNOWN STEP	2026-09-07T13:33:36.6304929Z   type: 'test'
Typecheck + Tests + Verificaciones	UNKNOWN STEP	2026-09-07T13:33:36.6305019Z   ...
Typecheck + Tests + Verificaciones	UNKNOWN STEP	2026-09-07T13:33:38.1033897Z # Subtest: el runner y el snapshot del panel corren EXACTAMENTE la misma lista
Typecheck + Tests + Verificaciones	UNKNOWN STEP	2026-09-07T13:33:38.1035885Z ok 329 - el runner y el snapshot del panel corren EXACTAMENTE la misma lista
Typecheck + Tests + Verificaciones	UNKNOWN STEP	2026-09-07T13:33:38.1037005Z   ---
Typecheck + Tests + Verificaciones	UNKNOWN STEP	2026-09-07T13:33:38.1037452Z   duration_ms: 0.875462
Typecheck + Tests + Verificaciones	UNKNOWN STEP	2026-09-07T13:33:38.1037924Z   type: 'test'
Typecheck + Tests + Verificaciones	UNKNOWN STEP	2026-09-07T13:33:38.1038370Z   ...
Typecheck + Tests + Verificaciones	UNKNOWN STEP	2026-09-07T13:33:38.1040897Z # Subtest: ningun .mjs del directorio se queda sin clasificar
Typecheck + Tests + Verificaciones	UNKNOWN STEP	2026-09-07T13:33:38.1043195Z ok 330 - ningun .mjs del directorio se queda sin clasificar
Typecheck + Tests + Verificaciones	UNKNOWN STEP	2026-09-07T13:33:38.1043882Z   ---
Typecheck + Tests + Verificaciones	UNKNOWN STEP	2026-09-07T13:33:38.1044316Z   duration_ms: 1.469839
Typecheck + Tests + Verificaciones	UNKNOWN STEP	2026-09-07T13:33:38.1044831Z   type: 'test'
Typecheck + Tests + Verificaciones	UNKNOWN STEP	2026-09-07T13:33:38.1045256Z   ...
Typecheck + Tests + Verificaciones	UNKNOWN STEP	2026-09-07T13:33:38.1051098Z # Subtest: los de red estan todos en DE_RED y ninguno duplicado
Typecheck + Tests + Verificaciones	UNKNOWN STEP	2026-09-07T13:33:38.1055008Z ok 331 - los de red estan todos en DE_RED y ninguno duplicado
Typecheck + Tests + Verificaciones	UNKNOWN STEP	2026-09-07T13:33:38.1055720Z   ---
Typecheck + Tests + Verificaciones	UNKNOWN STEP	2026-09-07T13:33:38.1056431Z   duration_ms: 0.545877
Typecheck + Tests + Verificaciones	UNKNOWN STEP	2026-09-07T13:33:38.1056924Z   type: 'test'
Typecheck + Tests + Verificaciones	UNKNOWN STEP	2026-09-07T13:33:38.1057344Z   ...
Typecheck + Tests + Verificaciones	UNKNOWN STEP	2026-09-07T13:33:38.1058261Z # Subtest: REGRESION: cada vigilante se puede importar como ENTRADA (sin ciclos ESM)
Typecheck + Tests + Verificaciones	UNKNOWN STEP	2026-09-07T13:33:38.1059632Z ok 332 - REGRESION: cada vigilante se puede importar como ENTRADA (sin ciclos ESM)
Typecheck + Tests + Verificaciones	UNKNOWN STEP	2026-09-07T13:33:38.1060477Z   ---
Typecheck + Tests + Verificaciones	UNKNOWN STEP	2026-09-07T13:33:38.1060893Z   duration_ms: 1800.336321
Typecheck + Tests + Verificaciones	UNKNOWN STEP	2026-09-07T13:33:38.1061395Z   type: 'test'
Typecheck + Tests + Verificaciones	UNKNOWN STEP	2026-09-07T13:33:38.1061770Z   ...
Typecheck + Tests + Verificaciones	UNKNOWN STEP	2026-09-07T13:33:38.1062498Z # Subtest: el orden de ESTATICOS empieza por los baratos y acaba por los meta
Typecheck + Tests + Verificaciones	UNKNOWN STEP	2026-09-07T13:33:38.1063887Z ok 333 - el orden de ESTATICOS empieza por los baratos y acaba por los meta
Typecheck + Tests + Verificaciones	UNKNOWN STEP	2026-09-07T13:33:38.1064652Z   ---
Typecheck + Tests + Verificaciones	UNKNOWN STEP	2026-09-07T13:33:38.1065047Z   duration_ms: 0.450399
Typecheck + Tests + Verificaciones	UNKNOWN STEP	2026-09-07T13:33:38.1065425Z   type: 'test'
Typecheck + Tests + Verificaciones	UNKNOWN STEP	2026-09-07T13:33:38.1065762Z   ...
Typecheck + Tests + Verificaciones	UNKNOWN STEP	2026-09-07T13:33:38.1324957Z # Subtest: el vigilante rendimiento cumple el contrato estándar de núcleo
Typecheck + Tests + Verificaciones	UNKNOWN STEP	2026-09-07T13:33:38.1327004Z ok 334 - el vigilante rendimiento cumple el contrato estándar de núcleo
Typecheck + Tests + Verificaciones	UNKNOWN STEP	2026-09-07T13:33:38.1327972Z   ---
Typecheck + Tests + Verificaciones	UNKNOWN STEP	2026-09-07T13:33:38.1328392Z   duration_ms: 1.439173
Typecheck + Tests + Verificaciones	UNKNOWN STEP	2026-09-07T13:33:38.1328859Z   type: 'test'
Typecheck + Tests + Verificaciones	UNKNOWN STEP	2026-09-07T13:33:38.1329256Z   ...
Typecheck + Tests + Verificaciones	UNKNOWN STEP	2026-09-07T13:33:38.1329945Z # Subtest: calcularP95 calcula correctamente el percentil 95
Typecheck + Tests + Verificaciones	UNKNOWN STEP	2026-09-07T13:33:38.1330908Z ok 335 - calcularP95 calcula correctamente el percentil 95
Typecheck + Tests + Verificaciones	UNKNOWN STEP	2026-09-07T13:33:38.1331558Z   ---
Typecheck + Tests + Verificaciones	UNKNOWN STEP	2026-09-07T13:33:38.1331963Z   duration_ms: 0.448175
Typecheck + Tests + Verificaciones	UNKNOWN STEP	2026-09-07T13:33:38.1332415Z   type: 'test'
Typecheck + Tests + Verificaciones	UNKNOWN STEP	2026-09-07T13:33:38.1332801Z   ...
Typecheck + Tests + Verificaciones	UNKNOWN STEP	2026-09-07T13:33:38.1333652Z # Subtest: evaluarLatenciaEdges audita latencias frente al objetivo p95 < 350ms
Typecheck + Tests + Verificaciones	UNKNOWN STEP	2026-09-07T13:33:38.1335033Z ok 336 - evaluarLatenciaEdges audita latencias frente al objetivo p95 < 350ms
Typecheck + Tests + Verificaciones	UNKNOWN STEP	2026-09-07T13:33:38.1335860Z   ---
Typecheck + Tests + Verificaciones	UNKNOWN STEP	2026-09-07T13:33:38.1336504Z   duration_ms: 0.524007
Typecheck + Tests + Verificaciones	UNKNOWN STEP	2026-09-07T13:33:38.1337513Z   type: 'test'
Typecheck + Tests + Verificaciones	UNKNOWN STEP	2026-09-07T13:33:38.1337921Z   ...
Typecheck + Tests + Verificaciones	UNKNOWN STEP	2026-09-07T13:33:38.1338856Z # Subtest: evaluarPresupuestos comprueba carga <1.8s, long tasks <=2 y peticiones N+1 <=6
Typecheck + Tests + Verificaciones	UNKNOWN STEP	2026-09-07T13:33:38.1340336Z ok 337 - evaluarPresupuestos comprueba carga <1.8s, long tasks <=2 y peticiones N+1 <=6
Typecheck + Tests + Verificaciones	UNKNOWN STEP	2026-09-07T13:33:38.1341205Z   ---
Typecheck + Tests + Verificaciones	UNKNOWN STEP	2026-09-07T13:33:38.1341605Z   duration_ms: 0.330306
Typecheck + Tests + Verificaciones	UNKNOWN STEP	2026-09-07T13:33:38.1342065Z   type: 'test'
Typecheck + Tests + Verificaciones	UNKNOWN STEP	2026-09-07T13:33:38.1342483Z   ...
Typecheck + Tests + Verificaciones	UNKNOWN STEP	2026-09-07T13:33:38.1343603Z # Subtest: analizarMediciones detecta degeneración crítica y variaciones de consultas
Typecheck + Tests + Verificaciones	UNKNOWN STEP	2026-09-07T13:33:38.1345173Z ok 338 - analizarMediciones detecta degeneración crítica y variaciones de consultas
Typecheck + Tests + Verificaciones	UNKNOWN STEP	2026-09-07T13:33:38.1346285Z   ---
Typecheck + Tests + Verificaciones	UNKNOWN STEP	2026-09-07T13:33:38.1346720Z   duration_ms: 1.463979
Typecheck + Tests + Verificaciones	UNKNOWN STEP	2026-09-07T13:33:38.1347187Z   type: 'test'
Typecheck + Tests + Verificaciones	UNKNOWN STEP	2026-09-07T13:33:38.1347607Z   ...
Typecheck + Tests + Verificaciones	UNKNOWN STEP	2026-09-07T13:33:38.1348455Z # Subtest: analizarMediciones reporta pantallas nuevas y pantallas no medidas
Typecheck + Tests + Verificaciones	UNKNOWN STEP	2026-09-07T13:33:38.1349721Z ok 339 - analizarMediciones reporta pantallas nuevas y pantallas no medidas
Typecheck + Tests + Verificaciones	UNKNOWN STEP	2026-09-07T13:33:38.1350543Z   ---
Typecheck + Tests + Verificaciones	UNKNOWN STEP	2026-09-07T13:33:38.1350962Z   duration_ms: 0.281766
Typecheck + Tests + Verificaciones	UNKNOWN STEP	2026-09-07T13:33:38.1351423Z   type: 'test'
Typecheck + Tests + Verificaciones	UNKNOWN STEP	2026-09-07T13:33:38.1351783Z   ...
Typecheck + Tests + Verificaciones	UNKNOWN STEP	2026-09-07T13:33:38.1352473Z # Subtest: ejecutar lanza AnclaPerdida si la línea base no existe
Typecheck + Tests + Verificaciones	UNKNOWN STEP	2026-09-07T13:33:38.1353376Z ok 340 - ejecutar lanza AnclaPerdida si la línea base no existe
Typecheck + Tests + Verificaciones	UNKNOWN STEP	2026-09-07T13:33:38.1353979Z   ---
Typecheck + Tests + Verificaciones	UNKNOWN STEP	2026-09-07T13:33:38.1354324Z   duration_ms: 1.686694
Typecheck + Tests + Verificaciones	UNKNOWN STEP	2026-09-07T13:33:38.1354701Z   type: 'test'
Typecheck + Tests + Verificaciones	UNKNOWN STEP	2026-09-07T13:33:38.1355029Z   ...
Typecheck + Tests + Verificaciones	UNKNOWN STEP	2026-09-07T13:33:38.1355866Z # Subtest: ejecutar en el repositorio real devuelve hallazgos válidos sin reventar
Typecheck + Tests + Verificaciones	UNKNOWN STEP	2026-09-07T13:33:38.1357382Z ok 341 - ejecutar en el repositorio real devuelve hallazgos válidos sin reventar
Typecheck + Tests + Verificaciones	UNKNOWN STEP	2026-09-07T13:33:38.1358052Z   ---
Typecheck + Tests + Verificaciones	UNKNOWN STEP	2026-09-07T13:33:38.1358477Z   duration_ms: 0.722577
Typecheck + Tests + Verificaciones	UNKNOWN STEP	2026-09-07T13:33:38.1358933Z   type: 'test'
Typecheck + Tests + Verificaciones	UNKNOWN STEP	2026-09-07T13:33:38.1359282Z   ...
Typecheck + Tests + Verificaciones	UNKNOWN STEP	2026-09-07T13:33:38.1360207Z # Subtest: ejecución CLI como proceso hijo procesa JSONL y genera salida
Typecheck + Tests + Verificaciones	UNKNOWN STEP	2026-09-07T13:33:38.1361439Z ok 342 - ejecución CLI como proceso hijo procesa JSONL y genera salida
Typecheck + Tests + Verificaciones	UNKNOWN STEP	2026-09-07T13:33:38.1362161Z   ---
Typecheck + Tests + Verificaciones	UNKNOWN STEP	2026-09-07T13:33:38.1362557Z   duration_ms: 46.244183
Typecheck + Tests + Verificaciones	UNKNOWN STEP	2026-09-07T13:33:38.1363008Z   type: 'test'
Typecheck + Tests + Verificaciones	UNKNOWN STEP	2026-09-07T13:33:38.1363386Z   ...
Typecheck + Tests + Verificaciones	UNKNOWN STEP	2026-09-07T13:33:38.1363885Z # Subtest: la lista esperada es la de hoy
Typecheck + Tests + Verificaciones	UNKNOWN STEP	2026-09-07T13:33:38.1364527Z ok 343 - la lista esperada es la de hoy
Typecheck + Tests + Verificaciones	UNKNOWN STEP	2026-09-07T13:33:38.1365037Z   ---
Typecheck + Tests + Verificaciones	UNKNOWN STEP	2026-09-07T13:33:38.1365422Z   duration_ms: 1.444262
Typecheck + Tests + Verificaciones	UNKNOWN STEP	2026-09-07T13:33:38.1365856Z   type: 'test'
Typecheck + Tests + Verificaciones	UNKNOWN STEP	2026-09-07T13:33:38.1367078Z   ...
Typecheck + Tests + Verificaciones	UNKNOWN STEP	2026-09-07T13:33:38.1367650Z # Subtest: app/_layout.tsx dice exactamente eso
Typecheck + Tests + Verificaciones	UNKNOWN STEP	2026-09-07T13:33:38.1368398Z ok 344 - app/_layout.tsx dice exactamente eso
Typecheck + Tests + Verificaciones	UNKNOWN STEP	2026-09-07T13:33:38.1368973Z   ---
Typecheck + Tests + Verificaciones	UNKNOWN STEP	2026-09-07T13:33:38.1369660Z   duration_ms: 2.557176
Typecheck + Tests + Verificaciones	UNKNOWN STEP	2026-09-07T13:33:38.1370130Z   type: 'test'
Typecheck + Tests + Verificaciones	UNKNOWN STEP	2026-09-07T13:33:38.1370519Z   ...
Typecheck + Tests + Verificaciones	UNKNOWN STEP	2026-09-07T13:33:38.1370942Z # Subtest: inventarioDesde
Typecheck + Tests + Verificaciones	UNKNOWN STEP	2026-09-07T13:33:38.1371833Z     # Subtest: los DROP TRIGGER sacan el trigger del inventario (las migraciones son historia)
Typecheck + Tests + Verificaciones	UNKNOWN STEP	2026-09-07T13:33:38.1373105Z     ok 1 - los DROP TRIGGER sacan el trigger del inventario (las migraciones son historia)
Typecheck + Tests + Verificaciones	UNKNOWN STEP	2026-09-07T13:33:38.1374004Z       ---
Typecheck + Tests + Verificaciones	UNKNOWN STEP	2026-09-07T13:33:38.1374417Z       duration_ms: 3.152937
Typecheck + Tests + Verificaciones	UNKNOWN STEP	2026-09-07T13:33:38.1374885Z       type: 'test'
Typecheck + Tests + Verificaciones	UNKNOWN STEP	2026-09-07T13:33:38.1375284Z       ...
Typecheck + Tests + Verificaciones	UNKNOWN STEP	2026-09-07T13:33:38.1375832Z     # Subtest: la ultima definicion de una funcion gana
Typecheck + Tests + Verificaciones	UNKNOWN STEP	2026-09-07T13:33:38.1376844Z     ok 2 - la ultima definicion de una funcion gana
Typecheck + Tests + Verificaciones	UNKNOWN STEP	2026-09-07T13:33:38.1377421Z       ---
Typecheck + Tests + Verificaciones	UNKNOWN STEP	2026-09-07T13:33:38.1377818Z       duration_ms: 0.400817
Typecheck + Tests + Verificaciones	UNKNOWN STEP	2026-09-07T13:33:38.1378247Z       type: 'test'
Typecheck + Tests + Verificaciones	UNKNOWN STEP	2026-09-07T13:33:38.1378631Z       ...
Typecheck + Tests + Verificaciones	UNKNOWN STEP	2026-09-07T13:33:38.1378972Z     1..2
Typecheck + Tests + Verificaciones	UNKNOWN STEP	2026-09-07T13:33:38.1379357Z ok 345 - inventarioDesde
Typecheck + Tests + Verificaciones	UNKNOWN STEP	2026-09-07T13:33:38.1379801Z   ---
Typecheck + Tests + Verificaciones	UNKNOWN STEP	2026-09-07T13:33:38.1380143Z   duration_ms: 4.89276
Typecheck + Tests + Verificaciones	UNKNOWN STEP	2026-09-07T13:33:38.1380578Z   type: 'suite'
Typecheck + Tests + Verificaciones	UNKNOWN STEP	2026-09-07T13:33:38.1380974Z   ...
Typecheck + Tests + Verificaciones	UNKNOWN STEP	2026-09-07T13:33:38.1381684Z # Subtest: analizarInventario
Typecheck + Tests + Verificaciones	UNKNOWN STEP	2026-09-07T13:33:38.1382496Z     # Subtest: caza la cascada mutua INSERT<->UPDATE que destruyo los reposos
Typecheck + Tests + Verificaciones	UNKNOWN STEP	2026-09-07T13:33:38.1383582Z     ok 1 - caza la cascada mutua INSERT<->UPDATE que destruyo los reposos
Typecheck + Tests + Verificaciones	UNKNOWN STEP	2026-09-07T13:33:38.1384303Z       ---
Typecheck + Tests + Verificaciones	UNKNOWN STEP	2026-09-07T13:33:38.1384693Z       duration_ms: 1.476682
Typecheck + Tests + Verificaciones	UNKNOWN STEP	2026-09-07T13:33:38.1385134Z       type: 'test'
Typecheck + Tests + Verificaciones	UNKNOWN STEP	2026-09-07T13:33:38.1385530Z       ...
Typecheck + Tests + Verificaciones	UNKNOWN STEP	2026-09-07T13:33:38.1386384Z     # Subtest: cascada con guardas que cortan la recursion queda en aviso
Typecheck + Tests + Verificaciones	UNKNOWN STEP	2026-09-07T13:33:38.1387343Z     ok 2 - cascada con guardas que cortan la recursion queda en aviso
Typecheck + Tests + Verificaciones	UNKNOWN STEP	2026-09-07T13:33:38.1388012Z       ---
Typecheck + Tests + Verificaciones	UNKNOWN STEP	2026-09-07T13:33:38.1388374Z       duration_ms: 0.378155
Typecheck + Tests + Verificaciones	UNKNOWN STEP	2026-09-07T13:33:38.1388846Z       type: 'test'
Typecheck + Tests + Verificaciones	UNKNOWN STEP	2026-09-07T13:33:38.1389262Z       ...
Typecheck + Tests + Verificaciones	UNKNOWN STEP	2026-09-07T13:33:38.1389995Z     # Subtest: el diseno actual (fases como proyeccion, un solo sentido) no se flaggea
Typecheck + Tests + Verificaciones	UNKNOWN STEP	2026-09-07T13:33:38.1391059Z     ok 3 - el diseno actual (fases como proyeccion, un solo sentido) no se flaggea
Typecheck + Tests + Verificaciones	UNKNOWN STEP	2026-09-07T13:33:38.1392042Z       ---
Typecheck + Tests + Verificaciones	UNKNOWN STEP	2026-09-07T13:33:38.1392505Z       duration_ms: 0.387562
Typecheck + Tests + Verificaciones	UNKNOWN STEP	2026-09-07T13:33:38.1392908Z       type: 'test'
Typecheck + Tests + Verificaciones	UNKNOWN STEP	2026-09-07T13:33:38.1393141Z       ...
Typecheck + Tests + Verificaciones	UNKNOWN STEP	2026-09-07T13:33:38.1393480Z     1..3
Typecheck + Tests + Verificaciones	UNKNOWN STEP	2026-09-07T13:33:38.1393812Z ok 346 - analizarInventario
Typecheck + Tests + Verificaciones	UNKNOWN STEP	2026-09-07T13:33:38.1394359Z   ---
Typecheck + Tests + Verificaciones	UNKNOWN STEP	2026-09-07T13:33:38.1394779Z   duration_ms: 2.581351
Typecheck + Tests + Verificaciones	UNKNOWN STEP	2026-09-07T13:33:38.1395200Z   type: 'suite'
Typecheck + Tests + Verificaciones	UNKNOWN STEP	2026-09-07T13:33:38.1395533Z   ...
Typecheck + Tests + Verificaciones	UNKNOWN STEP	2026-09-07T13:33:38.1396389Z # Subtest: regresion: el canario que se rompio de verdad el 29 ago 2026
Typecheck + Tests + Verificaciones	UNKNOWN STEP	2026-09-07T13:33:38.1397331Z ok 347 - regresion: el canario que se rompio de verdad el 29 ago 2026
Typecheck + Tests + Verificaciones	UNKNOWN STEP	2026-09-07T13:33:38.1397949Z   ---
Typecheck + Tests + Verificaciones	UNKNOWN STEP	2026-09-07T13:33:38.1398302Z   duration_ms: 12.788977
Typecheck + Tests + Verificaciones	UNKNOWN STEP	2026-09-07T13:33:38.1398725Z   type: 'test'
Typecheck + Tests + Verificaciones	UNKNOWN STEP	2026-09-07T13:33:38.1399047Z   ...
Typecheck + Tests + Verificaciones	UNKNOWN STEP	2026-09-07T13:33:38.1399713Z # Subtest: regresion: checkout sin persist-credentials (zizmor artipacked)
Typecheck + Tests + Verificaciones	UNKNOWN STEP	2026-09-07T13:33:38.1400741Z ok 348 - regresion: checkout sin persist-credentials (zizmor artipacked)
Typecheck + Tests + Verificaciones	UNKNOWN STEP	2026-09-07T13:33:38.1401449Z   ---
Typecheck + Tests + Verificaciones	UNKNOWN STEP	2026-09-07T13:33:38.1401780Z   duration_ms: 1.49134
Typecheck + Tests + Verificaciones	UNKNOWN STEP	2026-09-07T13:33:38.1402142Z   type: 'test'
Typecheck + Tests + Verificaciones	UNKNOWN STEP	2026-09-07T13:33:38.1402468Z   ...
Typecheck + Tests + Verificaciones	UNKNOWN STEP	2026-09-07T13:33:38.1402937Z # Subtest: un checkout bien puesto no se toca
Typecheck + Tests + Verificaciones	UNKNOWN STEP	2026-09-07T13:33:38.1403594Z ok 349 - un checkout bien puesto no se toca
Typecheck + Tests + Verificaciones	UNKNOWN STEP	2026-09-07T13:33:38.1412386Z   ---
Typecheck + Tests + Verificaciones	UNKNOWN STEP	2026-09-07T13:33:38.1412768Z   duration_ms: 1.995559
Typecheck + Tests + Verificaciones	UNKNOWN STEP	2026-09-07T13:33:38.1413192Z   type: 'test'
Typecheck + Tests + Verificaciones	UNKNOWN STEP	2026-09-07T13:33:38.1413561Z   ...
Typecheck + Tests + Verificaciones	UNKNOWN STEP	2026-09-07T13:33:38.1414137Z # Subtest: una accion con etiqueta movil es un hallazgo
Typecheck + Tests + Verificaciones	UNKNOWN STEP	2026-09-07T13:33:38.1414943Z ok 350 - una accion con etiqueta movil es un hallazgo
Typecheck + Tests + Verificaciones	UNKNOWN STEP	2026-09-07T13:33:38.1415467Z   ---
Typecheck + Tests + Verificaciones	UNKNOWN STEP	2026-09-07T13:33:38.1415833Z   duration_ms: 0.887445
Typecheck + Tests + Verificaciones	UNKNOWN STEP	2026-09-07T13:33:38.1416463Z   type: 'test'
Typecheck + Tests + Verificaciones	UNKNOWN STEP	2026-09-07T13:33:38.1416826Z   ...
Typecheck + Tests + Verificaciones	UNKNOWN STEP	2026-09-07T13:33:38.1417540Z # Subtest: un paso con uses y run a la vez
Typecheck + Tests + Verificaciones	UNKNOWN STEP	2026-09-07T13:33:38.1418163Z ok 351 - un paso con uses y run a la vez
Typecheck + Tests + Verificaciones	UNKNOWN STEP	2026-09-07T13:33:38.1418645Z   ---
Typecheck + Tests + Verificaciones	UNKNOWN STEP	2026-09-07T13:33:38.1418996Z   duration_ms: 1.360515
Typecheck + Tests + Verificaciones	UNKNOWN STEP	2026-09-07T13:33:38.1419405Z   type: 'test'
Typecheck + Tests + Verificaciones	UNKNOWN STEP	2026-09-07T13:33:38.1419766Z   ...
Typecheck + Tests + Verificaciones	UNKNOWN STEP	2026-09-07T13:33:38.1420260Z # Subtest: un paso que no hace nada
Typecheck + Tests + Verificaciones	UNKNOWN STEP	2026-09-07T13:33:38.1420848Z ok 352 - un paso que no hace nada
Typecheck + Tests + Verificaciones	UNKNOWN STEP	2026-09-07T13:33:38.1421298Z   ---
Typecheck + Tests + Verificaciones	UNKNOWN STEP	2026-09-07T13:33:38.1421660Z   duration_ms: 0.758213
Typecheck + Tests + Verificaciones	UNKNOWN STEP	2026-09-07T13:33:38.1422062Z   type: 'test'
Typecheck + Tests + Verificaciones	UNKNOWN STEP	2026-09-07T13:33:38.1422422Z   ...
Typecheck + Tests + Verificaciones	UNKNOWN STEP	2026-09-07T13:33:38.1422905Z # Subtest: los 4 workflows de hoy estan bien
Typecheck + Tests + Verificaciones	UNKNOWN STEP	2026-09-07T13:33:38.1423574Z ok 353 - los 4 workflows de hoy estan bien
Typecheck + Tests + Verificaciones	UNKNOWN STEP	2026-09-07T13:33:38.1424097Z   ---
Typecheck + Tests + Verificaciones	UNKNOWN STEP	2026-09-07T13:33:38.1424424Z   duration_ms: 41.153772
Typecheck + Tests + Verificaciones	UNKNOWN STEP	2026-09-07T13:33:38.1424843Z   type: 'test'
Typecheck + Tests + Verificaciones	UNKNOWN STEP	2026-09-07T13:33:38.1425176Z   ...
Typecheck + Tests + Verificaciones	UNKNOWN STEP	2026-09-07T13:33:38.1425751Z # Subtest: el vigilante se declara con nombre y ambito
Typecheck + Tests + Verificaciones	UNKNOWN STEP	2026-09-07T13:33:38.1426709Z ok 354 - el vigilante se declara con nombre y ambito
Typecheck + Tests + Verificaciones	UNKNOWN STEP	2026-09-07T13:33:38.1427258Z   ---
Typecheck + Tests + Verificaciones	UNKNOWN STEP	2026-09-07T13:33:38.1427582Z   duration_ms: 0.238374
Typecheck + Tests + Verificaciones	UNKNOWN STEP	2026-09-07T13:33:38.1428021Z   type: 'test'
Typecheck + Tests + Verificaciones	UNKNOWN STEP	2026-09-07T13:33:38.1428283Z   ...
Typecheck + Tests + Verificaciones	UNKNOWN STEP	2026-09-07T13:33:38.1428520Z 1..354
Typecheck + Tests + Verificaciones	UNKNOWN STEP	2026-09-07T13:33:38.1428743Z # tests 403
Typecheck + Tests + Verificaciones	UNKNOWN STEP	2026-09-07T13:33:38.1429036Z # suites 18
Typecheck + Tests + Verificaciones	UNKNOWN STEP	2026-09-07T13:33:38.1429392Z # pass 403
Typecheck + Tests + Verificaciones	UNKNOWN STEP	2026-09-07T13:33:38.1429718Z # fail 0
Typecheck + Tests + Verificaciones	UNKNOWN STEP	2026-09-07T13:33:38.1430046Z # cancelled 0
Typecheck + Tests + Verificaciones	UNKNOWN STEP	2026-09-07T13:33:38.1430408Z # skipped 0
Typecheck + Tests + Verificaciones	UNKNOWN STEP	2026-09-07T13:33:38.1430737Z # todo 0
Typecheck + Tests + Verificaciones	UNKNOWN STEP	2026-09-07T13:33:38.1431135Z # duration_ms 16332.304458
Typecheck + Tests + Verificaciones	UNKNOWN STEP	2026-09-07T13:33:38.1543412Z ##[group]Run node scripts/vigilantes/index.mjs --json vigilancia.json
Typecheck + Tests + Verificaciones	UNKNOWN STEP	2026-09-07T13:33:38.1543987Z ^[[36;1mnode scripts/vigilantes/index.mjs --json vigilancia.json^[[0m
Typecheck + Tests + Verificaciones	UNKNOWN STEP	2026-09-07T13:33:38.1581782Z shell: /usr/bin/bash -e {0}
Typecheck + Tests + Verificaciones	UNKNOWN STEP	2026-09-07T13:33:38.1582074Z ##[endgroup]
Typecheck + Tests + Verificaciones	UNKNOWN STEP	2026-09-07T13:33:44.1471140Z 
Typecheck + Tests + Verificaciones	UNKNOWN STEP	2026-09-07T13:33:44.1474151Z     ok   precios          7 ms
Typecheck + Tests + Verificaciones	UNKNOWN STEP	2026-09-07T13:33:44.1474900Z     ok   referidos        6 ms
Typecheck + Tests + Verificaciones	UNKNOWN STEP	2026-09-07T13:33:44.1475558Z     ok   rutas-publicas   1 ms
Typecheck + Tests + Verificaciones	UNKNOWN STEP	2026-09-07T13:33:44.1476467Z     ok   cache-app        0 ms
Typecheck + Tests + Verificaciones	UNKNOWN STEP	2026-09-07T13:33:44.1477097Z     ok   claves           118 ms
Typecheck + Tests + Verificaciones	UNKNOWN STEP	2026-09-07T13:33:44.1477793Z     ok   errores-tragados 1103 ms
Typecheck + Tests + Verificaciones	UNKNOWN STEP	2026-09-07T13:33:44.1478452Z     ok   panel-ambitos    4 ms
Typecheck + Tests + Verificaciones	UNKNOWN STEP	2026-09-07T13:33:44.1479088Z     ok   edges-autorizadas 2 ms
Typecheck + Tests + Verificaciones	UNKNOWN STEP	2026-09-07T13:33:44.1479752Z     ok   migraciones      42 ms
Typecheck + Tests + Verificaciones	UNKNOWN STEP	2026-09-07T13:33:44.1480386Z     ok   husos            14 ms
Typecheck + Tests + Verificaciones	UNKNOWN STEP	2026-09-07T13:33:44.1480953Z     ok   planes           3 ms
Typecheck + Tests + Verificaciones	UNKNOWN STEP	2026-09-07T13:33:44.1481588Z     ok   horarios-convenio 7 ms
Typecheck + Tests + Verificaciones	UNKNOWN STEP	2026-09-07T13:33:44.1482231Z     ok   inmutabilidad-cobros 4 ms
Typecheck + Tests + Verificaciones	UNKNOWN STEP	2026-09-07T13:33:44.1482857Z     ok   workflows        57 ms
Typecheck + Tests + Verificaciones	UNKNOWN STEP	2026-09-07T13:33:44.1483455Z     ok   ecosistema-cuentas 20 ms
Typecheck + Tests + Verificaciones	UNKNOWN STEP	2026-09-07T13:33:44.1484079Z   AVISA  codigo-muerto    3420 ms
Typecheck + Tests + Verificaciones	UNKNOWN STEP	2026-09-07T13:33:44.1484726Z   AVISA  claims-fiscales  37 ms
Typecheck + Tests + Verificaciones	UNKNOWN STEP	2026-09-07T13:33:44.1485359Z   AVISA  modulos-desconectados 118 ms
Typecheck + Tests + Verificaciones	UNKNOWN STEP	2026-09-07T13:33:44.1486209Z     ok   meta-anclas      1 ms
Typecheck + Tests + Verificaciones	UNKNOWN STEP	2026-09-07T13:33:44.1486808Z     ok   meta-cobertura   0 ms
Typecheck + Tests + Verificaciones	UNKNOWN STEP	2026-09-07T13:33:44.1487427Z   AVISA  peso-componentes 54 ms
Typecheck + Tests + Verificaciones	UNKNOWN STEP	2026-09-07T13:33:44.1488050Z   AVISA  rendimiento      0 ms
Typecheck + Tests + Verificaciones	UNKNOWN STEP	2026-09-07T13:33:44.1488649Z   AVISA  calidad-codigo   423 ms
Typecheck + Tests + Verificaciones	UNKNOWN STEP	2026-09-07T13:33:44.1489266Z   AVISA  ci-cadena-rota   22 ms
Typecheck + Tests + Verificaciones	UNKNOWN STEP	2026-09-07T13:33:44.1489852Z     ok   trigger-cadenas  8 ms
Typecheck + Tests + Verificaciones	UNKNOWN STEP	2026-09-07T13:33:44.1490440Z     ok   meta-registro    34 ms
Typecheck + Tests + Verificaciones	UNKNOWN STEP	2026-09-07T13:33:44.1491013Z   AVISA  meta-contrato    11 ms
Typecheck + Tests + Verificaciones	UNKNOWN STEP	2026-09-07T13:33:44.1491514Z     ok   meta-mutaciones  1 ms
Typecheck + Tests + Verificaciones	UNKNOWN STEP	2026-09-07T13:33:44.1492011Z     ok   meta-trinquete   1 ms
Typecheck + Tests + Verificaciones	UNKNOWN STEP	2026-09-07T13:33:44.1492507Z     ok   guardrail-ia     0 ms
Typecheck + Tests + Verificaciones	UNKNOWN STEP	2026-09-07T13:33:44.1493054Z     ok   fugas-listeners  15 ms
Typecheck + Tests + Verificaciones	UNKNOWN STEP	2026-09-07T13:33:44.1493553Z   AVISA  modales-fantasma 15 ms
Typecheck + Tests + Verificaciones	UNKNOWN STEP	2026-09-07T13:33:44.1494051Z   AVISA  addons-cargador  23 ms
Typecheck + Tests + Verificaciones	UNKNOWN STEP	2026-09-07T13:33:44.1494348Z 
Typecheck + Tests + Verificaciones	UNKNOWN STEP	2026-09-07T13:33:44.1494514Z AVISOS (306)
Typecheck + Tests + Verificaciones	UNKNOWN STEP	2026-09-07T13:33:44.1494728Z 
Typecheck + Tests + Verificaciones	UNKNOWN STEP	2026-09-07T13:33:44.1495288Z   * Suben los ficheros que no importa nadie: 8 -> 9 scripts/vigilantes/knip-baseline.json
Typecheck + Tests + Verificaciones	UNKNOWN STEP	2026-09-07T13:33:44.1497118Z     Este cambio deja 1 mas. Verlos con: npx knip. Si son inevitables, sube el numero en scripts/vigilantes/knip-baseline.json y explica por que en el commit.
Typecheck + Tests + Verificaciones	UNKNOWN STEP	2026-09-07T13:33:44.1498171Z 
Typecheck + Tests + Verificaciones	UNKNOWN STEP	2026-09-07T13:33:44.1498634Z   * Suben los exports sin uso: 66 -> 67 scripts/vigilantes/knip-baseline.json
Typecheck + Tests + Verificaciones	UNKNOWN STEP	2026-09-07T13:33:44.1500207Z     Este cambio deja 1 mas. Verlos con: npx knip. Si son inevitables, sube el numero en scripts/vigilantes/knip-baseline.json y explica por que en el commit.
Typecheck + Tests + Verificaciones	UNKNOWN STEP	2026-09-07T13:33:44.1501236Z 
Typecheck + Tests + Verificaciones	UNKNOWN STEP	2026-09-07T13:33:44.1501901Z   * web/diseno-aurora.html no la enlaza nadie y publica 2 claim(s) fiscales viejos web/diseno-aurora.html
Typecheck + Tests + Verificaciones	UNKNOWN STEP	2026-09-07T13:33:44.1504666Z     El dominio sirve la carpeta web/ entera, asi que esta pagina es publica y indexable aunque no haya ningun enlace hacia ella. Como no la ve casi nadie esto es aviso y no bloqueante, pero el arreglo bueno es borrarla --igual que se hizo con demo_v2.html-- y no ir actualizandole el texto a una copia muerta.
Typecheck + Tests + Verificaciones	UNKNOWN STEP	2026-09-07T13:33:44.1506903Z 
Typecheck + Tests + Verificaciones	UNKNOWN STEP	2026-09-07T13:33:44.1507441Z   * Se promete "homologados" y el envio a la AEAT no existe web/diseno-aurora.html:1332
Typecheck + Tests + Verificaciones	UNKNOWN STEP	2026-09-07T13:33:44.1508725Z     web/diseno-aurora.html dice:
Typecheck + Tests + Verificaciones	UNKNOWN STEP	2026-09-07T13:33:44.1509048Z 
Typecheck + Tests + Verificaciones	UNKNOWN STEP	2026-09-07T13:33:44.1510640Z   ...<div class="faq-a">Sí: tickets homologados <b>VeriFactu</b> con QR de la AEAT y registro de jornada del equipo conforme a la ley, dentro del software, sin addon aparte....
Typecheck + Tests + Verificaciones	UNKNOWN STEP	2026-09-07T13:33:44.1511765Z 
Typecheck + Tests + Verificaciones	UNKNOWN STEP	2026-09-07T13:33:44.1513776Z "Homologado" no significa nada en VeriFactu: la AEAT no homologa software, el fabricante emite una declaracion responsable y el sistema envia (o conserva) los registros. Decirlo sugiere una certificacion que no existe.
Typecheck + Tests + Verificaciones	UNKNOWN STEP	2026-09-07T13:33:44.1515243Z 
Typecheck + Tests + Verificaciones	UNKNOWN STEP	2026-09-07T13:33:44.1518055Z Mientras ENVIO_AEAT_DISPONIBLE sea false en lib/fiscal/estadoVerifactu.ts, esto es un claim falso (decision 5 del CLAUDE.md). Se puede contar lo que SI hay --cadena SHA-256, numeracion correlativa, tickets que se rectifican y no se borran, RD 1007/2023-- y decir de lo demas que esta en desarrollo: esa frase no la marca este vigilante.
Typecheck + Tests + Verificaciones	UNKNOWN STEP	2026-09-07T13:33:44.1520173Z 
Typecheck + Tests + Verificaciones	UNKNOWN STEP	2026-09-07T13:33:44.1520891Z   * Se promete "envío a Hacienda" y el envio a la AEAT no existe web/diseno-aurora.html:141
Typecheck + Tests + Verificaciones	UNKNOWN STEP	2026-09-07T13:33:44.1521760Z     web/diseno-aurora.html dice:
Typecheck + Tests + Verificaciones	UNKNOWN STEP	2026-09-07T13:33:44.1522068Z 
Typecheck + Tests + Verificaciones	UNKNOWN STEP	2026-09-07T13:33:44.1522758Z   ..."Facturación VeriFactu (AEAT) con cadena SHA-256, QR de cotejo y envío a Hacienda",...
Typecheck + Tests + Verificaciones	UNKNOWN STEP	2026-09-07T13:33:44.1523404Z 
Typecheck + Tests + Verificaciones	UNKNOWN STEP	2026-09-07T13:33:44.1523908Z No hay envio. No existe ni la columna donde anotar el resultado de uno.
Typecheck + Tests + Verificaciones	UNKNOWN STEP	2026-09-07T13:33:44.1524427Z 
Typecheck + Tests + Verificaciones	UNKNOWN STEP	2026-09-07T13:33:44.1527180Z Mientras ENVIO_AEAT_DISPONIBLE sea false en lib/fiscal/estadoVerifactu.ts, esto es un claim falso (decision 5 del CLAUDE.md). Se puede contar lo que SI hay --cadena SHA-256, numeracion correlativa, tickets que se rectifican y no se borran, RD 1007/2023-- y decir de lo demas que esta en desarrollo: esa frase no la marca este vigilante.
Typecheck + Tests + Verificaciones	UNKNOWN STEP	2026-09-07T13:33:44.1529276Z 
Typecheck + Tests + Verificaciones	UNKNOWN STEP	2026-09-07T13:33:44.1529947Z   * web/diseno-brasas.html no la enlaza nadie y publica 2 claim(s) fiscales viejos web/diseno-brasas.html
Typecheck + Tests + Verificaciones	UNKNOWN STEP	2026-09-07T13:33:44.1532723Z     El dominio sirve la carpeta web/ entera, asi que esta pagina es publica y indexable aunque no haya ningun enlace hacia ella. Como no la ve casi nadie esto es aviso y no bloqueante, pero el arreglo bueno es borrarla --igual que se hizo con demo_v2.html-- y no ir actualizandole el texto a una copia muerta.
Typecheck + Tests + Verificaciones	UNKNOWN STEP	2026-09-07T13:33:44.1534623Z 
Typecheck + Tests + Verificaciones	UNKNOWN STEP	2026-09-07T13:33:44.1535144Z   * Se promete "homologados" y el envio a la AEAT no existe web/diseno-brasas.html:1332
Typecheck + Tests + Verificaciones	UNKNOWN STEP	2026-09-07T13:33:44.1536143Z     web/diseno-brasas.html dice:
Typecheck + Tests + Verificaciones	UNKNOWN STEP	2026-09-07T13:33:44.1536468Z 
Typecheck + Tests + Verificaciones	UNKNOWN STEP	2026-09-07T13:33:44.1537810Z   ...<div class="faq-a">Sí: tickets homologados <b>VeriFactu</b> con QR de la AEAT y registro de jornada del equipo conforme a la ley, dentro del software, sin addon aparte....
Typecheck + Tests + Verificaciones	UNKNOWN STEP	2026-09-07T13:33:44.1538934Z 
Typecheck + Tests + Verificaciones	UNKNOWN STEP	2026-09-07T13:33:44.1540644Z "Homologado" no significa nada en VeriFactu: la AEAT no homologa software, el fabricante emite una declaracion responsable y el sistema envia (o conserva) los registros. Decirlo sugiere una certificacion que no existe.
Typecheck + Tests + Verificaciones	UNKNOWN STEP	2026-09-07T13:33:44.1542101Z 
Typecheck + Tests + Verificaciones	UNKNOWN STEP	2026-09-07T13:33:44.1544696Z Mientras ENVIO_AEAT_DISPONIBLE sea false en lib/fiscal/estadoVerifactu.ts, esto es un claim falso (decision 5 del CLAUDE.md). Se puede contar lo que SI hay --cadena SHA-256, numeracion correlativa, tickets que se rectifican y no se borran, RD 1007/2023-- y decir de lo demas que esta en desarrollo: esa frase no la marca este vigilante.
Typecheck + Tests + Verificaciones	UNKNOWN STEP	2026-09-07T13:33:44.1547033Z 
Typecheck + Tests + Verificaciones	UNKNOWN STEP	2026-09-07T13:33:44.1547714Z   * Se promete "envío a Hacienda" y el envio a la AEAT no existe web/diseno-brasas.html:141
Typecheck + Tests + Verificaciones	UNKNOWN STEP	2026-09-07T13:33:44.1548579Z     web/diseno-brasas.html dice:
Typecheck + Tests + Verificaciones	UNKNOWN STEP	2026-09-07T13:33:44.1548899Z 
Typecheck + Tests + Verificaciones	UNKNOWN STEP	2026-09-07T13:33:44.1549603Z   ..."Facturación VeriFactu (AEAT) con cadena SHA-256, QR de cotejo y envío a Hacienda",...
Typecheck + Tests + Verificaciones	UNKNOWN STEP	2026-09-07T13:33:44.1550256Z 
Typecheck + Tests + Verificaciones	UNKNOWN STEP	2026-09-07T13:33:44.1550752Z No hay envio. No existe ni la columna donde anotar el resultado de uno.
Typecheck + Tests + Verificaciones	UNKNOWN STEP	2026-09-07T13:33:44.1551276Z 
Typecheck + Tests + Verificaciones	UNKNOWN STEP	2026-09-07T13:33:44.1554123Z Mientras ENVIO_AEAT_DISPONIBLE sea false en lib/fiscal/estadoVerifactu.ts, esto es un claim falso (decision 5 del CLAUDE.md). Se puede contar lo que SI hay --cadena SHA-256, numeracion correlativa, tickets que se rectifican y no se borran, RD 1007/2023-- y decir de lo demas que esta en desarrollo: esa frase no la marca este vigilante.
Typecheck + Tests + Verificaciones	UNKNOWN STEP	2026-09-07T13:33:44.1556436Z 
Typecheck + Tests + Verificaciones	UNKNOWN STEP	2026-09-07T13:33:44.1557306Z   * web/diseno-forja.html no la enlaza nadie y publica 2 claim(s) fiscales viejos web/diseno-forja.html
Typecheck + Tests + Verificaciones	UNKNOWN STEP	2026-09-07T13:33:44.1560130Z     El dominio sirve la carpeta web/ entera, asi que esta pagina es publica y indexable aunque no haya ningun enlace hacia ella. Como no la ve casi nadie esto es aviso y no bloqueante, pero el arreglo bueno es borrarla --igual que se hizo con demo_v2.html-- y no ir actualizandole el texto a una copia muerta.
Typecheck + Tests + Verificaciones	UNKNOWN STEP	2026-09-07T13:33:44.1562060Z 
Typecheck + Tests + Verificaciones	UNKNOWN STEP	2026-09-07T13:33:44.1562582Z   * Se promete "homologados" y el envio a la AEAT no existe web/diseno-forja.html:1332
Typecheck + Tests + Verificaciones	UNKNOWN STEP	2026-09-07T13:33:44.1563415Z     web/diseno-forja.html dice:
Typecheck + Tests + Verificaciones	UNKNOWN STEP	2026-09-07T13:33:44.1563865Z 
Typecheck + Tests + Verificaciones	UNKNOWN STEP	2026-09-07T13:33:44.1565262Z   ...<div class="faq-a">Sí: tickets homologados <b>VeriFactu</b> con QR de la AEAT y registro de jornada del equipo conforme a la ley, dentro del software, sin addon aparte....
Typecheck + Tests + Verificaciones	UNKNOWN STEP	2026-09-07T13:33:44.1566591Z 
Typecheck + Tests + Verificaciones	UNKNOWN STEP	2026-09-07T13:33:44.1568347Z "Homologado" no significa nada en VeriFactu: la AEAT no homologa software, el fabricante emite una declaracion responsable y el sistema envia (o conserva) los registros. Decirlo sugiere una certificacion que no existe.
Typecheck + Tests + Verificaciones	UNKNOWN STEP	2026-09-07T13:33:44.1569235Z 
Typecheck + Tests + Verificaciones	UNKNOWN STEP	2026-09-07T13:33:44.1570658Z Mientras ENVIO_AEAT_DISPONIBLE sea false en lib/fiscal/estadoVerifactu.ts, esto es un claim falso (decision 5 del CLAUDE.md). Se puede contar lo que SI hay --cadena SHA-256, numeracion correlativa, tickets que se rectifican y no se borran, RD 1007/2023-- y decir de lo demas que esta en desarrollo: esa frase no la marca este vigilante.
Typecheck + Tests + Verificaciones	UNKNOWN STEP	2026-09-07T13:33:44.1571831Z 
Typecheck + Tests + Verificaciones	UNKNOWN STEP	2026-09-07T13:33:44.1572246Z   * Se promete "envío a Hacienda" y el envio a la AEAT no existe web/diseno-forja.html:141
Typecheck + Tests + Verificaciones	UNKNOWN STEP	2026-09-07T13:33:44.1572750Z     web/diseno-forja.html dice:
Typecheck + Tests + Verificaciones	UNKNOWN STEP	2026-09-07T13:33:44.1572931Z 
Typecheck + Tests + Verificaciones	UNKNOWN STEP	2026-09-07T13:33:44.1573325Z   ..."Facturación VeriFactu (AEAT) con cadena SHA-256, QR de cotejo y envío a Hacienda",...
Typecheck + Tests + Verificaciones	UNKNOWN STEP	2026-09-07T13:33:44.1573687Z 
Typecheck + Tests + Verificaciones	UNKNOWN STEP	2026-09-07T13:33:44.1573966Z No hay envio. No existe ni la columna donde anotar el resultado de uno.
Typecheck + Tests + Verificaciones	UNKNOWN STEP	2026-09-07T13:33:44.1574275Z 
Typecheck + Tests + Verificaciones	UNKNOWN STEP	2026-09-07T13:33:44.1575690Z Mientras ENVIO_AEAT_DISPONIBLE sea false en lib/fiscal/estadoVerifactu.ts, esto es un claim falso (decision 5 del CLAUDE.md). Se puede contar lo que SI hay --cadena SHA-256, numeracion correlativa, tickets que se rectifican y no se borran, RD 1007/2023-- y decir de lo demas que esta en desarrollo: esa frase no la marca este vigilante.
Typecheck + Tests + Verificaciones	UNKNOWN STEP	2026-09-07T13:33:44.1577133Z 
Typecheck + Tests + Verificaciones	UNKNOWN STEP	2026-09-07T13:33:44.1577477Z   * web/index_v5.html no la enlaza nadie y publica 3 claim(s) fiscales viejos web/index_v5.html
Typecheck + Tests + Verificaciones	UNKNOWN STEP	2026-09-07T13:33:44.1579674Z     El dominio sirve la carpeta web/ entera, asi que esta pagina es publica y indexable aunque no haya ningun enlace hacia ella. Como no la ve casi nadie esto es aviso y no bloqueante, pero el arreglo bueno es borrarla --igual que se hizo con demo_v2.html-- y no ir actualizandole el texto a una copia muerta.
Typecheck + Tests + Verificaciones	UNKNOWN STEP	2026-09-07T13:33:44.1580771Z 
Typecheck + Tests + Verificaciones	UNKNOWN STEP	2026-09-07T13:33:44.1581156Z   * Se promete "envía a la AEAT" y el envio a la AEAT no existe web/index_v5.html:192
Typecheck + Tests + Verificaciones	UNKNOWN STEP	2026-09-07T13:33:44.1581597Z     web/index_v5.html dice:
Typecheck + Tests + Verificaciones	UNKNOWN STEP	2026-09-07T13:33:44.1581767Z 
Typecheck + Tests + Verificaciones	UNKNOWN STEP	2026-09-07T13:33:44.1582371Z   ...<p style="margin:0 0 10px;font-size:15px;color:var(--ink-2)">Cobras y la factura <b>VeriFactu</b> se firma y se envía a la AEAT sola....
Typecheck + Tests + Verificaciones	UNKNOWN STEP	2026-09-07T13:33:44.1582886Z 
Typecheck + Tests + Verificaciones	UNKNOWN STEP	2026-09-07T13:33:44.1583159Z No hay envio. No existe ni la columna donde anotar el resultado de uno.
Typecheck + Tests + Verificaciones	UNKNOWN STEP	2026-09-07T13:33:44.1583456Z 
Typecheck + Tests + Verificaciones	UNKNOWN STEP	2026-09-07T13:33:44.1584936Z Mientras ENVIO_AEAT_DISPONIBLE sea false en lib/fiscal/estadoVerifactu.ts, esto es un claim falso (decision 5 del CLAUDE.md). Se puede contar lo que SI hay --cadena SHA-256, numeracion correlativa, tickets que se rectifican y no se borran, RD 1007/2023-- y decir de lo demas que esta en desarrollo: esa frase no la marca este vigilante.
Typecheck + Tests + Verificaciones	UNKNOWN STEP	2026-09-07T13:33:44.1586681Z 
Typecheck + Tests + Verificaciones	UNKNOWN STEP	2026-09-07T13:33:44.1587011Z   * Se promete "enviada a la AEAT" y el envio a la AEAT no existe web/index_v5.html:304
Typecheck + Tests + Verificaciones	UNKNOWN STEP	2026-09-07T13:33:44.1587501Z     web/index_v5.html dice:
Typecheck + Tests + Verificaciones	UNKNOWN STEP	2026-09-07T13:33:44.1587666Z 
Typecheck + Tests + Verificaciones	UNKNOWN STEP	2026-09-07T13:33:44.1587995Z   ...5px">enviada a la AEAT</div></div>...
Typecheck + Tests + Verificaciones	UNKNOWN STEP	2026-09-07T13:33:44.1588215Z 
Typecheck + Tests + Verificaciones	UNKNOWN STEP	2026-09-07T13:33:44.1588520Z No hay envio. No existe ni la columna donde anotar el resultado de uno.
Typecheck + Tests + Verificaciones	UNKNOWN STEP	2026-09-07T13:33:44.1588851Z 
Typecheck + Tests + Verificaciones	UNKNOWN STEP	2026-09-07T13:33:44.1590345Z Mientras ENVIO_AEAT_DISPONIBLE sea false en lib/fiscal/estadoVerifactu.ts, esto es un claim falso (decision 5 del CLAUDE.md). Se puede contar lo que SI hay --cadena SHA-256, numeracion correlativa, tickets que se rectifican y no se borran, RD 1007/2023-- y decir de lo demas que esta en desarrollo: esa frase no la marca este vigilante.
Typecheck + Tests + Verificaciones	UNKNOWN STEP	2026-09-07T13:33:44.1591606Z 
Typecheck + Tests + Verificaciones	UNKNOWN STEP	2026-09-07T13:33:44.1591901Z   * Se promete "enviada a la AEAT" y el envio a la AEAT no existe web/index_v5.html:635
Typecheck + Tests + Verificaciones	UNKNOWN STEP	2026-09-07T13:33:44.1592362Z     web/index_v5.html dice:
Typecheck + Tests + Verificaciones	UNKNOWN STEP	2026-09-07T13:33:44.1592540Z 
Typecheck + Tests + Verificaciones	UNKNOWN STEP	2026-09-07T13:33:44.1593361Z   ...{ tema:"Facturación española", otros:"Fuera del programa: otro software y la gestoría", mecha:"VeriFactu con hash y QR, enviada a la AEAT desde la propia caja" },...
Typecheck + Tests + Verificaciones	UNKNOWN STEP	2026-09-07T13:33:44.1594043Z 
Typecheck + Tests + Verificaciones	UNKNOWN STEP	2026-09-07T13:33:44.1594340Z No hay envio. No existe ni la columna donde anotar el resultado de uno.
Typecheck + Tests + Verificaciones	UNKNOWN STEP	2026-09-07T13:33:44.1594656Z 
Typecheck + Tests + Verificaciones	UNKNOWN STEP	2026-09-07T13:33:44.1596295Z Mientras ENVIO_AEAT_DISPONIBLE sea false en lib/fiscal/estadoVerifactu.ts, esto es un claim falso (decision 5 del CLAUDE.md). Se puede contar lo que SI hay --cadena SHA-256, numeracion correlativa, tickets que se rectifican y no se borran, RD 1007/2023-- y decir de lo demas que esta en desarrollo: esa frase no la marca este vigilante.
Typecheck + Tests + Verificaciones	UNKNOWN STEP	2026-09-07T13:33:44.1597563Z 
Typecheck + Tests + Verificaciones	UNKNOWN STEP	2026-09-07T13:33:44.1598105Z   * components/agenda/optimizacionTouchAgenda.ts sigue sin enchufar (solo lo usa su test) components/agenda/optimizacionTouchAgenda.ts
Typecheck + Tests + Verificaciones	UNKNOWN STEP	2026-09-07T13:33:44.1599167Z     TRIAR. Probable duplicado de useResponsive() (lib/hooks/useResponsive.ts), que es la via oficial segun el CLAUDE.md.
Typecheck + Tests + Verificaciones	UNKNOWN STEP	2026-09-07T13:33:44.1599671Z 
Typecheck + Tests + Verificaciones	UNKNOWN STEP	2026-09-07T13:33:44.1600381Z Sigue en la linea base de scripts/vigilantes/modulos-desconectados-baseline.json. Cuando se enchufe, quitarlo de ahi: el trinquete solo gira hacia abajo.
Typecheck + Tests + Verificaciones	UNKNOWN STEP	2026-09-07T13:33:44.1601026Z 
Typecheck + Tests + Verificaciones	UNKNOWN STEP	2026-09-07T13:33:44.1601608Z   * components/marketplace/tarjetaSalonResponsive.ts sigue sin enchufar (solo lo usa su test) components/marketplace/tarjetaSalonResponsive.ts
Typecheck + Tests + Verificaciones	UNKNOWN STEP	2026-09-07T13:33:44.1602546Z     TRIAR. El marketplace funciona y tiene sus e2e; comprobar si esto duplica lo que ya pinta.
Typecheck + Tests + Verificaciones	UNKNOWN STEP	2026-09-07T13:33:44.1602944Z 
Typecheck + Tests + Verificaciones	UNKNOWN STEP	2026-09-07T13:33:44.1603637Z Sigue en la linea base de scripts/vigilantes/modulos-desconectados-baseline.json. Cuando se enchufe, quitarlo de ahi: el trinquete solo gira hacia abajo.
Typecheck + Tests + Verificaciones	UNKNOWN STEP	2026-09-07T13:33:44.1604268Z 
Typecheck + Tests + Verificaciones	UNKNOWN STEP	2026-09-07T13:33:44.1604815Z   * components/portal/optimizacionTouchPortal.ts sigue sin enchufar (solo lo usa su test) components/portal/optimizacionTouchPortal.ts
Typecheck + Tests + Verificaciones	UNKNOWN STEP	2026-09-07T13:33:44.1606549Z     TRIAR. La misma sospecha que su gemelo de agenda, pero el portal lo ve una clienta desde su movil y ahi el movil-primero SI importa de verdad: comprobar que useResponsive() cubre el caso tactil del portal antes de borrarlo.
Typecheck + Tests + Verificaciones	UNKNOWN STEP	2026-09-07T13:33:44.1607428Z 
Typecheck + Tests + Verificaciones	UNKNOWN STEP	2026-09-07T13:33:44.1608135Z Sigue en la linea base de scripts/vigilantes/modulos-desconectados-baseline.json. Cuando se enchufe, quitarlo de ahi: el trinquete solo gira hacia abajo.
Typecheck + Tests + Verificaciones	UNKNOWN STEP	2026-09-07T13:33:44.1608777Z 
Typecheck + Tests + Verificaciones	UNKNOWN STEP	2026-09-07T13:33:44.1609273Z   * lib/agenda/bonificacionReasignacion.ts sigue sin enchufar (solo lo usa su test) lib/agenda/bonificacionReasignacion.ts
Typecheck + Tests + Verificaciones	UNKNOWN STEP	2026-09-07T13:33:44.1610140Z     TRIAR. Suena a incentivo por aceptar un hueco reasignado. Decidir si es producto antes de nada.
Typecheck + Tests + Verificaciones	UNKNOWN STEP	2026-09-07T13:33:44.1610558Z 
Typecheck + Tests + Verificaciones	UNKNOWN STEP	2026-09-07T13:33:44.1611431Z Sigue en la linea base de scripts/vigilantes/modulos-desconectados-baseline.json. Cuando se enchufe, quitarlo de ahi: el trinquete solo gira hacia abajo.
Typecheck + Tests + Verificaciones	UNKNOWN STEP	2026-09-07T13:33:44.1612071Z 
Typecheck + Tests + Verificaciones	UNKNOWN STEP	2026-09-07T13:33:44.1612495Z   * lib/agenda/desinfeccionPausas.ts sigue sin enchufar (solo lo usa su test) lib/agenda/desinfeccionPausas.ts
Typecheck + Tests + Verificaciones	UNKNOWN STEP	2026-09-07T13:33:44.1613443Z     SIN ENCHUFAR. Encaja en la spec 1 como fase 'transicion', que hoy no existe en la base de datos.
Typecheck + Tests + Verificaciones	UNKNOWN STEP	2026-09-07T13:33:44.1613851Z 
Typecheck + Tests + Verificaciones	UNKNOWN STEP	2026-09-07T13:33:44.1614557Z Sigue en la linea base de scripts/vigilantes/modulos-desconectados-baseline.json. Cuando se enchufe, quitarlo de ahi: el trinquete solo gira hacia abajo.
Typecheck + Tests + Verificaciones	UNKNOWN STEP	2026-09-07T13:33:44.1615191Z 
Typecheck + Tests + Verificaciones	UNKNOWN STEP	2026-09-07T13:33:44.1615656Z   * lib/agenda/validadorFestivosTurnos.ts sigue sin enchufar (solo lo usa su test) lib/agenda/validadorFestivosTurnos.ts
Typecheck + Tests + Verificaciones	UNKNOWN STEP	2026-09-07T13:33:44.1616723Z     DUPLICA. cierres_negocio + el control de festivos de configuracion.web.tsx y NewCitaModal. Borrar.
Typecheck + Tests + Verificaciones	UNKNOWN STEP	2026-09-07T13:33:44.1617144Z 
Typecheck + Tests + Verificaciones	UNKNOWN STEP	2026-09-07T13:33:44.1617847Z Sigue en la linea base de scripts/vigilantes/modulos-desconectados-baseline.json. Cuando se enchufe, quitarlo de ahi: el trinquete solo gira hacia abajo.
Typecheck + Tests + Verificaciones	UNKNOWN STEP	2026-09-07T13:33:44.1618493Z 
Typecheck + Tests + Verificaciones	UNKNOWN STEP	2026-09-07T13:33:44.1618857Z   * lib/bonos/consumoBonos.ts sigue sin enchufar (solo lo usa su test) lib/bonos/consumoBonos.ts
Typecheck + Tests + Verificaciones	UNKNOWN STEP	2026-09-07T13:33:44.1619492Z     SIN ENCHUFAR. Va con la spec 6 (bono con calendario de sesiones).
Typecheck + Tests + Verificaciones	UNKNOWN STEP	2026-09-07T13:33:44.1619813Z 
Typecheck + Tests + Verificaciones	UNKNOWN STEP	2026-09-07T13:33:44.1620519Z Sigue en la linea base de scripts/vigilantes/modulos-desconectados-baseline.json. Cuando se enchufe, quitarlo de ahi: el trinquete solo gira hacia abajo.
Typecheck + Tests + Verificaciones	UNKNOWN STEP	2026-09-07T13:33:44.1621171Z 
Typecheck + Tests + Verificaciones	UNKNOWN STEP	2026-09-07T13:33:44.1621583Z   * lib/caja/arqueoCajaPropinas.ts sigue sin enchufar (solo lo usa su test) lib/caja/arqueoCajaPropinas.ts
Typecheck + Tests + Verificaciones	UNKNOWN STEP	2026-09-07T13:33:44.1622428Z     DUPLICA. El arqueo funciona: sesiones_caja + cerrar_caja, 9 sesiones con numero_z y descuadre. Borrar.
Typecheck + Tests + Verificaciones	UNKNOWN STEP	2026-09-07T13:33:44.1622859Z 
Typecheck + Tests + Verificaciones	UNKNOWN STEP	2026-09-07T13:33:44.1623559Z Sigue en la linea base de scripts/vigilantes/modulos-desconectados-baseline.json. Cuando se enchufe, quitarlo de ahi: el trinquete solo gira hacia abajo.
Typecheck + Tests + Verificaciones	UNKNOWN STEP	2026-09-07T13:33:44.1624198Z 
Typecheck + Tests + Verificaciones	UNKNOWN STEP	2026-09-07T13:33:44.1624568Z   * lib/caja/cobroMultiPago.ts sigue sin enchufar (solo lo usa su test) lib/caja/cobroMultiPago.ts
Typecheck + Tests + Verificaciones	UNKNOWN STEP	2026-09-07T13:33:44.1625550Z     DUPLICA. El multi-pago funciona: cobros.metodo='mixto' con efectivo_cents/datafono_cents, 16 cobros reales. Vive en caja.web.tsx. Borrar.
Typecheck + Tests + Verificaciones	UNKNOWN STEP	2026-09-07T13:33:44.1626474Z 
Typecheck + Tests + Verificaciones	UNKNOWN STEP	2026-09-07T13:33:44.1627185Z Sigue en la linea base de scripts/vigilantes/modulos-desconectados-baseline.json. Cuando se enchufe, quitarlo de ahi: el trinquete solo gira hacia abajo.
Typecheck + Tests + Verificaciones	UNKNOWN STEP	2026-09-07T13:33:44.1627830Z 
Typecheck + Tests + Verificaciones	UNKNOWN STEP	2026-09-07T13:33:44.1628244Z   * lib/caja/propinasAcumuladas.ts sigue sin enchufar (solo lo usa su test) lib/caja/propinasAcumuladas.ts
Typecheck + Tests + Verificaciones	UNKNOWN STEP	2026-09-07T13:33:44.1628966Z     DUPLICA. cobros.propina_cents esta en produccion y en la caja. Borrar.
Typecheck + Tests + Verificaciones	UNKNOWN STEP	2026-09-07T13:33:44.1629305Z 
Typecheck + Tests + Verificaciones	UNKNOWN STEP	2026-09-07T13:33:44.1630007Z Sigue en la linea base de scripts/vigilantes/modulos-desconectados-baseline.json. Cuando se enchufe, quitarlo de ahi: el trinquete solo gira hacia abajo.
Typecheck + Tests + Verificaciones	UNKNOWN STEP	2026-09-07T13:33:44.1630651Z 
Typecheck + Tests + Verificaciones	UNKNOWN STEP	2026-09-07T13:33:44.1631009Z   * lib/caja/verifactuHash.ts sigue sin enchufar (solo lo usa su test) lib/caja/verifactuHash.ts
Typecheck + Tests + Verificaciones	UNKNOWN STEP	2026-09-07T13:33:44.1632007Z     DUPLICA. La cadena real la mina el trigger cobros_mint_ticket_trigger en SQL. Borrar. Ojo: lib/fiscal/huella.ts NO es esto y si se reutiliza (ver abajo).
Typecheck + Tests + Verificaciones	UNKNOWN STEP	2026-09-07T13:33:44.1632607Z 
Typecheck + Tests + Verificaciones	UNKNOWN STEP	2026-09-07T13:33:44.1633307Z Sigue en la linea base de scripts/vigilantes/modulos-desconectados-baseline.json. Cuando se enchufe, quitarlo de ahi: el trinquete solo gira hacia abajo.
Typecheck + Tests + Verificaciones	UNKNOWN STEP	2026-09-07T13:33:44.1633944Z 
Typecheck + Tests + Verificaciones	UNKNOWN STEP	2026-09-07T13:33:44.1634378Z   * lib/clientes/detectarDuplicados.ts sigue sin enchufar (solo lo usa su test) lib/clientes/detectarDuplicados.ts
Typecheck + Tests + Verificaciones	UNKNOWN STEP	2026-09-07T13:33:44.1635115Z     DUPLICA. Fusionar duplicados esta en clientes.web.tsx. Borrar.
Typecheck + Tests + Verificaciones	UNKNOWN STEP	2026-09-07T13:33:44.1635401Z 
Typecheck + Tests + Verificaciones	UNKNOWN STEP	2026-09-07T13:33:44.1636228Z Sigue en la linea base de scripts/vigilantes/modulos-desconectados-baseline.json. Cuando se enchufe, quitarlo de ahi: el trinquete solo gira hacia abajo.
Typecheck + Tests + Verificaciones	UNKNOWN STEP	2026-09-07T13:33:44.1637040Z 
Typecheck + Tests + Verificaciones	UNKNOWN STEP	2026-09-07T13:33:44.1637462Z   * lib/config/validadorToggles.ts sigue sin enchufar (solo lo usa su test) lib/config/validadorToggles.ts
Typecheck + Tests + Verificaciones	UNKNOWN STEP	2026-09-07T13:33:44.1638168Z     TRIAR. Comprobar contra lo que ya valida configuracion.web.tsx.
Typecheck + Tests + Verificaciones	UNKNOWN STEP	2026-09-07T13:33:44.1638584Z 
Typecheck + Tests + Verificaciones	UNKNOWN STEP	2026-09-07T13:33:44.1639307Z Sigue en la linea base de scripts/vigilantes/modulos-desconectados-baseline.json. Cuando se enchufe, quitarlo de ahi: el trinquete solo gira hacia abajo.
Typecheck + Tests + Verificaciones	UNKNOWN STEP	2026-09-07T13:33:44.1639954Z 
Typecheck + Tests + Verificaciones	UNKNOWN STEP	2026-09-07T13:33:44.1640411Z   * lib/fidelizacion/insigniasCliente.ts sigue sin enchufar (solo lo usa su test) lib/fidelizacion/insigniasCliente.ts
Typecheck + Tests + Verificaciones	UNKNOWN STEP	2026-09-07T13:33:44.1641391Z     DUPLICA. logros / logros_desbloqueados / niveles_fidelizacion estan en produccion y se pintan en clientes.web.tsx. Borrar.
Typecheck + Tests + Verificaciones	UNKNOWN STEP	2026-09-07T13:33:44.1641923Z 
Typecheck + Tests + Verificaciones	UNKNOWN STEP	2026-09-07T13:33:44.1642612Z Sigue en la linea base de scripts/vigilantes/modulos-desconectados-baseline.json. Cuando se enchufe, quitarlo de ahi: el trinquete solo gira hacia abajo.
Typecheck + Tests + Verificaciones	UNKNOWN STEP	2026-09-07T13:33:44.1643250Z 
Typecheck + Tests + Verificaciones	UNKNOWN STEP	2026-09-07T13:33:44.1643559Z   * lib/fiscal/huella.ts sigue sin enchufar (solo lo usa su test) lib/fiscal/huella.ts
Typecheck + Tests + Verificaciones	UNKNOWN STEP	2026-09-07T13:33:44.1644618Z     SIN ENCHUFAR. Calcula la huella con el formato de cadena OFICIAL de la AEAT. Se reutiliza en el bloque 1 (VeriFactu real) en vez de reescribirla.
Typecheck + Tests + Verificaciones	UNKNOWN STEP	2026-09-07T13:33:44.1645184Z 
Typecheck + Tests + Verificaciones	UNKNOWN STEP	2026-09-07T13:33:44.1646342Z Sigue en la linea base de scripts/vigilantes/modulos-desconectados-baseline.json. Cuando se enchufe, quitarlo de ahi: el trinquete solo gira hacia abajo.
Typecheck + Tests + Verificaciones	UNKNOWN STEP	2026-09-07T13:33:44.1647005Z 
Typecheck + Tests + Verificaciones	UNKNOWN STEP	2026-09-07T13:33:44.1647493Z   * lib/inventario/alertasStockMinimo.ts sigue sin enchufar (solo lo usa su test) lib/inventario/alertasStockMinimo.ts
Typecheck + Tests + Verificaciones	UNKNOWN STEP	2026-09-07T13:33:44.1648421Z     DUPLICA. productos.stock_minimo se usa en inventario.web.tsx y el aviso sale por la campana (useAvisos). Borrar.
Typecheck + Tests + Verificaciones	UNKNOWN STEP	2026-09-07T13:33:44.1648922Z 
Typecheck + Tests + Verificaciones	UNKNOWN STEP	2026-09-07T13:33:44.1649614Z Sigue en la linea base de scripts/vigilantes/modulos-desconectados-baseline.json. Cuando se enchufe, quitarlo de ahi: el trinquete solo gira hacia abajo.
Typecheck + Tests + Verificaciones	UNKNOWN STEP	2026-09-07T13:33:44.1650251Z 
Typecheck + Tests + Verificaciones	UNKNOWN STEP	2026-09-07T13:33:44.1650668Z   * lib/legal/contratoRgpdTablet.ts sigue sin enchufar (solo lo usa su test) lib/legal/contratoRgpdTablet.ts
Typecheck + Tests + Verificaciones	UNKNOWN STEP	2026-09-07T13:33:44.1651659Z     SIN ENCHUFAR. consentimientos_cliente ya guarda 4 tipos; esto es la firma en tablet. Mirar contra la spec 13 (retencion) antes de tocarlo.
Typecheck + Tests + Verificaciones	UNKNOWN STEP	2026-09-07T13:33:44.1652228Z 
Typecheck + Tests + Verificaciones	UNKNOWN STEP	2026-09-07T13:33:44.1652927Z Sigue en la linea base de scripts/vigilantes/modulos-desconectados-baseline.json. Cuando se enchufe, quitarlo de ahi: el trinquete solo gira hacia abajo.
Typecheck + Tests + Verificaciones	UNKNOWN STEP	2026-09-07T13:33:44.1653579Z 
Typecheck + Tests + Verificaciones	UNKNOWN STEP	2026-09-07T13:33:44.1654042Z   * lib/marketing/campanasFranjasValle.ts sigue sin enchufar (solo lo usa su test) lib/marketing/campanasFranjasValle.ts
Typecheck + Tests + Verificaciones	UNKNOWN STEP	2026-09-07T13:33:44.1655160Z     SIN ENCHUFAR. La tabla campanas existe y el motor de envio de Alexandro funciona; falta esta segmentacion por franja valle, que es justo la que llena los huecos.
Typecheck + Tests + Verificaciones	UNKNOWN STEP	2026-09-07T13:33:44.1655810Z 
Typecheck + Tests + Verificaciones	UNKNOWN STEP	2026-09-07T13:33:44.1656616Z Sigue en la linea base de scripts/vigilantes/modulos-desconectados-baseline.json. Cuando se enchufe, quitarlo de ahi: el trinquete solo gira hacia abajo.
Typecheck + Tests + Verificaciones	UNKNOWN STEP	2026-09-07T13:33:44.1657261Z 
Typecheck + Tests + Verificaciones	UNKNOWN STEP	2026-09-07T13:33:44.1657743Z   * lib/marketplace/rankingMarketplace.ts sigue sin enchufar (solo lo usa su test) lib/marketplace/rankingMarketplace.ts
Typecheck + Tests + Verificaciones	UNKNOWN STEP	2026-09-07T13:33:44.1658745Z     TRIAR. salones_externos tiene 2.388 filas y el marketplace esta al 95%: ver si el ranking real ya se calcula en otro sitio.
Typecheck + Tests + Verificaciones	UNKNOWN STEP	2026-09-07T13:33:44.1659241Z 
Typecheck + Tests + Verificaciones	UNKNOWN STEP	2026-09-07T13:33:44.1659965Z Sigue en la linea base de scripts/vigilantes/modulos-desconectados-baseline.json. Cuando se enchufe, quitarlo de ahi: el trinquete solo gira hacia abajo.
Typecheck + Tests + Verificaciones	UNKNOWN STEP	2026-09-07T13:33:44.1660579Z 
Typecheck + Tests + Verificaciones	UNKNOWN STEP	2026-09-07T13:33:44.1661028Z   * lib/nominas/liquidacionNominas.ts sigue sin enchufar (solo lo usa su test) lib/nominas/liquidacionNominas.ts
Typecheck + Tests + Verificaciones	UNKNOWN STEP	2026-09-07T13:33:44.1662287Z     SIN ENCHUFAR. Roza la spec 11 (cerrar el ciclo de comisiones) pero no es lo mismo: comisiones != nomina. Decidir si Mecha entra en nominas antes de enchufarlo.
Typecheck + Tests + Verificaciones	UNKNOWN STEP	2026-09-07T13:33:44.1662895Z 
Typecheck + Tests + Verificaciones	UNKNOWN STEP	2026-09-07T13:33:44.1663608Z Sigue en la linea base de scripts/vigilantes/modulos-desconectados-baseline.json. Cuando se enchufe, quitarlo de ahi: el trinquete solo gira hacia abajo.
Typecheck + Tests + Verificaciones	UNKNOWN STEP	2026-09-07T13:33:44.1664362Z 
Typecheck + Tests + Verificaciones	UNKNOWN STEP	2026-09-07T13:33:44.1664722Z   * lib/pos/qrPagoRapido.ts sigue sin enchufar (solo lo usa su test) lib/pos/qrPagoRapido.ts
Typecheck + Tests + Verificaciones	UNKNOWN STEP	2026-09-07T13:33:44.1665593Z     DUPLICA. El cobro por enlace/QR existe: edge crear-checkout-cobro + app/pagar/[token] + terminal-cobro-intent. Borrar.
Typecheck + Tests + Verificaciones	UNKNOWN STEP	2026-09-07T13:33:44.1666382Z 
Typecheck + Tests + Verificaciones	UNKNOWN STEP	2026-09-07T13:33:44.1667124Z Sigue en la linea base de scripts/vigilantes/modulos-desconectados-baseline.json. Cuando se enchufe, quitarlo de ahi: el trinquete solo gira hacia abajo.
Typecheck + Tests + Verificaciones	UNKNOWN STEP	2026-09-07T13:33:44.1667754Z 
Typecheck + Tests + Verificaciones	UNKNOWN STEP	2026-09-07T13:33:44.1668212Z   * lib/security/sanitizadorCliente.ts sigue sin enchufar (solo lo usa su test) lib/security/sanitizadorCliente.ts
Typecheck + Tests + Verificaciones	UNKNOWN STEP	2026-09-07T13:33:44.1669681Z     BORRAR, mismo motivo. Escapar HTML en el cliente no es un limite de seguridad; React ya escapa al pintar y el limite de verdad esta en el servidor. Si se quiere validar el telefono en E.164, eso es validacion de formulario y va donde esta el formulario.
Typecheck + Tests + Verificaciones	UNKNOWN STEP	2026-09-07T13:33:44.1670601Z 
Typecheck + Tests + Verificaciones	UNKNOWN STEP	2026-09-07T13:33:44.1671303Z Sigue en la linea base de scripts/vigilantes/modulos-desconectados-baseline.json. Cuando se enchufe, quitarlo de ahi: el trinquete solo gira hacia abajo.
Typecheck + Tests + Verificaciones	UNKNOWN STEP	2026-09-07T13:33:44.1671940Z 
Typecheck + Tests + Verificaciones	UNKNOWN STEP	2026-09-07T13:33:44.1672360Z   * lib/security/validadorRPC.ts sigue sin enchufar (solo lo usa su test) lib/security/validadorRPC.ts
Typecheck + Tests + Verificaciones	UNKNOWN STEP	2026-09-07T13:33:44.1674445Z     BORRAR, y por un motivo que conviene dejar escrito: detectar 'inyeccion SQL' en el cliente antes de una RPC no es una defensa. Las RPC de Supabase van parametrizadas y el control real es RLS + la regla del parametro (exige_mi_negocio), que es lo que documenta el CLAUDE.md. Enchufar esto seria PEOR que borrarlo: da confianza falsa y bloquea entradas legitimas (una nota que diga 'union' o un apellido con guion).
Typecheck + Tests + Verificaciones	UNKNOWN STEP	2026-09-07T13:33:44.1677554Z 
Typecheck + Tests + Verificaciones	UNKNOWN STEP	2026-09-07T13:33:44.1678949Z Sigue en la linea base de scripts/vigilantes/modulos-desconectados-baseline.json. Cuando se enchufe, quitarlo de ahi: el trinquete solo gira hacia abajo.
Typecheck + Tests + Verificaciones	UNKNOWN STEP	2026-09-07T13:33:44.1680257Z 
Typecheck + Tests + Verificaciones	UNKNOWN STEP	2026-09-07T13:33:44.1681433Z   * lib/agenda/serviciosCompatiblesReposo.ts ya esta enchufado: quitalo de la linea base scripts/vigilantes/modulos-desconectados-baseline.json
Typecheck + Tests + Verificaciones	UNKNOWN STEP	2026-09-07T13:33:44.1684237Z     scripts/vigilantes/modulos-desconectados-baseline.json sigue listandolo como pendiente y ya tiene consumidores de verdad. Una linea base que no baja deja de ser una lista de deuda y pasa a ser un cajon.
Typecheck + Tests + Verificaciones	UNKNOWN STEP	2026-09-07T13:33:44.1685816Z 
Typecheck + Tests + Verificaciones	UNKNOWN STEP	2026-09-07T13:33:44.1686735Z   * app/(tabs)/ayuda.web.tsx supera el l�mite de tama�o (634 l�neas > 450) app/(tabs)/ayuda.web.tsx
Typecheck + Tests + Verificaciones	UNKNOWN STEP	2026-09-07T13:33:44.1688031Z     El componente tiene 634 l�neas. Se recomienda refactorizar y extraer subcomponentes o hooks personalizados para mejorar la mantenibilidad y reducir renders innecesarios.
Typecheck + Tests + Verificaciones	UNKNOWN STEP	2026-09-07T13:33:44.1688761Z 
Typecheck + Tests + Verificaciones	UNKNOWN STEP	2026-09-07T13:33:44.1689123Z   * app/(tabs)/ayuda.web.tsx tiene anidamiento excesivo (nivel 8 > 4) app/(tabs)/ayuda.web.tsx
Typecheck + Tests + Verificaciones	UNKNOWN STEP	2026-09-07T13:33:44.1690296Z     Se detectaron bloques con m�s de 6 niveles de indentaci�n/llaves anidadas. Conviene aplicar cl�usulas de guarda (early returns) o extraer funciones auxiliares.
Typecheck + Tests + Verificaciones	UNKNOWN STEP	2026-09-07T13:33:44.1690950Z 
Typecheck + Tests + Verificaciones	UNKNOWN STEP	2026-09-07T13:33:44.1691426Z   * app/(tabs)/bandeja.web.tsx supera el l�mite de tama�o (538 l�neas > 450) app/(tabs)/bandeja.web.tsx
Typecheck + Tests + Verificaciones	UNKNOWN STEP	2026-09-07T13:33:44.1692677Z     El componente tiene 538 l�neas. Se recomienda refactorizar y extraer subcomponentes o hooks personalizados para mejorar la mantenibilidad y reducir renders innecesarios.
Typecheck + Tests + Verificaciones	UNKNOWN STEP	2026-09-07T13:33:44.1693383Z 
Typecheck + Tests + Verificaciones	UNKNOWN STEP	2026-09-07T13:33:44.1693819Z   * app/(tabs)/caja.web.tsx supera el l�mite de tama�o (2962 l�neas > 450) app/(tabs)/caja.web.tsx
Typecheck + Tests + Verificaciones	UNKNOWN STEP	2026-09-07T13:33:44.1695339Z     El componente tiene 2962 l�neas. Se recomienda refactorizar y extraer subcomponentes o hooks personalizados para mejorar la mantenibilidad y reducir renders innecesarios.
Typecheck + Tests + Verificaciones	UNKNOWN STEP	2026-09-07T13:33:44.1696331Z 
Typecheck + Tests + Verificaciones	UNKNOWN STEP	2026-09-07T13:33:44.1696707Z   * app/(tabs)/caja.web.tsx tiene anidamiento excesivo (nivel 10 > 4) app/(tabs)/caja.web.tsx
Typecheck + Tests + Verificaciones	UNKNOWN STEP	2026-09-07T13:33:44.1698046Z     Se detectaron bloques con m�s de 6 niveles de indentaci�n/llaves anidadas. Conviene aplicar cl�usulas de guarda (early returns) o extraer funciones auxiliares.
Typecheck + Tests + Verificaciones	UNKNOWN STEP	2026-09-07T13:33:44.1698730Z 
Typecheck + Tests + Verificaciones	UNKNOWN STEP	2026-09-07T13:33:44.1699206Z   * app/(tabs)/campanas.web.tsx supera el l�mite de tama�o (462 l�neas > 450) app/(tabs)/campanas.web.tsx
Typecheck + Tests + Verificaciones	UNKNOWN STEP	2026-09-07T13:33:44.1700444Z     El componente tiene 462 l�neas. Se recomienda refactorizar y extraer subcomponentes o hooks personalizados para mejorar la mantenibilidad y reducir renders innecesarios.
Typecheck + Tests + Verificaciones	UNKNOWN STEP	2026-09-07T13:33:44.1701158Z 
Typecheck + Tests + Verificaciones	UNKNOWN STEP	2026-09-07T13:33:44.1701584Z   * app/(tabs)/citas.web.tsx supera el l�mite de tama�o (481 l�neas > 450) app/(tabs)/citas.web.tsx
Typecheck + Tests + Verificaciones	UNKNOWN STEP	2026-09-07T13:33:44.1702764Z     El componente tiene 481 l�neas. Se recomienda refactorizar y extraer subcomponentes o hooks personalizados para mejorar la mantenibilidad y reducir renders innecesarios.
Typecheck + Tests + Verificaciones	UNKNOWN STEP	2026-09-07T13:33:44.1703440Z 
Typecheck + Tests + Verificaciones	UNKNOWN STEP	2026-09-07T13:33:44.1703835Z   * app/(tabs)/clientes.tsx supera el l�mite de tama�o (957 l�neas > 450) app/(tabs)/clientes.tsx
Typecheck + Tests + Verificaciones	UNKNOWN STEP	2026-09-07T13:33:44.1704949Z     El componente tiene 957 l�neas. Se recomienda refactorizar y extraer subcomponentes o hooks personalizados para mejorar la mantenibilidad y reducir renders innecesarios.
Typecheck + Tests + Verificaciones	UNKNOWN STEP	2026-09-07T13:33:44.1705607Z 
Typecheck + Tests + Verificaciones	UNKNOWN STEP	2026-09-07T13:33:44.1706292Z   * app/(tabs)/clientes.web.tsx supera el l�mite de tama�o (5015 l�neas > 450) app/(tabs)/clientes.web.tsx
Typecheck + Tests + Verificaciones	UNKNOWN STEP	2026-09-07T13:33:44.1707504Z     El componente tiene 5015 l�neas. Se recomienda refactorizar y extraer subcomponentes o hooks personalizados para mejorar la mantenibilidad y reducir renders innecesarios.
Typecheck + Tests + Verificaciones	UNKNOWN STEP	2026-09-07T13:33:44.1708178Z 
Typecheck + Tests + Verificaciones	UNKNOWN STEP	2026-09-07T13:33:44.1708565Z   * app/(tabs)/clientes.web.tsx tiene anidamiento excesivo (nivel 8 > 4) app/(tabs)/clientes.web.tsx
Typecheck + Tests + Verificaciones	UNKNOWN STEP	2026-09-07T13:33:44.1709749Z     Se detectaron bloques con m�s de 6 niveles de indentaci�n/llaves anidadas. Conviene aplicar cl�usulas de guarda (early returns) o extraer funciones auxiliares.
Typecheck + Tests + Verificaciones	UNKNOWN STEP	2026-09-07T13:33:44.1710404Z 
Typecheck + Tests + Verificaciones	UNKNOWN STEP	2026-09-07T13:33:44.1710930Z   * app/(tabs)/configuracion.web.tsx supera el l�mite de tama�o (6592 l�neas > 450) app/(tabs)/configuracion.web.tsx
Typecheck + Tests + Verificaciones	UNKNOWN STEP	2026-09-07T13:33:44.1712206Z     El componente tiene 6592 l�neas. Se recomienda refactorizar y extraer subcomponentes o hooks personalizados para mejorar la mantenibilidad y reducir renders innecesarios.
Typecheck + Tests + Verificaciones	UNKNOWN STEP	2026-09-07T13:33:44.1712905Z 
Typecheck + Tests + Verificaciones	UNKNOWN STEP	2026-09-07T13:33:44.1713325Z   * app/(tabs)/configuracion.web.tsx tiene anidamiento excesivo (nivel 9 > 4) app/(tabs)/configuracion.web.tsx
Typecheck + Tests + Verificaciones	UNKNOWN STEP	2026-09-07T13:33:44.1714532Z     Se detectaron bloques con m�s de 6 niveles de indentaci�n/llaves anidadas. Conviene aplicar cl�usulas de guarda (early returns) o extraer funciones auxiliares.
Typecheck + Tests + Verificaciones	UNKNOWN STEP	2026-09-07T13:33:44.1715192Z 
Typecheck + Tests + Verificaciones	UNKNOWN STEP	2026-09-07T13:33:44.1715598Z   * app/(tabs)/equipo.tsx supera el l�mite de tama�o (615 l�neas > 450) app/(tabs)/equipo.tsx
Typecheck + Tests + Verificaciones	UNKNOWN STEP	2026-09-07T13:33:44.1716921Z     El componente tiene 615 l�neas. Se recomienda refactorizar y extraer subcomponentes o hooks personalizados para mejorar la mantenibilidad y reducir renders innecesarios.
Typecheck + Tests + Verificaciones	UNKNOWN STEP	2026-09-07T13:33:44.1717624Z 
Typecheck + Tests + Verificaciones	UNKNOWN STEP	2026-09-07T13:33:44.1718076Z   * app/(tabs)/equipo.web.tsx supera el l�mite de tama�o (3729 l�neas > 450) app/(tabs)/equipo.web.tsx
Typecheck + Tests + Verificaciones	UNKNOWN STEP	2026-09-07T13:33:44.1719270Z     El componente tiene 3729 l�neas. Se recomienda refactorizar y extraer subcomponentes o hooks personalizados para mejorar la mantenibilidad y reducir renders innecesarios.
Typecheck + Tests + Verificaciones	UNKNOWN STEP	2026-09-07T13:33:44.1719944Z 
Typecheck + Tests + Verificaciones	UNKNOWN STEP	2026-09-07T13:33:44.1720299Z   * app/(tabs)/equipo.web.tsx tiene anidamiento excesivo (nivel 10 > 4) app/(tabs)/equipo.web.tsx
Typecheck + Tests + Verificaciones	UNKNOWN STEP	2026-09-07T13:33:44.1721411Z     Se detectaron bloques con m�s de 6 niveles de indentaci�n/llaves anidadas. Conviene aplicar cl�usulas de guarda (early returns) o extraer funciones auxiliares.
Typecheck + Tests + Verificaciones	UNKNOWN STEP	2026-09-07T13:33:44.1722287Z 
Typecheck + Tests + Verificaciones	UNKNOWN STEP	2026-09-07T13:33:44.1722783Z   * app/(tabs)/informes.web.tsx supera el l�mite de tama�o (3264 l�neas > 450) app/(tabs)/informes.web.tsx
Typecheck + Tests + Verificaciones	UNKNOWN STEP	2026-09-07T13:33:44.1724135Z     El componente tiene 3264 l�neas. Se recomienda refactorizar y extraer subcomponentes o hooks personalizados para mejorar la mantenibilidad y reducir renders innecesarios.
Typecheck + Tests + Verificaciones	UNKNOWN STEP	2026-09-07T13:33:44.1724845Z 
Typecheck + Tests + Verificaciones	UNKNOWN STEP	2026-09-07T13:33:44.1725235Z   * app/(tabs)/informes.web.tsx tiene anidamiento excesivo (nivel 8 > 4) app/(tabs)/informes.web.tsx
Typecheck + Tests + Verificaciones	UNKNOWN STEP	2026-09-07T13:33:44.1726512Z     Se detectaron bloques con m�s de 6 niveles de indentaci�n/llaves anidadas. Conviene aplicar cl�usulas de guarda (early returns) o extraer funciones auxiliares.
Typecheck + Tests + Verificaciones	UNKNOWN STEP	2026-09-07T13:33:44.1727140Z 
Typecheck + Tests + Verificaciones	UNKNOWN STEP	2026-09-07T13:33:44.1727604Z   * app/(tabs)/inventario.web.tsx supera el l�mite de tama�o (2428 l�neas > 450) app/(tabs)/inventario.web.tsx
Typecheck + Tests + Verificaciones	UNKNOWN STEP	2026-09-07T13:33:44.1728790Z     El componente tiene 2428 l�neas. Se recomienda refactorizar y extraer subcomponentes o hooks personalizados para mejorar la mantenibilidad y reducir renders innecesarios.
Typecheck + Tests + Verificaciones	UNKNOWN STEP	2026-09-07T13:33:44.1729477Z 
Typecheck + Tests + Verificaciones	UNKNOWN STEP	2026-09-07T13:33:44.1729885Z   * app/(tabs)/inventario.web.tsx tiene anidamiento excesivo (nivel 7 > 4) app/(tabs)/inventario.web.tsx
Typecheck + Tests + Verificaciones	UNKNOWN STEP	2026-09-07T13:33:44.1731066Z     Se detectaron bloques con m�s de 6 niveles de indentaci�n/llaves anidadas. Conviene aplicar cl�usulas de guarda (early returns) o extraer funciones auxiliares.
Typecheck + Tests + Verificaciones	UNKNOWN STEP	2026-09-07T13:33:44.1731709Z 
Typecheck + Tests + Verificaciones	UNKNOWN STEP	2026-09-07T13:33:44.1732223Z   * app/(tabs)/lista-espera.web.tsx supera el l�mite de tama�o (653 l�neas > 450) app/(tabs)/lista-espera.web.tsx
Typecheck + Tests + Verificaciones	UNKNOWN STEP	2026-09-07T13:33:44.1733483Z     El componente tiene 653 l�neas. Se recomienda refactorizar y extraer subcomponentes o hooks personalizados para mejorar la mantenibilidad y reducir renders innecesarios.
Typecheck + Tests + Verificaciones	UNKNOWN STEP	2026-09-07T13:33:44.1734164Z 
Typecheck + Tests + Verificaciones	UNKNOWN STEP	2026-09-07T13:33:44.1734573Z   * app/(tabs)/lista-espera.web.tsx tiene anidamiento excesivo (nivel 8 > 4) app/(tabs)/lista-espera.web.tsx
Typecheck + Tests + Verificaciones	UNKNOWN STEP	2026-09-07T13:33:44.1735777Z     Se detectaron bloques con m�s de 6 niveles de indentaci�n/llaves anidadas. Conviene aplicar cl�usulas de guarda (early returns) o extraer funciones auxiliares.
Typecheck + Tests + Verificaciones	UNKNOWN STEP	2026-09-07T13:33:44.1736534Z 
Typecheck + Tests + Verificaciones	UNKNOWN STEP	2026-09-07T13:33:44.1737026Z   * app/(tabs)/mi-jornada.web.tsx supera el l�mite de tama�o (1522 l�neas > 450) app/(tabs)/mi-jornada.web.tsx
Typecheck + Tests + Verificaciones	UNKNOWN STEP	2026-09-07T13:33:44.1738287Z     El componente tiene 1522 l�neas. Se recomienda refactorizar y extraer subcomponentes o hooks personalizados para mejorar la mantenibilidad y reducir renders innecesarios.
Typecheck + Tests + Verificaciones	UNKNOWN STEP	2026-09-07T13:33:44.1738984Z 
Typecheck + Tests + Verificaciones	UNKNOWN STEP	2026-09-07T13:33:44.1739373Z   * app/(tabs)/mi-jornada.web.tsx tiene anidamiento excesivo (nivel 7 > 4) app/(tabs)/mi-jornada.web.tsx
Typecheck + Tests + Verificaciones	UNKNOWN STEP	2026-09-07T13:33:44.1740547Z     Se detectaron bloques con m�s de 6 niveles de indentaci�n/llaves anidadas. Conviene aplicar cl�usulas de guarda (early returns) o extraer funciones auxiliares.
Typecheck + Tests + Verificaciones	UNKNOWN STEP	2026-09-07T13:33:44.1741188Z 
Typecheck + Tests + Verificaciones	UNKNOWN STEP	2026-09-07T13:33:44.1741704Z   * app/(tabs)/presupuestos.web.tsx supera el l�mite de tama�o (966 l�neas > 450) app/(tabs)/presupuestos.web.tsx
Typecheck + Tests + Verificaciones	UNKNOWN STEP	2026-09-07T13:33:44.1742980Z     El componente tiene 966 l�neas. Se recomienda refactorizar y extraer subcomponentes o hooks personalizados para mejorar la mantenibilidad y reducir renders innecesarios.
Typecheck + Tests + Verificaciones	UNKNOWN STEP	2026-09-07T13:33:44.1743672Z 
Typecheck + Tests + Verificaciones	UNKNOWN STEP	2026-09-07T13:33:44.1744149Z   * app/(tabs)/resenas.web.tsx supera el l�mite de tama�o (773 l�neas > 450) app/(tabs)/resenas.web.tsx
Typecheck + Tests + Verificaciones	UNKNOWN STEP	2026-09-07T13:33:44.1745370Z     El componente tiene 773 l�neas. Se recomienda refactorizar y extraer subcomponentes o hooks personalizados para mejorar la mantenibilidad y reducir renders innecesarios.
Typecheck + Tests + Verificaciones	UNKNOWN STEP	2026-09-07T13:33:44.1746344Z 
Typecheck + Tests + Verificaciones	UNKNOWN STEP	2026-09-07T13:33:44.1746735Z   * app/(tabs)/resenas.web.tsx tiene anidamiento excesivo (nivel 7 > 4) app/(tabs)/resenas.web.tsx
Typecheck + Tests + Verificaciones	UNKNOWN STEP	2026-09-07T13:33:44.1747938Z     Se detectaron bloques con m�s de 6 niveles de indentaci�n/llaves anidadas. Conviene aplicar cl�usulas de guarda (early returns) o extraer funciones auxiliares.
Typecheck + Tests + Verificaciones	UNKNOWN STEP	2026-09-07T13:33:44.1748769Z 
Typecheck + Tests + Verificaciones	UNKNOWN STEP	2026-09-07T13:33:44.1749149Z   * app/_layout.tsx supera el l�mite de tama�o (463 l�neas > 450) app/_layout.tsx
Typecheck + Tests + Verificaciones	UNKNOWN STEP	2026-09-07T13:33:44.1750313Z     El componente tiene 463 l�neas. Se recomienda refactorizar y extraer subcomponentes o hooks personalizados para mejorar la mantenibilidad y reducir renders innecesarios.
Typecheck + Tests + Verificaciones	UNKNOWN STEP	2026-09-07T13:33:44.1751008Z 
Typecheck + Tests + Verificaciones	UNKNOWN STEP	2026-09-07T13:33:44.1751537Z   * app/cita/[id].web.tsx supera el l�mite de tama�o (677 l�neas > 450) app/cita/[id].web.tsx
Typecheck + Tests + Verificaciones	UNKNOWN STEP	2026-09-07T13:33:44.1752737Z     El componente tiene 677 l�neas. Se recomienda refactorizar y extraer subcomponentes o hooks personalizados para mejorar la mantenibilidad y reducir renders innecesarios.
Typecheck + Tests + Verificaciones	UNKNOWN STEP	2026-09-07T13:33:44.1753435Z 
Typecheck + Tests + Verificaciones	UNKNOWN STEP	2026-09-07T13:33:44.1753828Z   * app/r/[slug].web.tsx supera el l�mite de tama�o (1485 l�neas > 450) app/r/[slug].web.tsx
Typecheck + Tests + Verificaciones	UNKNOWN STEP	2026-09-07T13:33:44.1755010Z     El componente tiene 1485 l�neas. Se recomienda refactorizar y extraer subcomponentes o hooks personalizados para mejorar la mantenibilidad y reducir renders innecesarios.
Typecheck + Tests + Verificaciones	UNKNOWN STEP	2026-09-07T13:33:44.1755722Z 
Typecheck + Tests + Verificaciones	UNKNOWN STEP	2026-09-07T13:33:44.1756156Z   * app/r/[slug].web.tsx tiene anidamiento excesivo (nivel 9 > 4) app/r/[slug].web.tsx
Typecheck + Tests + Verificaciones	UNKNOWN STEP	2026-09-07T13:33:44.1757284Z     Se detectaron bloques con m�s de 6 niveles de indentaci�n/llaves anidadas. Conviene aplicar cl�usulas de guarda (early returns) o extraer funciones auxiliares.
Typecheck + Tests + Verificaciones	UNKNOWN STEP	2026-09-07T13:33:44.1757932Z 
Typecheck + Tests + Verificaciones	UNKNOWN STEP	2026-09-07T13:33:44.1758465Z   * app/screens/agenda-detalle.tsx supera el l�mite de tama�o (971 l�neas > 450) app/screens/agenda-detalle.tsx
Typecheck + Tests + Verificaciones	UNKNOWN STEP	2026-09-07T13:33:44.1759728Z     El componente tiene 971 l�neas. Se recomienda refactorizar y extraer subcomponentes o hooks personalizados para mejorar la mantenibilidad y reducir renders innecesarios.
Typecheck + Tests + Verificaciones	UNKNOWN STEP	2026-09-07T13:33:44.1760440Z 
Typecheck + Tests + Verificaciones	UNKNOWN STEP	2026-09-07T13:33:44.1760856Z   * app/screens/agenda-detalle.tsx tiene anidamiento excesivo (nivel 8 > 4) app/screens/agenda-detalle.tsx
Typecheck + Tests + Verificaciones	UNKNOWN STEP	2026-09-07T13:33:44.1762063Z     Se detectaron bloques con m�s de 6 niveles de indentaci�n/llaves anidadas. Conviene aplicar cl�usulas de guarda (early returns) o extraer funciones auxiliares.
Typecheck + Tests + Verificaciones	UNKNOWN STEP	2026-09-07T13:33:44.1762708Z 
Typecheck + Tests + Verificaciones	UNKNOWN STEP	2026-09-07T13:33:44.1763196Z   * app/screens/configuracion.tsx supera el l�mite de tama�o (491 l�neas > 450) app/screens/configuracion.tsx
Typecheck + Tests + Verificaciones	UNKNOWN STEP	2026-09-07T13:33:44.1764480Z     El componente tiene 491 l�neas. Se recomienda refactorizar y extraer subcomponentes o hooks personalizados para mejorar la mantenibilidad y reducir renders innecesarios.
Typecheck + Tests + Verificaciones	UNKNOWN STEP	2026-09-07T13:33:44.1765172Z 
Typecheck + Tests + Verificaciones	UNKNOWN STEP	2026-09-07T13:33:44.1765626Z   * app/screens/nueva-cita.tsx supera el l�mite de tama�o (1056 l�neas > 450) app/screens/nueva-cita.tsx
Typecheck + Tests + Verificaciones	UNKNOWN STEP	2026-09-07T13:33:44.1766992Z     El componente tiene 1056 l�neas. Se recomienda refactorizar y extraer subcomponentes o hooks personalizados para mejorar la mantenibilidad y reducir renders innecesarios.
Typecheck + Tests + Verificaciones	UNKNOWN STEP	2026-09-07T13:33:44.1767707Z 
Typecheck + Tests + Verificaciones	UNKNOWN STEP	2026-09-07T13:33:44.1768312Z   * components/acceso/GuardaSuscripcion.tsx supera el l�mite de tama�o (472 l�neas > 450) components/acceso/GuardaSuscripcion.tsx
Typecheck + Tests + Verificaciones	UNKNOWN STEP	2026-09-07T13:33:44.1769654Z     El componente tiene 472 l�neas. Se recomienda refactorizar y extraer subcomponentes o hooks personalizados para mejorar la mantenibilidad y reducir renders innecesarios.
Typecheck + Tests + Verificaciones	UNKNOWN STEP	2026-09-07T13:33:44.1770327Z 
Typecheck + Tests + Verificaciones	UNKNOWN STEP	2026-09-07T13:33:44.1770854Z   * components/agenda/AgendaCalendar.tsx supera el l�mite de tama�o (867 l�neas > 450) components/agenda/AgendaCalendar.tsx
Typecheck + Tests + Verificaciones	UNKNOWN STEP	2026-09-07T13:33:44.1772078Z     El componente tiene 867 l�neas. Se recomienda refactorizar y extraer subcomponentes o hooks personalizados para mejorar la mantenibilidad y reducir renders innecesarios.
Typecheck + Tests + Verificaciones	UNKNOWN STEP	2026-09-07T13:33:44.1772731Z 
Typecheck + Tests + Verificaciones	UNKNOWN STEP	2026-09-07T13:33:44.1773197Z   * components/agenda/AgendaCalendar.tsx tiene anidamiento excesivo (nivel 7 > 4) components/agenda/AgendaCalendar.tsx
Typecheck + Tests + Verificaciones	UNKNOWN STEP	2026-09-07T13:33:44.1774391Z     Se detectaron bloques con m�s de 6 niveles de indentaci�n/llaves anidadas. Conviene aplicar cl�usulas de guarda (early returns) o extraer funciones auxiliares.
Typecheck + Tests + Verificaciones	UNKNOWN STEP	2026-09-07T13:33:44.1775016Z 
Typecheck + Tests + Verificaciones	UNKNOWN STEP	2026-09-07T13:33:44.1775591Z   * components/agenda/AgendaCalendar.web.tsx supera el l�mite de tama�o (7330 l�neas > 450) components/agenda/AgendaCalendar.web.tsx
Typecheck + Tests + Verificaciones	UNKNOWN STEP	2026-09-07T13:33:44.1778235Z     El componente tiene 7330 l�neas. Se recomienda refactorizar y extraer subcomponentes o hooks personalizados para mejorar la mantenibilidad y reducir renders innecesarios.
Typecheck + Tests + Verificaciones	UNKNOWN STEP	2026-09-07T13:33:44.1779556Z 
Typecheck + Tests + Verificaciones	UNKNOWN STEP	2026-09-07T13:33:44.1780466Z   * components/agenda/AgendaCalendar.web.tsx tiene anidamiento excesivo (nivel 8 > 4) components/agenda/AgendaCalendar.web.tsx
Typecheck + Tests + Verificaciones	UNKNOWN STEP	2026-09-07T13:33:44.1781770Z     Se detectaron bloques con m�s de 6 niveles de indentaci�n/llaves anidadas. Conviene aplicar cl�usulas de guarda (early returns) o extraer funciones auxiliares.
Typecheck + Tests + Verificaciones	UNKNOWN STEP	2026-09-07T13:33:44.1782500Z 
Typecheck + Tests + Verificaciones	UNKNOWN STEP	2026-09-07T13:33:44.1783065Z   * components/agenda/BriefingAgenda.web.tsx tiene anidamiento excesivo (nivel 7 > 4) components/agenda/BriefingAgenda.web.tsx
Typecheck + Tests + Verificaciones	UNKNOWN STEP	2026-09-07T13:33:44.1784273Z     Se detectaron bloques con m�s de 6 niveles de indentaci�n/llaves anidadas. Conviene aplicar cl�usulas de guarda (early returns) o extraer funciones auxiliares.
Typecheck + Tests + Verificaciones	UNKNOWN STEP	2026-09-07T13:33:44.1784892Z 
Typecheck + Tests + Verificaciones	UNKNOWN STEP	2026-09-07T13:33:44.1785465Z   * components/agenda/FasesCitaPanel.web.tsx supera el l�mite de tama�o (552 l�neas > 450) components/agenda/FasesCitaPanel.web.tsx
Typecheck + Tests + Verificaciones	UNKNOWN STEP	2026-09-07T13:33:44.1787053Z     El componente tiene 552 l�neas. Se recomienda refactorizar y extraer subcomponentes o hooks personalizados para mejorar la mantenibilidad y reducir renders innecesarios.
Typecheck + Tests + Verificaciones	UNKNOWN STEP	2026-09-07T13:33:44.1787717Z 
Typecheck + Tests + Verificaciones	UNKNOWN STEP	2026-09-07T13:33:44.1788194Z   * components/agenda/FasesCitaPanel.web.tsx tiene anidamiento excesivo (nivel 7 > 4) components/agenda/FasesCitaPanel.web.tsx
Typecheck + Tests + Verificaciones	UNKNOWN STEP	2026-09-07T13:33:44.1789385Z     Se detectaron bloques con m�s de 6 niveles de indentaci�n/llaves anidadas. Conviene aplicar cl�usulas de guarda (early returns) o extraer funciones auxiliares.
Typecheck + Tests + Verificaciones	UNKNOWN STEP	2026-09-07T13:33:44.1789987Z 
Typecheck + Tests + Verificaciones	UNKNOWN STEP	2026-09-07T13:33:44.1790829Z   * components/agenda/OrganizarAgendaPanel.web.tsx supera el l�mite de tama�o (1260 l�neas > 450) components/agenda/OrganizarAgendaPanel.web.tsx
Typecheck + Tests + Verificaciones	UNKNOWN STEP	2026-09-07T13:33:44.1793321Z     El componente tiene 1260 l�neas. Se recomienda refactorizar y extraer subcomponentes o hooks personalizados para mejorar la mantenibilidad y reducir renders innecesarios.
Typecheck + Tests + Verificaciones	UNKNOWN STEP	2026-09-07T13:33:44.1794560Z 
Typecheck + Tests + Verificaciones	UNKNOWN STEP	2026-09-07T13:33:44.1795563Z   * components/agenda/OrganizarAgendaPanel.web.tsx tiene anidamiento excesivo (nivel 7 > 4) components/agenda/OrganizarAgendaPanel.web.tsx
Typecheck + Tests + Verificaciones	UNKNOWN STEP	2026-09-07T13:33:44.1798156Z     Se detectaron bloques con m�s de 6 niveles de indentaci�n/llaves anidadas. Conviene aplicar cl�usulas de guarda (early returns) o extraer funciones auxiliares.
Typecheck + Tests + Verificaciones	UNKNOWN STEP	2026-09-07T13:33:44.1799271Z 
Typecheck + Tests + Verificaciones	UNKNOWN STEP	2026-09-07T13:33:44.1800312Z   * components/agenda/RetrasoEstrategiasModal.web.tsx tiene anidamiento excesivo (nivel 7 > 4) components/agenda/RetrasoEstrategiasModal.web.tsx
Typecheck + Tests + Verificaciones	UNKNOWN STEP	2026-09-07T13:33:44.1802687Z     Se detectaron bloques con m�s de 6 niveles de indentaci�n/llaves anidadas. Conviene aplicar cl�usulas de guarda (early returns) o extraer funciones auxiliares.
Typecheck + Tests + Verificaciones	UNKNOWN STEP	2026-09-07T13:33:44.1803826Z 
Typecheck + Tests + Verificaciones	UNKNOWN STEP	2026-09-07T13:33:44.1805055Z   * components/agenda/modals/DetalleCitaModal.web.tsx supera el l�mite de tama�o (7186 l�neas > 450) components/agenda/modals/DetalleCitaModal.web.tsx
Typecheck + Tests + Verificaciones	UNKNOWN STEP	2026-09-07T13:33:44.1807778Z     El componente tiene 7186 l�neas. Se recomienda refactorizar y extraer subcomponentes o hooks personalizados para mejorar la mantenibilidad y reducir renders innecesarios.
Typecheck + Tests + Verificaciones	UNKNOWN STEP	2026-09-07T13:33:44.1809025Z 
Typecheck + Tests + Verificaciones	UNKNOWN STEP	2026-09-07T13:33:44.1810067Z   * components/agenda/modals/DetalleCitaModal.web.tsx tiene anidamiento excesivo (nivel 10 > 4) components/agenda/modals/DetalleCitaModal.web.tsx
Typecheck + Tests + Verificaciones	UNKNOWN STEP	2026-09-07T13:33:44.1812536Z     Se detectaron bloques con m�s de 6 niveles de indentaci�n/llaves anidadas. Conviene aplicar cl�usulas de guarda (early returns) o extraer funciones auxiliares.
Typecheck + Tests + Verificaciones	UNKNOWN STEP	2026-09-07T13:33:44.1813634Z 
Typecheck + Tests + Verificaciones	UNKNOWN STEP	2026-09-07T13:33:44.1814735Z   * components/agenda/modals/NewCitaModal.web.tsx supera el l�mite de tama�o (4681 l�neas > 450) components/agenda/modals/NewCitaModal.web.tsx
Typecheck + Tests + Verificaciones	UNKNOWN STEP	2026-09-07T13:33:44.1817251Z     El componente tiene 4681 l�neas. Se recomienda refactorizar y extraer subcomponentes o hooks personalizados para mejorar la mantenibilidad y reducir renders innecesarios.
Typecheck + Tests + Verificaciones	UNKNOWN STEP	2026-09-07T13:33:44.1818640Z 
Typecheck + Tests + Verificaciones	UNKNOWN STEP	2026-09-07T13:33:44.1819541Z   * components/agenda/modals/NewCitaModal.web.tsx tiene anidamiento excesivo (nivel 9 > 4) components/agenda/modals/NewCitaModal.web.tsx
Typecheck + Tests + Verificaciones	UNKNOWN STEP	2026-09-07T13:33:44.1821848Z     Se detectaron bloques con m�s de 6 niveles de indentaci�n/llaves anidadas. Conviene aplicar cl�usulas de guarda (early returns) o extraer funciones auxiliares.
Typecheck + Tests + Verificaciones	UNKNOWN STEP	2026-09-07T13:33:44.1822920Z 
Typecheck + Tests + Verificaciones	UNKNOWN STEP	2026-09-07T13:33:44.1824092Z   * components/agenda/modals/ReservaGrupoModal.web.tsx supera el l�mite de tama�o (611 l�neas > 450) components/agenda/modals/ReservaGrupoModal.web.tsx
Typecheck + Tests + Verificaciones	UNKNOWN STEP	2026-09-07T13:33:44.1826841Z     El componente tiene 611 l�neas. Se recomienda refactorizar y extraer subcomponentes o hooks personalizados para mejorar la mantenibilidad y reducir renders innecesarios.
Typecheck + Tests + Verificaciones	UNKNOWN STEP	2026-09-07T13:33:44.1828088Z 
Typecheck + Tests + Verificaciones	UNKNOWN STEP	2026-09-07T13:33:44.1829069Z   * components/agenda/ui/atomos.web.tsx supera el l�mite de tama�o (983 l�neas > 450) components/agenda/ui/atomos.web.tsx
Typecheck + Tests + Verificaciones	UNKNOWN STEP	2026-09-07T13:33:44.1831340Z     El componente tiene 983 l�neas. Se recomienda refactorizar y extraer subcomponentes o hooks personalizados para mejorar la mantenibilidad y reducir renders innecesarios.
Typecheck + Tests + Verificaciones	UNKNOWN STEP	2026-09-07T13:33:44.1832575Z 
Typecheck + Tests + Verificaciones	UNKNOWN STEP	2026-09-07T13:33:44.1833549Z   * components/agenda/views/VistaDiaLista.web.tsx tiene anidamiento excesivo (nivel 7 > 4) components/agenda/views/VistaDiaLista.web.tsx
Typecheck + Tests + Verificaciones	UNKNOWN STEP	2026-09-07T13:33:44.1835857Z     Se detectaron bloques con m�s de 6 niveles de indentaci�n/llaves anidadas. Conviene aplicar cl�usulas de guarda (early returns) o extraer funciones auxiliares.
Typecheck + Tests + Verificaciones	UNKNOWN STEP	2026-09-07T13:33:44.1837136Z 
Typecheck + Tests + Verificaciones	UNKNOWN STEP	2026-09-07T13:33:44.1838331Z   * components/agenda/views/VistasSemanaMes.web.tsx supera el l�mite de tama�o (1411 l�neas > 450) components/agenda/views/VistasSemanaMes.web.tsx
Typecheck + Tests + Verificaciones	UNKNOWN STEP	2026-09-07T13:33:44.1840802Z     El componente tiene 1411 l�neas. Se recomienda refactorizar y extraer subcomponentes o hooks personalizados para mejorar la mantenibilidad y reducir renders innecesarios.
Typecheck + Tests + Verificaciones	UNKNOWN STEP	2026-09-07T13:33:44.1842052Z 
Typecheck + Tests + Verificaciones	UNKNOWN STEP	2026-09-07T13:33:44.1843060Z   * components/agenda/views/VistasSemanaMes.web.tsx tiene anidamiento excesivo (nivel 9 > 4) components/agenda/views/VistasSemanaMes.web.tsx
Typecheck + Tests + Verificaciones	UNKNOWN STEP	2026-09-07T13:33:44.1845174Z     Se detectaron bloques con m�s de 6 niveles de indentaci�n/llaves anidadas. Conviene aplicar cl�usulas de guarda (early returns) o extraer funciones auxiliares.
Typecheck + Tests + Verificaciones	UNKNOWN STEP	2026-09-07T13:33:44.1845799Z 
Typecheck + Tests + Verificaciones	UNKNOWN STEP	2026-09-07T13:33:44.1846844Z   * components/agenda/views/timeline/AppointmentCard.web.tsx supera el l�mite de tama�o (1308 l�neas > 450) components/agenda/views/timeline/AppointmentCard.web.tsx
Typecheck + Tests + Verificaciones	UNKNOWN STEP	2026-09-07T13:33:44.1849087Z     El componente tiene 1308 l�neas. Se recomienda refactorizar y extraer subcomponentes o hooks personalizados para mejorar la mantenibilidad y reducir renders innecesarios.
Typecheck + Tests + Verificaciones	UNKNOWN STEP	2026-09-07T13:33:44.1850152Z 
Typecheck + Tests + Verificaciones	UNKNOWN STEP	2026-09-07T13:33:44.1850773Z   * components/agenda/views/timeline/AppointmentCard.web.tsx tiene anidamiento excesivo (nivel 12 > 4) components/agenda/views/timeline/AppointmentCard.web.tsx
Typecheck + Tests + Verificaciones	UNKNOWN STEP	2026-09-07T13:33:44.1852127Z     Se detectaron bloques con m�s de 6 niveles de indentaci�n/llaves anidadas. Conviene aplicar cl�usulas de guarda (early returns) o extraer funciones auxiliares.
Typecheck + Tests + Verificaciones	UNKNOWN STEP	2026-09-07T13:33:44.1852731Z 
Typecheck + Tests + Verificaciones	UNKNOWN STEP	2026-09-07T13:33:44.1853487Z   * components/agenda/views/timeline/ProfessionalColumn.web.tsx supera el l�mite de tama�o (726 l�neas > 450) components/agenda/views/timeline/ProfessionalColumn.web.tsx
Typecheck + Tests + Verificaciones	UNKNOWN STEP	2026-09-07T13:33:44.1854878Z     El componente tiene 726 l�neas. Se recomienda refactorizar y extraer subcomponentes o hooks personalizados para mejorar la mantenibilidad y reducir renders innecesarios.
Typecheck + Tests + Verificaciones	UNKNOWN STEP	2026-09-07T13:33:44.1855526Z 
Typecheck + Tests + Verificaciones	UNKNOWN STEP	2026-09-07T13:33:44.1856411Z   * components/agenda/views/timeline/ProfessionalColumn.web.tsx tiene anidamiento excesivo (nivel 8 > 4) components/agenda/views/timeline/ProfessionalColumn.web.tsx
Typecheck + Tests + Verificaciones	UNKNOWN STEP	2026-09-07T13:33:44.1857760Z     Se detectaron bloques con m�s de 6 niveles de indentaci�n/llaves anidadas. Conviene aplicar cl�usulas de guarda (early returns) o extraer funciones auxiliares.
Typecheck + Tests + Verificaciones	UNKNOWN STEP	2026-09-07T13:33:44.1858533Z 
Typecheck + Tests + Verificaciones	UNKNOWN STEP	2026-09-07T13:33:44.1859185Z   * components/agenda/views/timeline/Timeline.web.tsx supera el l�mite de tama�o (2437 l�neas > 450) components/agenda/views/timeline/Timeline.web.tsx
Typecheck + Tests + Verificaciones	UNKNOWN STEP	2026-09-07T13:33:44.1860609Z     El componente tiene 2437 l�neas. Se recomienda refactorizar y extraer subcomponentes o hooks personalizados para mejorar la mantenibilidad y reducir renders innecesarios.
Typecheck + Tests + Verificaciones	UNKNOWN STEP	2026-09-07T13:33:44.1861282Z 
Typecheck + Tests + Verificaciones	UNKNOWN STEP	2026-09-07T13:33:44.1861821Z   * components/agenda/views/timeline/Timeline.web.tsx tiene anidamiento excesivo (nivel 11 > 4) components/agenda/views/timeline/Timeline.web.tsx
Typecheck + Tests + Verificaciones	UNKNOWN STEP	2026-09-07T13:33:44.1863057Z     Se detectaron bloques con m�s de 6 niveles de indentaci�n/llaves anidadas. Conviene aplicar cl�usulas de guarda (early returns) o extraer funciones auxiliares.
Typecheck + Tests + Verificaciones	UNKNOWN STEP	2026-09-07T13:33:44.1863650Z 
Typecheck + Tests + Verificaciones	UNKNOWN STEP	2026-09-07T13:33:44.1864221Z   * components/chispa/BloqueRenderer.web.tsx supera el l�mite de tama�o (752 l�neas > 450) components/chispa/BloqueRenderer.web.tsx
Typecheck + Tests + Verificaciones	UNKNOWN STEP	2026-09-07T13:33:44.1865470Z     El componente tiene 752 l�neas. Se recomienda refactorizar y extraer subcomponentes o hooks personalizados para mejorar la mantenibilidad y reducir renders innecesarios.
Typecheck + Tests + Verificaciones	UNKNOWN STEP	2026-09-07T13:33:44.1866532Z 
Typecheck + Tests + Verificaciones	UNKNOWN STEP	2026-09-07T13:33:44.1867176Z   * components/chispa/ChispaPanel.web.tsx supera el l�mite de tama�o (1988 l�neas > 450) components/chispa/ChispaPanel.web.tsx
Typecheck + Tests + Verificaciones	UNKNOWN STEP	2026-09-07T13:33:44.1868421Z     El componente tiene 1988 l�neas. Se recomienda refactorizar y extraer subcomponentes o hooks personalizados para mejorar la mantenibilidad y reducir renders innecesarios.
Typecheck + Tests + Verificaciones	UNKNOWN STEP	2026-09-07T13:33:44.1869081Z 
Typecheck + Tests + Verificaciones	UNKNOWN STEP	2026-09-07T13:33:44.1869520Z   * components/chispa/ChispaPanel.web.tsx tiene anidamiento excesivo (nivel 7 > 4) components/chispa/ChispaPanel.web.tsx
Typecheck + Tests + Verificaciones	UNKNOWN STEP	2026-09-07T13:33:44.1870710Z     Se detectaron bloques con m�s de 6 niveles de indentaci�n/llaves anidadas. Conviene aplicar cl�usulas de guarda (early returns) o extraer funciones auxiliares.
Typecheck + Tests + Verificaciones	UNKNOWN STEP	2026-09-07T13:33:44.1871333Z 
Typecheck + Tests + Verificaciones	UNKNOWN STEP	2026-09-07T13:33:44.1871867Z   * components/cola/ColaDiaPanel.web.tsx supera el l�mite de tama�o (603 l�neas > 450) components/cola/ColaDiaPanel.web.tsx
Typecheck + Tests + Verificaciones	UNKNOWN STEP	2026-09-07T13:33:44.1873092Z     El componente tiene 603 l�neas. Se recomienda refactorizar y extraer subcomponentes o hooks personalizados para mejorar la mantenibilidad y reducir renders innecesarios.
Typecheck + Tests + Verificaciones	UNKNOWN STEP	2026-09-07T13:33:44.1873749Z 
Typecheck + Tests + Verificaciones	UNKNOWN STEP	2026-09-07T13:33:44.1874358Z   * components/config/ModalImportarTarifasIA.tsx supera el l�mite de tama�o (676 l�neas > 450) components/config/ModalImportarTarifasIA.tsx
Typecheck + Tests + Verificaciones	UNKNOWN STEP	2026-09-07T13:33:44.1875634Z     El componente tiene 676 l�neas. Se recomienda refactorizar y extraer subcomponentes o hooks personalizados para mejorar la mantenibilidad y reducir renders innecesarios.
Typecheck + Tests + Verificaciones	UNKNOWN STEP	2026-09-07T13:33:44.1876524Z 
Typecheck + Tests + Verificaciones	UNKNOWN STEP	2026-09-07T13:33:44.1877154Z   * components/config/ModalTecnificarCatalogo.tsx supera el l�mite de tama�o (905 l�neas > 450) components/config/ModalTecnificarCatalogo.tsx
Typecheck + Tests + Verificaciones	UNKNOWN STEP	2026-09-07T13:33:44.1878456Z     El componente tiene 905 l�neas. Se recomienda refactorizar y extraer subcomponentes o hooks personalizados para mejorar la mantenibilidad y reducir renders innecesarios.
Typecheck + Tests + Verificaciones	UNKNOWN STEP	2026-09-07T13:33:44.1879107Z 
Typecheck + Tests + Verificaciones	UNKNOWN STEP	2026-09-07T13:33:44.1879640Z   * components/config/ModalTecnificarCatalogo.tsx tiene anidamiento excesivo (nivel 9 > 4) components/config/ModalTecnificarCatalogo.tsx
Typecheck + Tests + Verificaciones	UNKNOWN STEP	2026-09-07T13:33:44.1880874Z     Se detectaron bloques con m�s de 6 niveles de indentaci�n/llaves anidadas. Conviene aplicar cl�usulas de guarda (early returns) o extraer funciones auxiliares.
Typecheck + Tests + Verificaciones	UNKNOWN STEP	2026-09-07T13:33:44.1881479Z 
Typecheck + Tests + Verificaciones	UNKNOWN STEP	2026-09-07T13:33:44.1882077Z   * components/config/SeccionSuscripcion.web.tsx supera el l�mite de tama�o (475 l�neas > 450) components/config/SeccionSuscripcion.web.tsx
Typecheck + Tests + Verificaciones	UNKNOWN STEP	2026-09-07T13:33:44.1883348Z     El componente tiene 475 l�neas. Se recomienda refactorizar y extraer subcomponentes o hooks personalizados para mejorar la mantenibilidad y reducir renders innecesarios.
Typecheck + Tests + Verificaciones	UNKNOWN STEP	2026-09-07T13:33:44.1884169Z 
Typecheck + Tests + Verificaciones	UNKNOWN STEP	2026-09-07T13:33:44.1884739Z   * components/config/TabMigracionMagica.tsx supera el l�mite de tama�o (822 l�neas > 450) components/config/TabMigracionMagica.tsx
Typecheck + Tests + Verificaciones	UNKNOWN STEP	2026-09-07T13:33:44.1886235Z     El componente tiene 822 l�neas. Se recomienda refactorizar y extraer subcomponentes o hooks personalizados para mejorar la mantenibilidad y reducir renders innecesarios.
Typecheck + Tests + Verificaciones	UNKNOWN STEP	2026-09-07T13:33:44.1887161Z 
Typecheck + Tests + Verificaciones	UNKNOWN STEP	2026-09-07T13:33:44.1887800Z   * components/config/TabMigracionMagica.tsx tiene anidamiento excesivo (nivel 7 > 4) components/config/TabMigracionMagica.tsx
Typecheck + Tests + Verificaciones	UNKNOWN STEP	2026-09-07T13:33:44.1889034Z     Se detectaron bloques con m�s de 6 niveles de indentaci�n/llaves anidadas. Conviene aplicar cl�usulas de guarda (early returns) o extraer funciones auxiliares.
Typecheck + Tests + Verificaciones	UNKNOWN STEP	2026-09-07T13:33:44.1889632Z 
Typecheck + Tests + Verificaciones	UNKNOWN STEP	2026-09-07T13:33:44.1890202Z   * components/config/TabRecompensas.web.tsx supera el l�mite de tama�o (1417 l�neas > 450) components/config/TabRecompensas.web.tsx
Typecheck + Tests + Verificaciones	UNKNOWN STEP	2026-09-07T13:33:44.1891456Z     El componente tiene 1417 l�neas. Se recomienda refactorizar y extraer subcomponentes o hooks personalizados para mejorar la mantenibilidad y reducir renders innecesarios.
Typecheck + Tests + Verificaciones	UNKNOWN STEP	2026-09-07T13:33:44.1892124Z 
Typecheck + Tests + Verificaciones	UNKNOWN STEP	2026-09-07T13:33:44.1892754Z   * components/informes/FacturasRegistroSection.tsx supera el l�mite de tama�o (551 l�neas > 450) components/informes/FacturasRegistroSection.tsx
Typecheck + Tests + Verificaciones	UNKNOWN STEP	2026-09-07T13:33:44.1894062Z     El componente tiene 551 l�neas. Se recomienda refactorizar y extraer subcomponentes o hooks personalizados para mejorar la mantenibilidad y reducir renders innecesarios.
Typecheck + Tests + Verificaciones	UNKNOWN STEP	2026-09-07T13:33:44.1894715Z 
Typecheck + Tests + Verificaciones	UNKNOWN STEP	2026-09-07T13:33:44.1895306Z   * components/informes/LiquidacionesSection.tsx supera el l�mite de tama�o (942 l�neas > 450) components/informes/LiquidacionesSection.tsx
Typecheck + Tests + Verificaciones	UNKNOWN STEP	2026-09-07T13:33:44.1896836Z     El componente tiene 942 l�neas. Se recomienda refactorizar y extraer subcomponentes o hooks personalizados para mejorar la mantenibilidad y reducir renders innecesarios.
Typecheck + Tests + Verificaciones	UNKNOWN STEP	2026-09-07T13:33:44.1897501Z 
Typecheck + Tests + Verificaciones	UNKNOWN STEP	2026-09-07T13:33:44.1898021Z   * components/informes/LiquidacionesSection.tsx tiene anidamiento excesivo (nivel 7 > 4) components/informes/LiquidacionesSection.tsx
Typecheck + Tests + Verificaciones	UNKNOWN STEP	2026-09-07T13:33:44.1899272Z     Se detectaron bloques con m�s de 6 niveles de indentaci�n/llaves anidadas. Conviene aplicar cl�usulas de guarda (early returns) o extraer funciones auxiliares.
Typecheck + Tests + Verificaciones	UNKNOWN STEP	2026-09-07T13:33:44.1899874Z 
Typecheck + Tests + Verificaciones	UNKNOWN STEP	2026-09-07T13:33:44.1900467Z   * components/jornada/RegistroJornada.web.tsx supera el l�mite de tama�o (715 l�neas > 450) components/jornada/RegistroJornada.web.tsx
Typecheck + Tests + Verificaciones	UNKNOWN STEP	2026-09-07T13:33:44.1901727Z     El componente tiene 715 l�neas. Se recomienda refactorizar y extraer subcomponentes o hooks personalizados para mejorar la mantenibilidad y reducir renders innecesarios.
Typecheck + Tests + Verificaciones	UNKNOWN STEP	2026-09-07T13:33:44.1902382Z 
Typecheck + Tests + Verificaciones	UNKNOWN STEP	2026-09-07T13:33:44.1902842Z   * components/layout/Sidebar.tsx supera el l�mite de tama�o (895 l�neas > 450) components/layout/Sidebar.tsx
Typecheck + Tests + Verificaciones	UNKNOWN STEP	2026-09-07T13:33:44.1904007Z     El componente tiene 895 l�neas. Se recomienda refactorizar y extraer subcomponentes o hooks personalizados para mejorar la mantenibilidad y reducir renders innecesarios.
Typecheck + Tests + Verificaciones	UNKNOWN STEP	2026-09-07T13:33:44.1904681Z 
Typecheck + Tests + Verificaciones	UNKNOWN STEP	2026-09-07T13:33:44.1905387Z   * components/onboarding/AsistentePuestaEnMarcha.web.tsx supera el l�mite de tama�o (1035 l�neas > 450) components/onboarding/AsistentePuestaEnMarcha.web.tsx
Typecheck + Tests + Verificaciones	UNKNOWN STEP	2026-09-07T13:33:44.1907019Z     El componente tiene 1035 l�neas. Se recomienda refactorizar y extraer subcomponentes o hooks personalizados para mejorar la mantenibilidad y reducir renders innecesarios.
Typecheck + Tests + Verificaciones	UNKNOWN STEP	2026-09-07T13:33:44.1907683Z 
Typecheck + Tests + Verificaciones	UNKNOWN STEP	2026-09-07T13:33:44.1908250Z   * components/onboarding/OnboardingPanel.tsx supera el l�mite de tama�o (504 l�neas > 450) components/onboarding/OnboardingPanel.tsx
Typecheck + Tests + Verificaciones	UNKNOWN STEP	2026-09-07T13:33:44.1909506Z     El componente tiene 504 l�neas. Se recomienda refactorizar y extraer subcomponentes o hooks personalizados para mejorar la mantenibilidad y reducir renders innecesarios.
Typecheck + Tests + Verificaciones	UNKNOWN STEP	2026-09-07T13:33:44.1910157Z 
Typecheck + Tests + Verificaciones	UNKNOWN STEP	2026-09-07T13:33:44.1910622Z   * components/pos/CobroSheet.tsx supera el l�mite de tama�o (1249 l�neas > 450) components/pos/CobroSheet.tsx
Typecheck + Tests + Verificaciones	UNKNOWN STEP	2026-09-07T13:33:44.1911955Z     El componente tiene 1249 l�neas. Se recomienda refactorizar y extraer subcomponentes o hooks personalizados para mejorar la mantenibilidad y reducir renders innecesarios.
Typecheck + Tests + Verificaciones	UNKNOWN STEP	2026-09-07T13:33:44.1912611Z 
Typecheck + Tests + Verificaciones	UNKNOWN STEP	2026-09-07T13:33:44.1912993Z   * components/pos/CobroSheet.tsx tiene anidamiento excesivo (nivel 7 > 4) components/pos/CobroSheet.tsx
Typecheck + Tests + Verificaciones	UNKNOWN STEP	2026-09-07T13:33:44.1914230Z     Se detectaron bloques con m�s de 6 niveles de indentaci�n/llaves anidadas. Conviene aplicar cl�usulas de guarda (early returns) o extraer funciones auxiliares.
Typecheck + Tests + Verificaciones	UNKNOWN STEP	2026-09-07T13:33:44.1914845Z 
Typecheck + Tests + Verificaciones	UNKNOWN STEP	2026-09-07T13:33:44.1915339Z   * components/ui/SettingsAtoms.tsx supera el l�mite de tama�o (915 l�neas > 450) components/ui/SettingsAtoms.tsx
Typecheck + Tests + Verificaciones	UNKNOWN STEP	2026-09-07T13:33:44.1916821Z     El componente tiene 915 l�neas. Se recomienda refactorizar y extraer subcomponentes o hooks personalizados para mejorar la mantenibilidad y reducir renders innecesarios.
Typecheck + Tests + Verificaciones	UNKNOWN STEP	2026-09-07T13:33:44.1917492Z 
Typecheck + Tests + Verificaciones	UNKNOWN STEP	2026-09-07T13:33:44.1917906Z   * Pantalla "agenda" supera presupuesto de carga (4.70 s > 1.8 s) tests/smoke/rendimiento-baseline.canario.json
Typecheck + Tests + Verificaciones	UNKNOWN STEP	2026-09-07T13:33:44.1918882Z     Tiempo de carga medido: 4703 ms (presupuesto: 1800 ms). Se aconseja aplazar renderizado de componentes secundarios y agrupar peticiones iniciales.
Typecheck + Tests + Verificaciones	UNKNOWN STEP	2026-09-07T13:33:44.1919438Z 
Typecheck + Tests + Verificaciones	UNKNOWN STEP	2026-09-07T13:33:44.1919849Z   * Pantalla "agenda" supera cuota de peticiones iniciales (70 > 6) tests/smoke/rendimiento-baseline.canario.json
Typecheck + Tests + Verificaciones	UNKNOWN STEP	2026-09-07T13:33:44.1921060Z     La carga inicial disparó 70 consultas a Supabase (máximo permitido: 6). Sospecha de consultas N+1 en cascada. Agrupar en una RPC compuesta o usar vistas desnormalizadas.
Typecheck + Tests + Verificaciones	UNKNOWN STEP	2026-09-07T13:33:44.1921689Z 
Typecheck + Tests + Verificaciones	UNKNOWN STEP	2026-09-07T13:33:44.1922099Z   * Pantalla "mi-jornada" supera presupuesto de carga (2.48 s > 1.8 s) tests/smoke/rendimiento-baseline.canario.json
Typecheck + Tests + Verificaciones	UNKNOWN STEP	2026-09-07T13:33:44.1923084Z     Tiempo de carga medido: 2482 ms (presupuesto: 1800 ms). Se aconseja aplazar renderizado de componentes secundarios y agrupar peticiones iniciales.
Typecheck + Tests + Verificaciones	UNKNOWN STEP	2026-09-07T13:33:44.1923653Z 
Typecheck + Tests + Verificaciones	UNKNOWN STEP	2026-09-07T13:33:44.1924069Z   * Pantalla "mi-jornada" supera cuota de peticiones iniciales (7 > 6) tests/smoke/rendimiento-baseline.canario.json
Typecheck + Tests + Verificaciones	UNKNOWN STEP	2026-09-07T13:33:44.1925242Z     La carga inicial disparó 7 consultas a Supabase (máximo permitido: 6). Sospecha de consultas N+1 en cascada. Agrupar en una RPC compuesta o usar vistas desnormalizadas.
Typecheck + Tests + Verificaciones	UNKNOWN STEP	2026-09-07T13:33:44.1925867Z 
Typecheck + Tests + Verificaciones	UNKNOWN STEP	2026-09-07T13:33:44.1926605Z   * Pantalla "lista-espera" supera presupuesto de carga (1.84 s > 1.8 s) tests/smoke/rendimiento-baseline.canario.json
Typecheck + Tests + Verificaciones	UNKNOWN STEP	2026-09-07T13:33:44.1927592Z     Tiempo de carga medido: 1836 ms (presupuesto: 1800 ms). Se aconseja aplazar renderizado de componentes secundarios y agrupar peticiones iniciales.
Typecheck + Tests + Verificaciones	UNKNOWN STEP	2026-09-07T13:33:44.1928145Z 
Typecheck + Tests + Verificaciones	UNKNOWN STEP	2026-09-07T13:33:44.1928644Z   * Pantalla "lista-espera" supera límite de Long Tasks (3 tareas > 2) tests/smoke/rendimiento-baseline.canario.json
Typecheck + Tests + Verificaciones	UNKNOWN STEP	2026-09-07T13:33:44.1929782Z     Se registraron 3 tareas largas en el hilo principal acumulando 200 ms de bloqueo. Conviene trocear computación pesada con requestIdleCallback o Web Workers.
Typecheck + Tests + Verificaciones	UNKNOWN STEP	2026-09-07T13:33:44.1930387Z 
Typecheck + Tests + Verificaciones	UNKNOWN STEP	2026-09-07T13:33:44.1930818Z   * Pantalla "lista-espera" supera cuota de peticiones iniciales (14 > 6) tests/smoke/rendimiento-baseline.canario.json
Typecheck + Tests + Verificaciones	UNKNOWN STEP	2026-09-07T13:33:44.1932024Z     La carga inicial disparó 14 consultas a Supabase (máximo permitido: 6). Sospecha de consultas N+1 en cascada. Agrupar en una RPC compuesta o usar vistas desnormalizadas.
Typecheck + Tests + Verificaciones	UNKNOWN STEP	2026-09-07T13:33:44.1932653Z 
Typecheck + Tests + Verificaciones	UNKNOWN STEP	2026-09-07T13:33:44.1933058Z   * Pantalla "citas" supera cuota de peticiones iniciales (9 > 6) tests/smoke/rendimiento-baseline.canario.json
Typecheck + Tests + Verificaciones	UNKNOWN STEP	2026-09-07T13:33:44.1934224Z     La carga inicial disparó 9 consultas a Supabase (máximo permitido: 6). Sospecha de consultas N+1 en cascada. Agrupar en una RPC compuesta o usar vistas desnormalizadas.
Typecheck + Tests + Verificaciones	UNKNOWN STEP	2026-09-07T13:33:44.1934843Z 
Typecheck + Tests + Verificaciones	UNKNOWN STEP	2026-09-07T13:33:44.1935238Z   * Pantalla "clientes" supera presupuesto de carga (3.14 s > 1.8 s) tests/smoke/rendimiento-baseline.canario.json
Typecheck + Tests + Verificaciones	UNKNOWN STEP	2026-09-07T13:33:44.1936591Z     Tiempo de carga medido: 3142 ms (presupuesto: 1800 ms). Se aconseja aplazar renderizado de componentes secundarios y agrupar peticiones iniciales.
Typecheck + Tests + Verificaciones	UNKNOWN STEP	2026-09-07T13:33:44.1937151Z 
Typecheck + Tests + Verificaciones	UNKNOWN STEP	2026-09-07T13:33:44.1937640Z   * Pantalla "clientes" supera límite de Long Tasks (3 tareas > 2) tests/smoke/rendimiento-baseline.canario.json
Typecheck + Tests + Verificaciones	UNKNOWN STEP	2026-09-07T13:33:44.1938886Z     Se registraron 3 tareas largas en el hilo principal acumulando 198 ms de bloqueo. Conviene trocear computación pesada con requestIdleCallback o Web Workers.
Typecheck + Tests + Verificaciones	UNKNOWN STEP	2026-09-07T13:33:44.1939500Z 
Typecheck + Tests + Verificaciones	UNKNOWN STEP	2026-09-07T13:33:44.1939915Z   * Pantalla "clientes" supera cuota de peticiones iniciales (22 > 6) tests/smoke/rendimiento-baseline.canario.json
Typecheck + Tests + Verificaciones	UNKNOWN STEP	2026-09-07T13:33:44.1941089Z     La carga inicial disparó 22 consultas a Supabase (máximo permitido: 6). Sospecha de consultas N+1 en cascada. Agrupar en una RPC compuesta o usar vistas desnormalizadas.
Typecheck + Tests + Verificaciones	UNKNOWN STEP	2026-09-07T13:33:44.1941713Z 
Typecheck + Tests + Verificaciones	UNKNOWN STEP	2026-09-07T13:33:44.1942097Z   * Pantalla "caja" supera presupuesto de carga (3.31 s > 1.8 s) tests/smoke/rendimiento-baseline.canario.json
Typecheck + Tests + Verificaciones	UNKNOWN STEP	2026-09-07T13:33:44.1943057Z     Tiempo de carga medido: 3306 ms (presupuesto: 1800 ms). Se aconseja aplazar renderizado de componentes secundarios y agrupar peticiones iniciales.
Typecheck + Tests + Verificaciones	UNKNOWN STEP	2026-09-07T13:33:44.1943610Z 
Typecheck + Tests + Verificaciones	UNKNOWN STEP	2026-09-07T13:33:44.1944002Z   * Pantalla "caja" supera cuota de peticiones iniciales (19 > 6) tests/smoke/rendimiento-baseline.canario.json
Typecheck + Tests + Verificaciones	UNKNOWN STEP	2026-09-07T13:33:44.1945160Z     La carga inicial disparó 19 consultas a Supabase (máximo permitido: 6). Sospecha de consultas N+1 en cascada. Agrupar en una RPC compuesta o usar vistas desnormalizadas.
Typecheck + Tests + Verificaciones	UNKNOWN STEP	2026-09-07T13:33:44.1945783Z 
Typecheck + Tests + Verificaciones	UNKNOWN STEP	2026-09-07T13:33:44.1946465Z   * Pantalla "presupuestos" supera cuota de peticiones iniciales (18 > 6) tests/smoke/rendimiento-baseline.canario.json
Typecheck + Tests + Verificaciones	UNKNOWN STEP	2026-09-07T13:33:44.1947678Z     La carga inicial disparó 18 consultas a Supabase (máximo permitido: 6). Sospecha de consultas N+1 en cascada. Agrupar en una RPC compuesta o usar vistas desnormalizadas.
Typecheck + Tests + Verificaciones	UNKNOWN STEP	2026-09-07T13:33:44.1948310Z 
Typecheck + Tests + Verificaciones	UNKNOWN STEP	2026-09-07T13:33:44.1948712Z   * Pantalla "equipo" supera presupuesto de carga (2.35 s > 1.8 s) tests/smoke/rendimiento-baseline.canario.json
Typecheck + Tests + Verificaciones	UNKNOWN STEP	2026-09-07T13:33:44.1949669Z     Tiempo de carga medido: 2352 ms (presupuesto: 1800 ms). Se aconseja aplazar renderizado de componentes secundarios y agrupar peticiones iniciales.
Typecheck + Tests + Verificaciones	UNKNOWN STEP	2026-09-07T13:33:44.1950222Z 
Typecheck + Tests + Verificaciones	UNKNOWN STEP	2026-09-07T13:33:44.1950631Z   * Pantalla "equipo" supera cuota de peticiones iniciales (19 > 6) tests/smoke/rendimiento-baseline.canario.json
Typecheck + Tests + Verificaciones	UNKNOWN STEP	2026-09-07T13:33:44.1951789Z     La carga inicial disparó 19 consultas a Supabase (máximo permitido: 6). Sospecha de consultas N+1 en cascada. Agrupar en una RPC compuesta o usar vistas desnormalizadas.
Typecheck + Tests + Verificaciones	UNKNOWN STEP	2026-09-07T13:33:44.1952412Z 
Typecheck + Tests + Verificaciones	UNKNOWN STEP	2026-09-07T13:33:44.1952834Z   * Pantalla "inventario" supera cuota de peticiones iniciales (15 > 6) tests/smoke/rendimiento-baseline.canario.json
Typecheck + Tests + Verificaciones	UNKNOWN STEP	2026-09-07T13:33:44.1953999Z     La carga inicial disparó 15 consultas a Supabase (máximo permitido: 6). Sospecha de consultas N+1 en cascada. Agrupar en una RPC compuesta o usar vistas desnormalizadas.
Typecheck + Tests + Verificaciones	UNKNOWN STEP	2026-09-07T13:33:44.1954631Z 
Typecheck + Tests + Verificaciones	UNKNOWN STEP	2026-09-07T13:33:44.1955039Z   * Pantalla "resenas" supera cuota de peticiones iniciales (10 > 6) tests/smoke/rendimiento-baseline.canario.json
Typecheck + Tests + Verificaciones	UNKNOWN STEP	2026-09-07T13:33:44.1956412Z     La carga inicial disparó 10 consultas a Supabase (máximo permitido: 6). Sospecha de consultas N+1 en cascada. Agrupar en una RPC compuesta o usar vistas desnormalizadas.
Typecheck + Tests + Verificaciones	UNKNOWN STEP	2026-09-07T13:33:44.1957050Z 
Typecheck + Tests + Verificaciones	UNKNOWN STEP	2026-09-07T13:33:44.1957471Z   * Pantalla "informes" supera cuota de peticiones iniciales (18 > 6) tests/smoke/rendimiento-baseline.canario.json
Typecheck + Tests + Verificaciones	UNKNOWN STEP	2026-09-07T13:33:44.1958642Z     La carga inicial disparó 18 consultas a Supabase (máximo permitido: 6). Sospecha de consultas N+1 en cascada. Agrupar en una RPC compuesta o usar vistas desnormalizadas.
Typecheck + Tests + Verificaciones	UNKNOWN STEP	2026-09-07T13:33:44.1959264Z 
Typecheck + Tests + Verificaciones	UNKNOWN STEP	2026-09-07T13:33:44.1959653Z   * Pantalla "ayuda" supera cuota de peticiones iniciales (13 > 6) tests/smoke/rendimiento-baseline.canario.json
Typecheck + Tests + Verificaciones	UNKNOWN STEP	2026-09-07T13:33:44.1960808Z     La carga inicial disparó 13 consultas a Supabase (máximo permitido: 6). Sospecha de consultas N+1 en cascada. Agrupar en una RPC compuesta o usar vistas desnormalizadas.
Typecheck + Tests + Verificaciones	UNKNOWN STEP	2026-09-07T13:33:44.1961630Z 
Typecheck + Tests + Verificaciones	UNKNOWN STEP	2026-09-07T13:33:44.1962069Z   * Pantalla "configuracion" supera cuota de peticiones iniciales (8 > 6) tests/smoke/rendimiento-baseline.canario.json
Typecheck + Tests + Verificaciones	UNKNOWN STEP	2026-09-07T13:33:44.1963374Z     La carga inicial disparó 8 consultas a Supabase (máximo permitido: 6). Sospecha de consultas N+1 en cascada. Agrupar en una RPC compuesta o usar vistas desnormalizadas.
Typecheck + Tests + Verificaciones	UNKNOWN STEP	2026-09-07T13:33:44.1964004Z 
Typecheck + Tests + Verificaciones	UNKNOWN STEP	2026-09-07T13:33:44.1964435Z   * Pantalla "portal-reserva" supera presupuesto de carga (2.78 s > 1.8 s) tests/smoke/rendimiento-baseline.canario.json
Typecheck + Tests + Verificaciones	UNKNOWN STEP	2026-09-07T13:33:44.1965422Z     Tiempo de carga medido: 2781 ms (presupuesto: 1800 ms). Se aconseja aplazar renderizado de componentes secundarios y agrupar peticiones iniciales.
Typecheck + Tests + Verificaciones	UNKNOWN STEP	2026-09-07T13:33:44.1966219Z 
Typecheck + Tests + Verificaciones	UNKNOWN STEP	2026-09-07T13:33:44.1966680Z   * Pantalla "portal-reserva" supera cuota de peticiones iniciales (21 > 6) tests/smoke/rendimiento-baseline.canario.json
Typecheck + Tests + Verificaciones	UNKNOWN STEP	2026-09-07T13:33:44.1967923Z     La carga inicial disparó 21 consultas a Supabase (máximo permitido: 6). Sospecha de consultas N+1 en cascada. Agrupar en una RPC compuesta o usar vistas desnormalizadas.
Typecheck + Tests + Verificaciones	UNKNOWN STEP	2026-09-07T13:33:44.1968545Z 
Typecheck + Tests + Verificaciones	UNKNOWN STEP	2026-09-07T13:33:44.1968979Z   * Pantalla "portal-resena" supera presupuesto de carga (3.78 s > 1.8 s) tests/smoke/rendimiento-baseline.canario.json
Typecheck + Tests + Verificaciones	UNKNOWN STEP	2026-09-07T13:33:44.1969969Z     Tiempo de carga medido: 3781 ms (presupuesto: 1800 ms). Se aconseja aplazar renderizado de componentes secundarios y agrupar peticiones iniciales.
Typecheck + Tests + Verificaciones	UNKNOWN STEP	2026-09-07T13:33:44.1970525Z 
Typecheck + Tests + Verificaciones	UNKNOWN STEP	2026-09-07T13:33:44.1970950Z   * Pantalla "portal-resena" supera cuota de peticiones iniciales (22 > 6) tests/smoke/rendimiento-baseline.canario.json
Typecheck + Tests + Verificaciones	UNKNOWN STEP	2026-09-07T13:33:44.1972136Z     La carga inicial disparó 22 consultas a Supabase (máximo permitido: 6). Sospecha de consultas N+1 en cascada. Agrupar en una RPC compuesta o usar vistas desnormalizadas.
Typecheck + Tests + Verificaciones	UNKNOWN STEP	2026-09-07T13:33:44.1972775Z 
Typecheck + Tests + Verificaciones	UNKNOWN STEP	2026-09-07T13:33:44.1973199Z   * app/(tabs)/ayuda.web.tsx supera el límite de tamaño (634 líneas > 450) app/(tabs)/ayuda.web.tsx:1
Typecheck + Tests + Verificaciones	UNKNOWN STEP	2026-09-07T13:33:44.1974287Z     El componente tiene 634 líneas. Se recomienda modularizar y extraer subcomponentes o custom hooks para optimizar el ciclo de render y mejorar la mantenibilidad.
Typecheck + Tests + Verificaciones	UNKNOWN STEP	2026-09-07T13:33:44.1974902Z 
Typecheck + Tests + Verificaciones	UNKNOWN STEP	2026-09-07T13:33:44.1975297Z   * app/(tabs)/ayuda.web.tsx tiene complejidad/anidamiento excesivo (nivel 8 > 4) app/(tabs)/ayuda.web.tsx:1
Typecheck + Tests + Verificaciones	UNKNOWN STEP	2026-09-07T13:33:44.1976659Z     Se detectaron bloques de control con profundidad de 8 niveles anidados. Conviene aplicar cláusulas de guarda (early returns) o descomponer en funciones auxiliares.
Typecheck + Tests + Verificaciones	UNKNOWN STEP	2026-09-07T13:33:44.1977284Z 
Typecheck + Tests + Verificaciones	UNKNOWN STEP	2026-09-07T13:33:44.1977733Z   * app/(tabs)/bandeja.web.tsx supera el límite de tamaño (538 líneas > 450) app/(tabs)/bandeja.web.tsx:1
Typecheck + Tests + Verificaciones	UNKNOWN STEP	2026-09-07T13:33:44.1978827Z     El componente tiene 538 líneas. Se recomienda modularizar y extraer subcomponentes o custom hooks para optimizar el ciclo de render y mejorar la mantenibilidad.
Typecheck + Tests + Verificaciones	UNKNOWN STEP	2026-09-07T13:33:44.1979455Z 
Typecheck + Tests + Verificaciones	UNKNOWN STEP	2026-09-07T13:33:44.1979859Z   * app/(tabs)/bandeja.web.tsx tiene complejidad/anidamiento excesivo (nivel 12 > 4) app/(tabs)/bandeja.web.tsx:1
Typecheck + Tests + Verificaciones	UNKNOWN STEP	2026-09-07T13:33:44.1981015Z     Se detectaron bloques de control con profundidad de 12 niveles anidados. Conviene aplicar cláusulas de guarda (early returns) o descomponer en funciones auxiliares.
Typecheck + Tests + Verificaciones	UNKNOWN STEP	2026-09-07T13:33:44.1981628Z 
Typecheck + Tests + Verificaciones	UNKNOWN STEP	2026-09-07T13:33:44.1982045Z   * app/(tabs)/caja.web.tsx supera el límite de tamaño (2962 líneas > 450) app/(tabs)/caja.web.tsx:1
Typecheck + Tests + Verificaciones	UNKNOWN STEP	2026-09-07T13:33:44.1983127Z     El componente tiene 2962 líneas. Se recomienda modularizar y extraer subcomponentes o custom hooks para optimizar el ciclo de render y mejorar la mantenibilidad.
Typecheck + Tests + Verificaciones	UNKNOWN STEP	2026-09-07T13:33:44.1983745Z 
Typecheck + Tests + Verificaciones	UNKNOWN STEP	2026-09-07T13:33:44.1984183Z   * app/(tabs)/campanas.web.tsx supera el límite de tamaño (462 líneas > 450) app/(tabs)/campanas.web.tsx:1
Typecheck + Tests + Verificaciones	UNKNOWN STEP	2026-09-07T13:33:44.1985287Z     El componente tiene 462 líneas. Se recomienda modularizar y extraer subcomponentes o custom hooks para optimizar el ciclo de render y mejorar la mantenibilidad.
Typecheck + Tests + Verificaciones	UNKNOWN STEP	2026-09-07T13:33:44.1986310Z 
Typecheck + Tests + Verificaciones	UNKNOWN STEP	2026-09-07T13:33:44.1986744Z   * app/(tabs)/campanas.web.tsx tiene complejidad/anidamiento excesivo (nivel 11 > 4) app/(tabs)/campanas.web.tsx:1
Typecheck + Tests + Verificaciones	UNKNOWN STEP	2026-09-07T13:33:44.1988070Z     Se detectaron bloques de control con profundidad de 11 niveles anidados. Conviene aplicar cláusulas de guarda (early returns) o descomponer en funciones auxiliares.
Typecheck + Tests + Verificaciones	UNKNOWN STEP	2026-09-07T13:33:44.1988701Z 
Typecheck + Tests + Verificaciones	UNKNOWN STEP	2026-09-07T13:33:44.1989123Z   * app/(tabs)/citas.web.tsx supera el límite de tamaño (481 líneas > 450) app/(tabs)/citas.web.tsx:1
Typecheck + Tests + Verificaciones	UNKNOWN STEP	2026-09-07T13:33:44.1990196Z     El componente tiene 481 líneas. Se recomienda modularizar y extraer subcomponentes o custom hooks para optimizar el ciclo de render y mejorar la mantenibilidad.
Typecheck + Tests + Verificaciones	UNKNOWN STEP	2026-09-07T13:33:44.1990805Z 
Typecheck + Tests + Verificaciones	UNKNOWN STEP	2026-09-07T13:33:44.1991193Z   * app/(tabs)/citas.web.tsx tiene complejidad/anidamiento excesivo (nivel 11 > 4) app/(tabs)/citas.web.tsx:1
Typecheck + Tests + Verificaciones	UNKNOWN STEP	2026-09-07T13:33:44.1992326Z     Se detectaron bloques de control con profundidad de 11 niveles anidados. Conviene aplicar cláusulas de guarda (early returns) o descomponer en funciones auxiliares.
Typecheck + Tests + Verificaciones	UNKNOWN STEP	2026-09-07T13:33:44.1992960Z 
Typecheck + Tests + Verificaciones	UNKNOWN STEP	2026-09-07T13:33:44.1993365Z   * app/(tabs)/clientes.tsx supera el límite de tamaño (957 líneas > 450) app/(tabs)/clientes.tsx:1
Typecheck + Tests + Verificaciones	UNKNOWN STEP	2026-09-07T13:33:44.1994456Z     El componente tiene 957 líneas. Se recomienda modularizar y extraer subcomponentes o custom hooks para optimizar el ciclo de render y mejorar la mantenibilidad.
Typecheck + Tests + Verificaciones	UNKNOWN STEP	2026-09-07T13:33:44.1995065Z 
Typecheck + Tests + Verificaciones	UNKNOWN STEP	2026-09-07T13:33:44.1995445Z   * app/(tabs)/clientes.tsx tiene complejidad/anidamiento excesivo (nivel 15 > 4) app/(tabs)/clientes.tsx:1
Typecheck + Tests + Verificaciones	UNKNOWN STEP	2026-09-07T13:33:44.1996827Z     Se detectaron bloques de control con profundidad de 15 niveles anidados. Conviene aplicar cláusulas de guarda (early returns) o descomponer en funciones auxiliares.
Typecheck + Tests + Verificaciones	UNKNOWN STEP	2026-09-07T13:33:44.1997463Z 
Typecheck + Tests + Verificaciones	UNKNOWN STEP	2026-09-07T13:33:44.1997905Z   * app/(tabs)/clientes.web.tsx supera el límite de tamaño (5015 líneas > 450) app/(tabs)/clientes.web.tsx:1
Typecheck + Tests + Verificaciones	UNKNOWN STEP	2026-09-07T13:33:44.1999034Z     El componente tiene 5015 líneas. Se recomienda modularizar y extraer subcomponentes o custom hooks para optimizar el ciclo de render y mejorar la mantenibilidad.
Typecheck + Tests + Verificaciones	UNKNOWN STEP	2026-09-07T13:33:44.1999651Z 
Typecheck + Tests + Verificaciones	UNKNOWN STEP	2026-09-07T13:33:44.2000064Z   * app/(tabs)/clientes.web.tsx tiene complejidad/anidamiento excesivo (nivel 51 > 4) app/(tabs)/clientes.web.tsx:1
Typecheck + Tests + Verificaciones	UNKNOWN STEP	2026-09-07T13:33:44.2001241Z     Se detectaron bloques de control con profundidad de 51 niveles anidados. Conviene aplicar cláusulas de guarda (early returns) o descomponer en funciones auxiliares.
Typecheck + Tests + Verificaciones	UNKNOWN STEP	2026-09-07T13:33:44.2001863Z 
Typecheck + Tests + Verificaciones	UNKNOWN STEP	2026-09-07T13:33:44.2002362Z   * app/(tabs)/configuracion.web.tsx supera el límite de tamaño (6592 líneas > 450) app/(tabs)/configuracion.web.tsx:1
Typecheck + Tests + Verificaciones	UNKNOWN STEP	2026-09-07T13:33:44.2003501Z     El componente tiene 6592 líneas. Se recomienda modularizar y extraer subcomponentes o custom hooks para optimizar el ciclo de render y mejorar la mantenibilidad.
Typecheck + Tests + Verificaciones	UNKNOWN STEP	2026-09-07T13:33:44.2004115Z 
Typecheck + Tests + Verificaciones	UNKNOWN STEP	2026-09-07T13:33:44.2004575Z   * app/(tabs)/configuracion.web.tsx tiene complejidad/anidamiento excesivo (nivel 50 > 4) app/(tabs)/configuracion.web.tsx:1
Typecheck + Tests + Verificaciones	UNKNOWN STEP	2026-09-07T13:33:44.2005781Z     Se detectaron bloques de control con profundidad de 50 niveles anidados. Conviene aplicar cláusulas de guarda (early returns) o descomponer en funciones auxiliares.
Typecheck + Tests + Verificaciones	UNKNOWN STEP	2026-09-07T13:33:44.2006627Z 
Typecheck + Tests + Verificaciones	UNKNOWN STEP	2026-09-07T13:33:44.2007046Z   * app/(tabs)/equipo.tsx supera el límite de tamaño (615 líneas > 450) app/(tabs)/equipo.tsx:1
Typecheck + Tests + Verificaciones	UNKNOWN STEP	2026-09-07T13:33:44.2008121Z     El componente tiene 615 líneas. Se recomienda modularizar y extraer subcomponentes o custom hooks para optimizar el ciclo de render y mejorar la mantenibilidad.
Typecheck + Tests + Verificaciones	UNKNOWN STEP	2026-09-07T13:33:44.2008727Z 
Typecheck + Tests + Verificaciones	UNKNOWN STEP	2026-09-07T13:33:44.2009091Z   * app/(tabs)/equipo.tsx tiene complejidad/anidamiento excesivo (nivel 8 > 4) app/(tabs)/equipo.tsx:1
Typecheck + Tests + Verificaciones	UNKNOWN STEP	2026-09-07T13:33:44.2010206Z     Se detectaron bloques de control con profundidad de 8 niveles anidados. Conviene aplicar cláusulas de guarda (early returns) o descomponer en funciones auxiliares.
Typecheck + Tests + Verificaciones	UNKNOWN STEP	2026-09-07T13:33:44.2010978Z 
Typecheck + Tests + Verificaciones	UNKNOWN STEP	2026-09-07T13:33:44.2011410Z   * app/(tabs)/equipo.web.tsx supera el límite de tamaño (3729 líneas > 450) app/(tabs)/equipo.web.tsx:1
Typecheck + Tests + Verificaciones	UNKNOWN STEP	2026-09-07T13:33:44.2012507Z     El componente tiene 3729 líneas. Se recomienda modularizar y extraer subcomponentes o custom hooks para optimizar el ciclo de render y mejorar la mantenibilidad.
Typecheck + Tests + Verificaciones	UNKNOWN STEP	2026-09-07T13:33:44.2013119Z 
Typecheck + Tests + Verificaciones	UNKNOWN STEP	2026-09-07T13:33:44.2013633Z   * app/(tabs)/equipo.web.tsx tiene complejidad/anidamiento excesivo (nivel 27 > 4) app/(tabs)/equipo.web.tsx:1
Typecheck + Tests + Verificaciones	UNKNOWN STEP	2026-09-07T13:33:44.2014791Z     Se detectaron bloques de control con profundidad de 27 niveles anidados. Conviene aplicar cláusulas de guarda (early returns) o descomponer en funciones auxiliares.
Typecheck + Tests + Verificaciones	UNKNOWN STEP	2026-09-07T13:33:44.2015410Z 
Typecheck + Tests + Verificaciones	UNKNOWN STEP	2026-09-07T13:33:44.2015856Z   * app/(tabs)/informes.web.tsx supera el límite de tamaño (3264 líneas > 450) app/(tabs)/informes.web.tsx:1
Typecheck + Tests + Verificaciones	UNKNOWN STEP	2026-09-07T13:33:44.2017201Z     El componente tiene 3264 líneas. Se recomienda modularizar y extraer subcomponentes o custom hooks para optimizar el ciclo de render y mejorar la mantenibilidad.
Typecheck + Tests + Verificaciones	UNKNOWN STEP	2026-09-07T13:33:44.2017836Z 
Typecheck + Tests + Verificaciones	UNKNOWN STEP	2026-09-07T13:33:44.2018250Z   * app/(tabs)/informes.web.tsx tiene complejidad/anidamiento excesivo (nivel 21 > 4) app/(tabs)/informes.web.tsx:1
Typecheck + Tests + Verificaciones	UNKNOWN STEP	2026-09-07T13:33:44.2019424Z     Se detectaron bloques de control con profundidad de 21 niveles anidados. Conviene aplicar cláusulas de guarda (early returns) o descomponer en funciones auxiliares.
Typecheck + Tests + Verificaciones	UNKNOWN STEP	2026-09-07T13:33:44.2020042Z 
Typecheck + Tests + Verificaciones	UNKNOWN STEP	2026-09-07T13:33:44.2020502Z   * app/(tabs)/inventario.web.tsx supera el límite de tamaño (2428 líneas > 450) app/(tabs)/inventario.web.tsx:1
Typecheck + Tests + Verificaciones	UNKNOWN STEP	2026-09-07T13:33:44.2021621Z     El componente tiene 2428 líneas. Se recomienda modularizar y extraer subcomponentes o custom hooks para optimizar el ciclo de render y mejorar la mantenibilidad.
Typecheck + Tests + Verificaciones	UNKNOWN STEP	2026-09-07T13:33:44.2022233Z 
Typecheck + Tests + Verificaciones	UNKNOWN STEP	2026-09-07T13:33:44.2022661Z   * app/(tabs)/inventario.web.tsx tiene complejidad/anidamiento excesivo (nivel 16 > 4) app/(tabs)/inventario.web.tsx:1
Typecheck + Tests + Verificaciones	UNKNOWN STEP	2026-09-07T13:33:44.2023833Z     Se detectaron bloques de control con profundidad de 16 niveles anidados. Conviene aplicar cláusulas de guarda (early returns) o descomponer en funciones auxiliares.
Typecheck + Tests + Verificaciones	UNKNOWN STEP	2026-09-07T13:33:44.2024463Z 
Typecheck + Tests + Verificaciones	UNKNOWN STEP	2026-09-07T13:33:44.2024934Z   * app/(tabs)/lista-espera.web.tsx supera el límite de tamaño (653 líneas > 450) app/(tabs)/lista-espera.web.tsx:1
Typecheck + Tests + Verificaciones	UNKNOWN STEP	2026-09-07T13:33:44.2026309Z     El componente tiene 653 líneas. Se recomienda modularizar y extraer subcomponentes o custom hooks para optimizar el ciclo de render y mejorar la mantenibilidad.
Typecheck + Tests + Verificaciones	UNKNOWN STEP	2026-09-07T13:33:44.2026942Z 
Typecheck + Tests + Verificaciones	UNKNOWN STEP	2026-09-07T13:33:44.2027404Z   * app/(tabs)/lista-espera.web.tsx tiene complejidad/anidamiento excesivo (nivel 10 > 4) app/(tabs)/lista-espera.web.tsx:1
Typecheck + Tests + Verificaciones	UNKNOWN STEP	2026-09-07T13:33:44.2028605Z     Se detectaron bloques de control con profundidad de 10 niveles anidados. Conviene aplicar cláusulas de guarda (early returns) o descomponer en funciones auxiliares.
Typecheck + Tests + Verificaciones	UNKNOWN STEP	2026-09-07T13:33:44.2029223Z 
Typecheck + Tests + Verificaciones	UNKNOWN STEP	2026-09-07T13:33:44.2029684Z   * app/(tabs)/mi-jornada.web.tsx supera el límite de tamaño (1522 líneas > 450) app/(tabs)/mi-jornada.web.tsx:1
Typecheck + Tests + Verificaciones	UNKNOWN STEP	2026-09-07T13:33:44.2030811Z     El componente tiene 1522 líneas. Se recomienda modularizar y extraer subcomponentes o custom hooks para optimizar el ciclo de render y mejorar la mantenibilidad.
Typecheck + Tests + Verificaciones	UNKNOWN STEP	2026-09-07T13:33:44.2031426Z 
Typecheck + Tests + Verificaciones	UNKNOWN STEP	2026-09-07T13:33:44.2031862Z   * app/(tabs)/mi-jornada.web.tsx tiene complejidad/anidamiento excesivo (nivel 12 > 4) app/(tabs)/mi-jornada.web.tsx:1
Typecheck + Tests + Verificaciones	UNKNOWN STEP	2026-09-07T13:33:44.2033040Z     Se detectaron bloques de control con profundidad de 12 niveles anidados. Conviene aplicar cláusulas de guarda (early returns) o descomponer en funciones auxiliares.
Typecheck + Tests + Verificaciones	UNKNOWN STEP	2026-09-07T13:33:44.2033650Z 
Typecheck + Tests + Verificaciones	UNKNOWN STEP	2026-09-07T13:33:44.2034125Z   * app/(tabs)/presupuestos.web.tsx supera el límite de tamaño (966 líneas > 450) app/(tabs)/presupuestos.web.tsx:1
Typecheck + Tests + Verificaciones	UNKNOWN STEP	2026-09-07T13:33:44.2044982Z     El componente tiene 966 líneas. Se recomienda modularizar y extraer subcomponentes o custom hooks para optimizar el ciclo de render y mejorar la mantenibilidad.
Typecheck + Tests + Verificaciones	UNKNOWN STEP	2026-09-07T13:33:44.2045898Z 
Typecheck + Tests + Verificaciones	UNKNOWN STEP	2026-09-07T13:33:44.2046731Z   * app/(tabs)/presupuestos.web.tsx tiene complejidad/anidamiento excesivo (nivel 13 > 4) app/(tabs)/presupuestos.web.tsx:1
Typecheck + Tests + Verificaciones	UNKNOWN STEP	2026-09-07T13:33:44.2048063Z     Se detectaron bloques de control con profundidad de 13 niveles anidados. Conviene aplicar cláusulas de guarda (early returns) o descomponer en funciones auxiliares.
Typecheck + Tests + Verificaciones	UNKNOWN STEP	2026-09-07T13:33:44.2048700Z 
Typecheck + Tests + Verificaciones	UNKNOWN STEP	2026-09-07T13:33:44.2049300Z   * app/(tabs)/resenas.web.tsx supera el límite de tamaño (773 líneas > 450) app/(tabs)/resenas.web.tsx:1
Typecheck + Tests + Verificaciones	UNKNOWN STEP	2026-09-07T13:33:44.2050452Z     El componente tiene 773 líneas. Se recomienda modularizar y extraer subcomponentes o custom hooks para optimizar el ciclo de render y mejorar la mantenibilidad.
Typecheck + Tests + Verificaciones	UNKNOWN STEP	2026-09-07T13:33:44.2051079Z 
Typecheck + Tests + Verificaciones	UNKNOWN STEP	2026-09-07T13:33:44.2051494Z   * app/(tabs)/resenas.web.tsx tiene complejidad/anidamiento excesivo (nivel 11 > 4) app/(tabs)/resenas.web.tsx:1
Typecheck + Tests + Verificaciones	UNKNOWN STEP	2026-09-07T13:33:44.2052665Z     Se detectaron bloques de control con profundidad de 11 niveles anidados. Conviene aplicar cláusulas de guarda (early returns) o descomponer en funciones auxiliares.
Typecheck + Tests + Verificaciones	UNKNOWN STEP	2026-09-07T13:33:44.2053303Z 
Typecheck + Tests + Verificaciones	UNKNOWN STEP	2026-09-07T13:33:44.2053658Z   * app/_layout.tsx supera el límite de tamaño (463 líneas > 450) app/_layout.tsx:1
Typecheck + Tests + Verificaciones	UNKNOWN STEP	2026-09-07T13:33:44.2054693Z     El componente tiene 463 líneas. Se recomienda modularizar y extraer subcomponentes o custom hooks para optimizar el ciclo de render y mejorar la mantenibilidad.
Typecheck + Tests + Verificaciones	UNKNOWN STEP	2026-09-07T13:33:44.2055316Z 
Typecheck + Tests + Verificaciones	UNKNOWN STEP	2026-09-07T13:33:44.2055636Z   * app/_layout.tsx tiene complejidad/anidamiento excesivo (nivel 7 > 4) app/_layout.tsx:1
Typecheck + Tests + Verificaciones	UNKNOWN STEP	2026-09-07T13:33:44.2057006Z     Se detectaron bloques de control con profundidad de 7 niveles anidados. Conviene aplicar cláusulas de guarda (early returns) o descomponer en funciones auxiliares.
Typecheck + Tests + Verificaciones	UNKNOWN STEP	2026-09-07T13:33:44.2057632Z 
Typecheck + Tests + Verificaciones	UNKNOWN STEP	2026-09-07T13:33:44.2058029Z   * app/cita/[id].web.tsx supera el límite de tamaño (677 líneas > 450) app/cita/[id].web.tsx:1
Typecheck + Tests + Verificaciones	UNKNOWN STEP	2026-09-07T13:33:44.2059103Z     El componente tiene 677 líneas. Se recomienda modularizar y extraer subcomponentes o custom hooks para optimizar el ciclo de render y mejorar la mantenibilidad.
Typecheck + Tests + Verificaciones	UNKNOWN STEP	2026-09-07T13:33:44.2059728Z 
Typecheck + Tests + Verificaciones	UNKNOWN STEP	2026-09-07T13:33:44.2060093Z   * app/cita/[id].web.tsx tiene complejidad/anidamiento excesivo (nivel 14 > 4) app/cita/[id].web.tsx:1
Typecheck + Tests + Verificaciones	UNKNOWN STEP	2026-09-07T13:33:44.2061226Z     Se detectaron bloques de control con profundidad de 14 niveles anidados. Conviene aplicar cláusulas de guarda (early returns) o descomponer en funciones auxiliares.
Typecheck + Tests + Verificaciones	UNKNOWN STEP	2026-09-07T13:33:44.2061848Z 
Typecheck + Tests + Verificaciones	UNKNOWN STEP	2026-09-07T13:33:44.2062141Z   * app/login.tsx tiene complejidad/anidamiento excesivo (nivel 7 > 4) app/login.tsx:1
Typecheck + Tests + Verificaciones	UNKNOWN STEP	2026-09-07T13:33:44.2063200Z     Se detectaron bloques de control con profundidad de 7 niveles anidados. Conviene aplicar cláusulas de guarda (early returns) o descomponer en funciones auxiliares.
Typecheck + Tests + Verificaciones	UNKNOWN STEP	2026-09-07T13:33:44.2063816Z 
Typecheck + Tests + Verificaciones	UNKNOWN STEP	2026-09-07T13:33:44.2064214Z   * app/pagar/[token].web.tsx tiene complejidad/anidamiento excesivo (nivel 10 > 4) app/pagar/[token].web.tsx:1
Typecheck + Tests + Verificaciones	UNKNOWN STEP	2026-09-07T13:33:44.2065358Z     Se detectaron bloques de control con profundidad de 10 niveles anidados. Conviene aplicar cláusulas de guarda (early returns) o descomponer en funciones auxiliares.
Typecheck + Tests + Verificaciones	UNKNOWN STEP	2026-09-07T13:33:44.2066268Z 
Typecheck + Tests + Verificaciones	UNKNOWN STEP	2026-09-07T13:33:44.2066750Z   * app/presupuesto/[token].web.tsx tiene complejidad/anidamiento excesivo (nivel 13 > 4) app/presupuesto/[token].web.tsx:1
Typecheck + Tests + Verificaciones	UNKNOWN STEP	2026-09-07T13:33:44.2067986Z     Se detectaron bloques de control con profundidad de 13 niveles anidados. Conviene aplicar cláusulas de guarda (early returns) o descomponer en funciones auxiliares.
Typecheck + Tests + Verificaciones	UNKNOWN STEP	2026-09-07T13:33:44.2068607Z 
Typecheck + Tests + Verificaciones	UNKNOWN STEP	2026-09-07T13:33:44.2068999Z   * app/r/[slug].web.tsx supera el límite de tamaño (1485 líneas > 450) app/r/[slug].web.tsx:1
Typecheck + Tests + Verificaciones	UNKNOWN STEP	2026-09-07T13:33:44.2070070Z     El componente tiene 1485 líneas. Se recomienda modularizar y extraer subcomponentes o custom hooks para optimizar el ciclo de render y mejorar la mantenibilidad.
Typecheck + Tests + Verificaciones	UNKNOWN STEP	2026-09-07T13:33:44.2070698Z 
Typecheck + Tests + Verificaciones	UNKNOWN STEP	2026-09-07T13:33:44.2071056Z   * app/r/[slug].web.tsx tiene complejidad/anidamiento excesivo (nivel 14 > 4) app/r/[slug].web.tsx:1
Typecheck + Tests + Verificaciones	UNKNOWN STEP	2026-09-07T13:33:44.2072338Z     Se detectaron bloques de control con profundidad de 14 niveles anidados. Conviene aplicar cláusulas de guarda (early returns) o descomponer en funciones auxiliares.
Typecheck + Tests + Verificaciones	UNKNOWN STEP	2026-09-07T13:33:44.2072950Z 
Typecheck + Tests + Verificaciones	UNKNOWN STEP	2026-09-07T13:33:44.2073438Z   * app/screens/agenda-detalle.tsx supera el límite de tamaño (971 líneas > 450) app/screens/agenda-detalle.tsx:1
Typecheck + Tests + Verificaciones	UNKNOWN STEP	2026-09-07T13:33:44.2074691Z     El componente tiene 971 líneas. Se recomienda modularizar y extraer subcomponentes o custom hooks para optimizar el ciclo de render y mejorar la mantenibilidad.
Typecheck + Tests + Verificaciones	UNKNOWN STEP	2026-09-07T13:33:44.2075309Z 
Typecheck + Tests + Verificaciones	UNKNOWN STEP	2026-09-07T13:33:44.2075759Z   * app/screens/agenda-detalle.tsx tiene complejidad/anidamiento excesivo (nivel 15 > 4) app/screens/agenda-detalle.tsx:1
Typecheck + Tests + Verificaciones	UNKNOWN STEP	2026-09-07T13:33:44.2077280Z     Se detectaron bloques de control con profundidad de 15 niveles anidados. Conviene aplicar cláusulas de guarda (early returns) o descomponer en funciones auxiliares.
Typecheck + Tests + Verificaciones	UNKNOWN STEP	2026-09-07T13:33:44.2077908Z 
Typecheck + Tests + Verificaciones	UNKNOWN STEP	2026-09-07T13:33:44.2078394Z   * app/screens/configuracion.tsx supera el límite de tamaño (491 líneas > 450) app/screens/configuracion.tsx:1
Typecheck + Tests + Verificaciones	UNKNOWN STEP	2026-09-07T13:33:44.2079534Z     El componente tiene 491 líneas. Se recomienda modularizar y extraer subcomponentes o custom hooks para optimizar el ciclo de render y mejorar la mantenibilidad.
Typecheck + Tests + Verificaciones	UNKNOWN STEP	2026-09-07T13:33:44.2080147Z 
Typecheck + Tests + Verificaciones	UNKNOWN STEP	2026-09-07T13:33:44.2080607Z   * app/screens/nueva-cita.tsx supera el límite de tamaño (1056 líneas > 450) app/screens/nueva-cita.tsx:1
Typecheck + Tests + Verificaciones	UNKNOWN STEP	2026-09-07T13:33:44.2081718Z     El componente tiene 1056 líneas. Se recomienda modularizar y extraer subcomponentes o custom hooks para optimizar el ciclo de render y mejorar la mantenibilidad.
Typecheck + Tests + Verificaciones	UNKNOWN STEP	2026-09-07T13:33:44.2082330Z 
Typecheck + Tests + Verificaciones	UNKNOWN STEP	2026-09-07T13:33:44.2082745Z   * app/screens/nueva-cita.tsx tiene complejidad/anidamiento excesivo (nivel 9 > 4) app/screens/nueva-cita.tsx:1
Typecheck + Tests + Verificaciones	UNKNOWN STEP	2026-09-07T13:33:44.2083911Z     Se detectaron bloques de control con profundidad de 9 niveles anidados. Conviene aplicar cláusulas de guarda (early returns) o descomponer en funciones auxiliares.
Typecheck + Tests + Verificaciones	UNKNOWN STEP	2026-09-07T13:33:44.2084537Z 
Typecheck + Tests + Verificaciones	UNKNOWN STEP	2026-09-07T13:33:44.2085114Z   * components/acceso/GuardaSuscripcion.tsx supera el límite de tamaño (472 líneas > 450) components/acceso/GuardaSuscripcion.tsx:1
Typecheck + Tests + Verificaciones	UNKNOWN STEP	2026-09-07T13:33:44.2086463Z     El componente tiene 472 líneas. Se recomienda modularizar y extraer subcomponentes o custom hooks para optimizar el ciclo de render y mejorar la mantenibilidad.
Typecheck + Tests + Verificaciones	UNKNOWN STEP	2026-09-07T13:33:44.2087082Z 
Typecheck + Tests + Verificaciones	UNKNOWN STEP	2026-09-07T13:33:44.2087631Z   * components/agenda/AgendaCalendar.tsx supera el límite de tamaño (867 líneas > 450) components/agenda/AgendaCalendar.tsx:1
Typecheck + Tests + Verificaciones	UNKNOWN STEP	2026-09-07T13:33:44.2088813Z     El componente tiene 867 líneas. Se recomienda modularizar y extraer subcomponentes o custom hooks para optimizar el ciclo de render y mejorar la mantenibilidad.
Typecheck + Tests + Verificaciones	UNKNOWN STEP	2026-09-07T13:33:44.2089421Z 
Typecheck + Tests + Verificaciones	UNKNOWN STEP	2026-09-07T13:33:44.2089920Z   * components/agenda/AgendaCalendar.tsx tiene complejidad/anidamiento excesivo (nivel 7 > 4) components/agenda/AgendaCalendar.tsx:1
Typecheck + Tests + Verificaciones	UNKNOWN STEP	2026-09-07T13:33:44.2091144Z     Se detectaron bloques de control con profundidad de 7 niveles anidados. Conviene aplicar cláusulas de guarda (early returns) o descomponer en funciones auxiliares.
Typecheck + Tests + Verificaciones	UNKNOWN STEP	2026-09-07T13:33:44.2091767Z 
Typecheck + Tests + Verificaciones	UNKNOWN STEP	2026-09-07T13:33:44.2092343Z   * components/agenda/AgendaCalendar.web.tsx supera el límite de tamaño (7330 líneas > 450) components/agenda/AgendaCalendar.web.tsx:1
Typecheck + Tests + Verificaciones	UNKNOWN STEP	2026-09-07T13:33:44.2093553Z     El componente tiene 7330 líneas. Se recomienda modularizar y extraer subcomponentes o custom hooks para optimizar el ciclo de render y mejorar la mantenibilidad.
Typecheck + Tests + Verificaciones	UNKNOWN STEP	2026-09-07T13:33:44.2094168Z 
Typecheck + Tests + Verificaciones	UNKNOWN STEP	2026-09-07T13:33:44.2094696Z   * components/agenda/AgendaCalendar.web.tsx tiene complejidad/anidamiento excesivo (nivel 9 > 4) components/agenda/AgendaCalendar.web.tsx:1
Typecheck + Tests + Verificaciones	UNKNOWN STEP	2026-09-07T13:33:44.2096071Z     Se detectaron bloques de control con profundidad de 9 niveles anidados. Conviene aplicar cláusulas de guarda (early returns) o descomponer en funciones auxiliares.
Typecheck + Tests + Verificaciones	UNKNOWN STEP	2026-09-07T13:33:44.2096693Z 
Typecheck + Tests + Verificaciones	UNKNOWN STEP	2026-09-07T13:33:44.2097226Z   * components/agenda/BriefingAgenda.web.tsx tiene complejidad/anidamiento excesivo (nivel 7 > 4) components/agenda/BriefingAgenda.web.tsx:1
Typecheck + Tests + Verificaciones	UNKNOWN STEP	2026-09-07T13:33:44.2098645Z     Se detectaron bloques de control con profundidad de 7 niveles anidados. Conviene aplicar cláusulas de guarda (early returns) o descomponer en funciones auxiliares.
Typecheck + Tests + Verificaciones	UNKNOWN STEP	2026-09-07T13:33:44.2099264Z 
Typecheck + Tests + Verificaciones	UNKNOWN STEP	2026-09-07T13:33:44.2099926Z   * components/agenda/ChainFlowOverlay.web.tsx tiene complejidad/anidamiento excesivo (nivel 7 > 4) components/agenda/ChainFlowOverlay.web.tsx:1
Typecheck + Tests + Verificaciones	UNKNOWN STEP	2026-09-07T13:33:44.2101226Z     Se detectaron bloques de control con profundidad de 7 niveles anidados. Conviene aplicar cláusulas de guarda (early returns) o descomponer en funciones auxiliares.
Typecheck + Tests + Verificaciones	UNKNOWN STEP	2026-09-07T13:33:44.2101852Z 
Typecheck + Tests + Verificaciones	UNKNOWN STEP	2026-09-07T13:33:44.2102442Z   * components/agenda/FasesCitaPanel.web.tsx supera el límite de tamaño (552 líneas > 450) components/agenda/FasesCitaPanel.web.tsx:1
Typecheck + Tests + Verificaciones	UNKNOWN STEP	2026-09-07T13:33:44.2103646Z     El componente tiene 552 líneas. Se recomienda modularizar y extraer subcomponentes o custom hooks para optimizar el ciclo de render y mejorar la mantenibilidad.
Typecheck + Tests + Verificaciones	UNKNOWN STEP	2026-09-07T13:33:44.2104268Z 
Typecheck + Tests + Verificaciones	UNKNOWN STEP	2026-09-07T13:33:44.2104807Z   * components/agenda/FasesCitaPanel.web.tsx tiene complejidad/anidamiento excesivo (nivel 7 > 4) components/agenda/FasesCitaPanel.web.tsx:1
Typecheck + Tests + Verificaciones	UNKNOWN STEP	2026-09-07T13:33:44.2106210Z     Se detectaron bloques de control con profundidad de 7 niveles anidados. Conviene aplicar cláusulas de guarda (early returns) o descomponer en funciones auxiliares.
Typecheck + Tests + Verificaciones	UNKNOWN STEP	2026-09-07T13:33:44.2106832Z 
Typecheck + Tests + Verificaciones	UNKNOWN STEP	2026-09-07T13:33:44.2107475Z   * components/agenda/ListaEsperaPropuestaModal.web.tsx tiene complejidad/anidamiento excesivo (nivel 8 > 4) components/agenda/ListaEsperaPropuestaModal.web.tsx:1
Typecheck + Tests + Verificaciones	UNKNOWN STEP	2026-09-07T13:33:44.2108834Z     Se detectaron bloques de control con profundidad de 8 niveles anidados. Conviene aplicar cláusulas de guarda (early returns) o descomponer en funciones auxiliares.
Typecheck + Tests + Verificaciones	UNKNOWN STEP	2026-09-07T13:33:44.2109441Z 
Typecheck + Tests + Verificaciones	UNKNOWN STEP	2026-09-07T13:33:44.2110085Z   * components/agenda/OrganizarAgendaPanel.web.tsx supera el límite de tamaño (1260 líneas > 450) components/agenda/OrganizarAgendaPanel.web.tsx:1
Typecheck + Tests + Verificaciones	UNKNOWN STEP	2026-09-07T13:33:44.2111368Z     El componente tiene 1260 líneas. Se recomienda modularizar y extraer subcomponentes o custom hooks para optimizar el ciclo de render y mejorar la mantenibilidad.
Typecheck + Tests + Verificaciones	UNKNOWN STEP	2026-09-07T13:33:44.2111985Z 
Typecheck + Tests + Verificaciones	UNKNOWN STEP	2026-09-07T13:33:44.2112575Z   * components/agenda/OrganizarAgendaPanel.web.tsx tiene complejidad/anidamiento excesivo (nivel 9 > 4) components/agenda/OrganizarAgendaPanel.web.tsx:1
Typecheck + Tests + Verificaciones	UNKNOWN STEP	2026-09-07T13:33:44.2113886Z     Se detectaron bloques de control con profundidad de 9 niveles anidados. Conviene aplicar cláusulas de guarda (early returns) o descomponer en funciones auxiliares.
Typecheck + Tests + Verificaciones	UNKNOWN STEP	2026-09-07T13:33:44.2114496Z 
Typecheck + Tests + Verificaciones	UNKNOWN STEP	2026-09-07T13:33:44.2115107Z   * components/agenda/RetrasoEstrategiasModal.web.tsx tiene complejidad/anidamiento excesivo (nivel 8 > 4) components/agenda/RetrasoEstrategiasModal.web.tsx:1
Typecheck + Tests + Verificaciones	UNKNOWN STEP	2026-09-07T13:33:44.2116542Z     Se detectaron bloques de control con profundidad de 8 niveles anidados. Conviene aplicar cláusulas de guarda (early returns) o descomponer en funciones auxiliares.
Typecheck + Tests + Verificaciones	UNKNOWN STEP	2026-09-07T13:33:44.2117166Z 
Typecheck + Tests + Verificaciones	UNKNOWN STEP	2026-09-07T13:33:44.2117828Z   * components/agenda/modals/DetalleCitaModal.web.tsx supera el límite de tamaño (7186 líneas > 450) components/agenda/modals/DetalleCitaModal.web.tsx:1
Typecheck + Tests + Verificaciones	UNKNOWN STEP	2026-09-07T13:33:44.2119103Z     El componente tiene 7186 líneas. Se recomienda modularizar y extraer subcomponentes o custom hooks para optimizar el ciclo de render y mejorar la mantenibilidad.
Typecheck + Tests + Verificaciones	UNKNOWN STEP	2026-09-07T13:33:44.2119722Z 
Typecheck + Tests + Verificaciones	UNKNOWN STEP	2026-09-07T13:33:44.2120332Z   * components/agenda/modals/DetalleCitaModal.web.tsx tiene complejidad/anidamiento excesivo (nivel 10 > 4) components/agenda/modals/DetalleCitaModal.web.tsx:1
Typecheck + Tests + Verificaciones	UNKNOWN STEP	2026-09-07T13:33:44.2121662Z     Se detectaron bloques de control con profundidad de 10 niveles anidados. Conviene aplicar cláusulas de guarda (early returns) o descomponer en funciones auxiliares.
Typecheck + Tests + Verificaciones	UNKNOWN STEP	2026-09-07T13:33:44.2122274Z 
Typecheck + Tests + Verificaciones	UNKNOWN STEP	2026-09-07T13:33:44.2122894Z   * components/agenda/modals/NewCitaModal.web.tsx supera el límite de tamaño (4681 líneas > 450) components/agenda/modals/NewCitaModal.web.tsx:1
Typecheck + Tests + Verificaciones	UNKNOWN STEP	2026-09-07T13:33:44.2124288Z     El componente tiene 4681 líneas. Se recomienda modularizar y extraer subcomponentes o custom hooks para optimizar el ciclo de render y mejorar la mantenibilidad.
Typecheck + Tests + Verificaciones	UNKNOWN STEP	2026-09-07T13:33:44.2124909Z 
Typecheck + Tests + Verificaciones	UNKNOWN STEP	2026-09-07T13:33:44.2125583Z   * components/agenda/modals/NewCitaModal.web.tsx tiene complejidad/anidamiento excesivo (nivel 9 > 4) components/agenda/modals/NewCitaModal.web.tsx:1
Typecheck + Tests + Verificaciones	UNKNOWN STEP	2026-09-07T13:33:44.2127023Z     Se detectaron bloques de control con profundidad de 9 niveles anidados. Conviene aplicar cláusulas de guarda (early returns) o descomponer en funciones auxiliares.
Typecheck + Tests + Verificaciones	UNKNOWN STEP	2026-09-07T13:33:44.2127640Z 
Typecheck + Tests + Verificaciones	UNKNOWN STEP	2026-09-07T13:33:44.2128308Z   * components/agenda/modals/ReservaGrupoModal.web.tsx supera el límite de tamaño (611 líneas > 450) components/agenda/modals/ReservaGrupoModal.web.tsx:1
Typecheck + Tests + Verificaciones	UNKNOWN STEP	2026-09-07T13:33:44.2129583Z     El componente tiene 611 líneas. Se recomienda modularizar y extraer subcomponentes o custom hooks para optimizar el ciclo de render y mejorar la mantenibilidad.
Typecheck + Tests + Verificaciones	UNKNOWN STEP	2026-09-07T13:33:44.2130208Z 
Typecheck + Tests + Verificaciones	UNKNOWN STEP	2026-09-07T13:33:44.2130727Z   * components/agenda/ui/atomos.web.tsx supera el límite de tamaño (983 líneas > 450) components/agenda/ui/atomos.web.tsx:1
Typecheck + Tests + Verificaciones	UNKNOWN STEP	2026-09-07T13:33:44.2131878Z     El componente tiene 983 líneas. Se recomienda modularizar y extraer subcomponentes o custom hooks para optimizar el ciclo de render y mejorar la mantenibilidad.
Typecheck + Tests + Verificaciones	UNKNOWN STEP	2026-09-07T13:33:44.2132488Z 
Typecheck + Tests + Verificaciones	UNKNOWN STEP	2026-09-07T13:33:44.2133069Z   * components/agenda/views/VistaDiaLista.web.tsx tiene complejidad/anidamiento excesivo (nivel 7 > 4) components/agenda/views/VistaDiaLista.web.tsx:1
Typecheck + Tests + Verificaciones	UNKNOWN STEP	2026-09-07T13:33:44.2134365Z     Se detectaron bloques de control con profundidad de 7 niveles anidados. Conviene aplicar cláusulas de guarda (early returns) o descomponer en funciones auxiliares.
Typecheck + Tests + Verificaciones	UNKNOWN STEP	2026-09-07T13:33:44.2134974Z 
Typecheck + Tests + Verificaciones	UNKNOWN STEP	2026-09-07T13:33:44.2135611Z   * components/agenda/views/VistasSemanaMes.web.tsx supera el límite de tamaño (1411 líneas > 450) components/agenda/views/VistasSemanaMes.web.tsx:1
Typecheck + Tests + Verificaciones	UNKNOWN STEP	2026-09-07T13:33:44.2136996Z     El componente tiene 1411 líneas. Se recomienda modularizar y extraer subcomponentes o custom hooks para optimizar el ciclo de render y mejorar la mantenibilidad.
Typecheck + Tests + Verificaciones	UNKNOWN STEP	2026-09-07T13:33:44.2137614Z 
Typecheck + Tests + Verificaciones	UNKNOWN STEP	2026-09-07T13:33:44.2138192Z   * components/agenda/views/VistasSemanaMes.web.tsx tiene complejidad/anidamiento excesivo (nivel 9 > 4) components/agenda/views/VistasSemanaMes.web.tsx:1
Typecheck + Tests + Verificaciones	UNKNOWN STEP	2026-09-07T13:33:44.2139508Z     Se detectaron bloques de control con profundidad de 9 niveles anidados. Conviene aplicar cláusulas de guarda (early returns) o descomponer en funciones auxiliares.
Typecheck + Tests + Verificaciones	UNKNOWN STEP	2026-09-07T13:33:44.2140121Z 
Typecheck + Tests + Verificaciones	UNKNOWN STEP	2026-09-07T13:33:44.2140846Z   * components/agenda/views/timeline/AppointmentCard.web.tsx supera el límite de tamaño (1308 líneas > 450) components/agenda/views/timeline/AppointmentCard.web.tsx:1
Typecheck + Tests + Verificaciones	UNKNOWN STEP	2026-09-07T13:33:44.2142161Z     El componente tiene 1308 líneas. Se recomienda modularizar y extraer subcomponentes o custom hooks para optimizar el ciclo de render y mejorar la mantenibilidad.
Typecheck + Tests + Verificaciones	UNKNOWN STEP	2026-09-07T13:33:44.2142785Z 
Typecheck + Tests + Verificaciones	UNKNOWN STEP	2026-09-07T13:33:44.2143447Z   * components/agenda/views/timeline/AppointmentCard.web.tsx tiene complejidad/anidamiento excesivo (nivel 12 > 4) components/agenda/views/timeline/AppointmentCard.web.tsx:1
Typecheck + Tests + Verificaciones	UNKNOWN STEP	2026-09-07T13:33:44.2144829Z     Se detectaron bloques de control con profundidad de 12 niveles anidados. Conviene aplicar cláusulas de guarda (early returns) o descomponer en funciones auxiliares.
Typecheck + Tests + Verificaciones	UNKNOWN STEP	2026-09-07T13:33:44.2145444Z 
Typecheck + Tests + Verificaciones	UNKNOWN STEP	2026-09-07T13:33:44.2146339Z   * components/agenda/views/timeline/ProfessionalColumn.web.tsx supera el límite de tamaño (726 líneas > 450) components/agenda/views/timeline/ProfessionalColumn.web.tsx:1
Typecheck + Tests + Verificaciones	UNKNOWN STEP	2026-09-07T13:33:44.2147702Z     El componente tiene 726 líneas. Se recomienda modularizar y extraer subcomponentes o custom hooks para optimizar el ciclo de render y mejorar la mantenibilidad.
Typecheck + Tests + Verificaciones	UNKNOWN STEP	2026-09-07T13:33:44.2148316Z 
Typecheck + Tests + Verificaciones	UNKNOWN STEP	2026-09-07T13:33:44.2148998Z   * components/agenda/views/timeline/ProfessionalColumn.web.tsx tiene complejidad/anidamiento excesivo (nivel 8 > 4) components/agenda/views/timeline/ProfessionalColumn.web.tsx:1
Typecheck + Tests + Verificaciones	UNKNOWN STEP	2026-09-07T13:33:44.2150577Z     Se detectaron bloques de control con profundidad de 8 niveles anidados. Conviene aplicar cláusulas de guarda (early returns) o descomponer en funciones auxiliares.
Typecheck + Tests + Verificaciones	UNKNOWN STEP	2026-09-07T13:33:44.2151194Z 
Typecheck + Tests + Verificaciones	UNKNOWN STEP	2026-09-07T13:33:44.2152002Z   * components/agenda/views/timeline/Timeline.web.tsx supera el límite de tamaño (2437 líneas > 450) components/agenda/views/timeline/Timeline.web.tsx:1
Typecheck + Tests + Verificaciones	UNKNOWN STEP	2026-09-07T13:33:44.2153270Z     El componente tiene 2437 líneas. Se recomienda modularizar y extraer subcomponentes o custom hooks para optimizar el ciclo de render y mejorar la mantenibilidad.
Typecheck + Tests + Verificaciones	UNKNOWN STEP	2026-09-07T13:33:44.2153883Z 
Typecheck + Tests + Verificaciones	UNKNOWN STEP	2026-09-07T13:33:44.2154478Z   * components/agenda/views/timeline/Timeline.web.tsx tiene complejidad/anidamiento excesivo (nivel 11 > 4) components/agenda/views/timeline/Timeline.web.tsx:1
Typecheck + Tests + Verificaciones	UNKNOWN STEP	2026-09-07T13:33:44.2155788Z     Se detectaron bloques de control con profundidad de 11 niveles anidados. Conviene aplicar cláusulas de guarda (early returns) o descomponer en funciones auxiliares.
Typecheck + Tests + Verificaciones	UNKNOWN STEP	2026-09-07T13:33:44.2156543Z 
Typecheck + Tests + Verificaciones	UNKNOWN STEP	2026-09-07T13:33:44.2157042Z   * components/avisos/AvisosBell.web.tsx tiene complejidad/anidamiento excesivo (nivel 7 > 4) components/avisos/AvisosBell.web.tsx:1
Typecheck + Tests + Verificaciones	UNKNOWN STEP	2026-09-07T13:33:44.2158277Z     Se detectaron bloques de control con profundidad de 7 niveles anidados. Conviene aplicar cláusulas de guarda (early returns) o descomponer en funciones auxiliares.
Typecheck + Tests + Verificaciones	UNKNOWN STEP	2026-09-07T13:33:44.2158883Z 
Typecheck + Tests + Verificaciones	UNKNOWN STEP	2026-09-07T13:33:44.2159455Z   * components/chispa/BloqueRenderer.web.tsx supera el límite de tamaño (752 líneas > 450) components/chispa/BloqueRenderer.web.tsx:1
Typecheck + Tests + Verificaciones	UNKNOWN STEP	2026-09-07T13:33:44.2160652Z     El componente tiene 752 líneas. Se recomienda modularizar y extraer subcomponentes o custom hooks para optimizar el ciclo de render y mejorar la mantenibilidad.
Typecheck + Tests + Verificaciones	UNKNOWN STEP	2026-09-07T13:33:44.2161265Z 
Typecheck + Tests + Verificaciones	UNKNOWN STEP	2026-09-07T13:33:44.2161795Z   * components/chispa/BloqueRenderer.web.tsx tiene complejidad/anidamiento excesivo (nivel 14 > 4) components/chispa/BloqueRenderer.web.tsx:1
Typecheck + Tests + Verificaciones	UNKNOWN STEP	2026-09-07T13:33:44.2163080Z     Se detectaron bloques de control con profundidad de 14 niveles anidados. Conviene aplicar cláusulas de guarda (early returns) o descomponer en funciones auxiliares.
Typecheck + Tests + Verificaciones	UNKNOWN STEP	2026-09-07T13:33:44.2163699Z 
Typecheck + Tests + Verificaciones	UNKNOWN STEP	2026-09-07T13:33:44.2164252Z   * components/chispa/ChispaPanel.web.tsx supera el límite de tamaño (1988 líneas > 450) components/chispa/ChispaPanel.web.tsx:1
Typecheck + Tests + Verificaciones	UNKNOWN STEP	2026-09-07T13:33:44.2165444Z     El componente tiene 1988 líneas. Se recomienda modularizar y extraer subcomponentes o custom hooks para optimizar el ciclo de render y mejorar la mantenibilidad.
Typecheck + Tests + Verificaciones	UNKNOWN STEP	2026-09-07T13:33:44.2166167Z 
Typecheck + Tests + Verificaciones	UNKNOWN STEP	2026-09-07T13:33:44.2166678Z   * components/chispa/ChispaPanel.web.tsx tiene complejidad/anidamiento excesivo (nivel 11 > 4) components/chispa/ChispaPanel.web.tsx:1
Typecheck + Tests + Verificaciones	UNKNOWN STEP	2026-09-07T13:33:44.2167916Z     Se detectaron bloques de control con profundidad de 11 niveles anidados. Conviene aplicar cláusulas de guarda (early returns) o descomponer en funciones auxiliares.
Typecheck + Tests + Verificaciones	UNKNOWN STEP	2026-09-07T13:33:44.2168532Z 
Typecheck + Tests + Verificaciones	UNKNOWN STEP	2026-09-07T13:33:44.2169076Z   * components/chispa/TarjetaAyudaIA.web.tsx tiene complejidad/anidamiento excesivo (nivel 11 > 4) components/chispa/TarjetaAyudaIA.web.tsx:1
Typecheck + Tests + Verificaciones	UNKNOWN STEP	2026-09-07T13:33:44.2170342Z     Se detectaron bloques de control con profundidad de 11 niveles anidados. Conviene aplicar cláusulas de guarda (early returns) o descomponer en funciones auxiliares.
Typecheck + Tests + Verificaciones	UNKNOWN STEP	2026-09-07T13:33:44.2170946Z 
Typecheck + Tests + Verificaciones	UNKNOWN STEP	2026-09-07T13:33:44.2171468Z   * components/chispa/TourLauncher.web.tsx tiene complejidad/anidamiento excesivo (nivel 8 > 4) components/chispa/TourLauncher.web.tsx:1
Typecheck + Tests + Verificaciones	UNKNOWN STEP	2026-09-07T13:33:44.2172712Z     Se detectaron bloques de control con profundidad de 8 niveles anidados. Conviene aplicar cláusulas de guarda (early returns) o descomponer en funciones auxiliares.
Typecheck + Tests + Verificaciones	UNKNOWN STEP	2026-09-07T13:33:44.2173325Z 
Typecheck + Tests + Verificaciones	UNKNOWN STEP	2026-09-07T13:33:44.2173910Z   * components/clientes/InstagramPostModal.web.tsx tiene complejidad/anidamiento excesivo (nivel 9 > 4) components/clientes/InstagramPostModal.web.tsx:1
Typecheck + Tests + Verificaciones	UNKNOWN STEP	2026-09-07T13:33:44.2175221Z     Se detectaron bloques de control con profundidad de 9 niveles anidados. Conviene aplicar cláusulas de guarda (early returns) o descomponer en funciones auxiliares.
Typecheck + Tests + Verificaciones	UNKNOWN STEP	2026-09-07T13:33:44.2176113Z 
Typecheck + Tests + Verificaciones	UNKNOWN STEP	2026-09-07T13:33:44.2176677Z   * components/cola/ColaDiaPanel.web.tsx supera el límite de tamaño (603 líneas > 450) components/cola/ColaDiaPanel.web.tsx:1
Typecheck + Tests + Verificaciones	UNKNOWN STEP	2026-09-07T13:33:44.2177990Z     El componente tiene 603 líneas. Se recomienda modularizar y extraer subcomponentes o custom hooks para optimizar el ciclo de render y mejorar la mantenibilidad.
Typecheck + Tests + Verificaciones	UNKNOWN STEP	2026-09-07T13:33:44.2178615Z 
Typecheck + Tests + Verificaciones	UNKNOWN STEP	2026-09-07T13:33:44.2179248Z   * components/config/ModalImportarTarifasIA.tsx supera el límite de tamaño (676 líneas > 450) components/config/ModalImportarTarifasIA.tsx:1
Typecheck + Tests + Verificaciones	UNKNOWN STEP	2026-09-07T13:33:44.2180492Z     El componente tiene 676 líneas. Se recomienda modularizar y extraer subcomponentes o custom hooks para optimizar el ciclo de render y mejorar la mantenibilidad.
Typecheck + Tests + Verificaciones	UNKNOWN STEP	2026-09-07T13:33:44.2181103Z 
Typecheck + Tests + Verificaciones	UNKNOWN STEP	2026-09-07T13:33:44.2181728Z   * components/config/ModalTecnificarCatalogo.tsx supera el límite de tamaño (905 líneas > 450) components/config/ModalTecnificarCatalogo.tsx:1
Typecheck + Tests + Verificaciones	UNKNOWN STEP	2026-09-07T13:33:44.2182980Z     El componente tiene 905 líneas. Se recomienda modularizar y extraer subcomponentes o custom hooks para optimizar el ciclo de render y mejorar la mantenibilidad.
Typecheck + Tests + Verificaciones	UNKNOWN STEP	2026-09-07T13:33:44.2183584Z 
Typecheck + Tests + Verificaciones	UNKNOWN STEP	2026-09-07T13:33:44.2184173Z   * components/config/ModalTecnificarCatalogo.tsx tiene complejidad/anidamiento excesivo (nivel 9 > 4) components/config/ModalTecnificarCatalogo.tsx:1
Typecheck + Tests + Verificaciones	UNKNOWN STEP	2026-09-07T13:33:44.2185485Z     Se detectaron bloques de control con profundidad de 9 niveles anidados. Conviene aplicar cláusulas de guarda (early returns) o descomponer en funciones auxiliares.
Typecheck + Tests + Verificaciones	UNKNOWN STEP	2026-09-07T13:33:44.2186228Z 
Typecheck + Tests + Verificaciones	UNKNOWN STEP	2026-09-07T13:33:44.2186843Z   * components/config/SeccionSuscripcion.web.tsx supera el límite de tamaño (475 líneas > 450) components/config/SeccionSuscripcion.web.tsx:1
Typecheck + Tests + Verificaciones	UNKNOWN STEP	2026-09-07T13:33:44.2188080Z     El componente tiene 475 líneas. Se recomienda modularizar y extraer subcomponentes o custom hooks para optimizar el ciclo de render y mejorar la mantenibilidad.
Typecheck + Tests + Verificaciones	UNKNOWN STEP	2026-09-07T13:33:44.2188701Z 
Typecheck + Tests + Verificaciones	UNKNOWN STEP	2026-09-07T13:33:44.2189278Z   * components/config/SeccionSuscripcion.web.tsx tiene complejidad/anidamiento excesivo (nivel 10 > 4) components/config/SeccionSuscripcion.web.tsx:1
Typecheck + Tests + Verificaciones	UNKNOWN STEP	2026-09-07T13:33:44.2190586Z     Se detectaron bloques de control con profundidad de 10 niveles anidados. Conviene aplicar cláusulas de guarda (early returns) o descomponer en funciones auxiliares.
Typecheck + Tests + Verificaciones	UNKNOWN STEP	2026-09-07T13:33:44.2191206Z 
Typecheck + Tests + Verificaciones	UNKNOWN STEP	2026-09-07T13:33:44.2191782Z   * components/config/TabMigracionMagica.tsx supera el límite de tamaño (822 líneas > 450) components/config/TabMigracionMagica.tsx:1
Typecheck + Tests + Verificaciones	UNKNOWN STEP	2026-09-07T13:33:44.2192981Z     El componente tiene 822 líneas. Se recomienda modularizar y extraer subcomponentes o custom hooks para optimizar el ciclo de render y mejorar la mantenibilidad.
Typecheck + Tests + Verificaciones	UNKNOWN STEP	2026-09-07T13:33:44.2193593Z 
Typecheck + Tests + Verificaciones	UNKNOWN STEP	2026-09-07T13:33:44.2194128Z   * components/config/TabMigracionMagica.tsx tiene complejidad/anidamiento excesivo (nivel 8 > 4) components/config/TabMigracionMagica.tsx:1
Typecheck + Tests + Verificaciones	UNKNOWN STEP	2026-09-07T13:33:44.2195537Z     Se detectaron bloques de control con profundidad de 8 niveles anidados. Conviene aplicar cláusulas de guarda (early returns) o descomponer en funciones auxiliares.
Typecheck + Tests + Verificaciones	UNKNOWN STEP	2026-09-07T13:33:44.2196275Z 
Typecheck + Tests + Verificaciones	UNKNOWN STEP	2026-09-07T13:33:44.2196866Z   * components/config/TabPresupuestoConceptos.tsx tiene complejidad/anidamiento excesivo (nivel 7 > 4) components/config/TabPresupuestoConceptos.tsx:1
Typecheck + Tests + Verificaciones	UNKNOWN STEP	2026-09-07T13:33:44.2198181Z     Se detectaron bloques de control con profundidad de 7 niveles anidados. Conviene aplicar cláusulas de guarda (early returns) o descomponer en funciones auxiliares.
Typecheck + Tests + Verificaciones	UNKNOWN STEP	2026-09-07T13:33:44.2198793Z 
Typecheck + Tests + Verificaciones	UNKNOWN STEP	2026-09-07T13:33:44.2199371Z   * components/config/TabRecompensas.web.tsx supera el límite de tamaño (1417 líneas > 450) components/config/TabRecompensas.web.tsx:1
Typecheck + Tests + Verificaciones	UNKNOWN STEP	2026-09-07T13:33:44.2200565Z     El componente tiene 1417 líneas. Se recomienda modularizar y extraer subcomponentes o custom hooks para optimizar el ciclo de render y mejorar la mantenibilidad.
Typecheck + Tests + Verificaciones	UNKNOWN STEP	2026-09-07T13:33:44.2201190Z 
Typecheck + Tests + Verificaciones	UNKNOWN STEP	2026-09-07T13:33:44.2201718Z   * components/config/TabRecompensas.web.tsx tiene complejidad/anidamiento excesivo (nivel 7 > 4) components/config/TabRecompensas.web.tsx:1
Typecheck + Tests + Verificaciones	UNKNOWN STEP	2026-09-07T13:33:44.2202972Z     Se detectaron bloques de control con profundidad de 7 niveles anidados. Conviene aplicar cláusulas de guarda (early returns) o descomponer en funciones auxiliares.
Typecheck + Tests + Verificaciones	UNKNOWN STEP	2026-09-07T13:33:44.2203584Z 
Typecheck + Tests + Verificaciones	UNKNOWN STEP	2026-09-07T13:33:44.2204280Z   * components/equipo/RendimientoEquipo.web.tsx tiene complejidad/anidamiento excesivo (nivel 10 > 4) components/equipo/RendimientoEquipo.web.tsx:1
Typecheck + Tests + Verificaciones	UNKNOWN STEP	2026-09-07T13:33:44.2205583Z     Se detectaron bloques de control con profundidad de 10 niveles anidados. Conviene aplicar cláusulas de guarda (early returns) o descomponer en funciones auxiliares.
Typecheck + Tests + Verificaciones	UNKNOWN STEP	2026-09-07T13:33:44.2206325Z 
Typecheck + Tests + Verificaciones	UNKNOWN STEP	2026-09-07T13:33:44.2206869Z   * components/informes/AuditoriaSection.tsx tiene complejidad/anidamiento excesivo (nivel 7 > 4) components/informes/AuditoriaSection.tsx:1
Typecheck + Tests + Verificaciones	UNKNOWN STEP	2026-09-07T13:33:44.2208142Z     Se detectaron bloques de control con profundidad de 7 niveles anidados. Conviene aplicar cláusulas de guarda (early returns) o descomponer en funciones auxiliares.
Typecheck + Tests + Verificaciones	UNKNOWN STEP	2026-09-07T13:33:44.2208757Z 
Typecheck + Tests + Verificaciones	UNKNOWN STEP	2026-09-07T13:33:44.2209401Z   * components/informes/FacturasRegistroSection.tsx supera el límite de tamaño (551 líneas > 450) components/informes/FacturasRegistroSection.tsx:1
Typecheck + Tests + Verificaciones	UNKNOWN STEP	2026-09-07T13:33:44.2210670Z     El componente tiene 551 líneas. Se recomienda modularizar y extraer subcomponentes o custom hooks para optimizar el ciclo de render y mejorar la mantenibilidad.
Typecheck + Tests + Verificaciones	UNKNOWN STEP	2026-09-07T13:33:44.2211283Z 
Typecheck + Tests + Verificaciones	UNKNOWN STEP	2026-09-07T13:33:44.2211883Z   * components/informes/FacturasRegistroSection.tsx tiene complejidad/anidamiento excesivo (nivel 8 > 4) components/informes/FacturasRegistroSection.tsx:1
Typecheck + Tests + Verificaciones	UNKNOWN STEP	2026-09-07T13:33:44.2213202Z     Se detectaron bloques de control con profundidad de 8 niveles anidados. Conviene aplicar cláusulas de guarda (early returns) o descomponer en funciones auxiliares.
Typecheck + Tests + Verificaciones	UNKNOWN STEP	2026-09-07T13:33:44.2213819Z 
Typecheck + Tests + Verificaciones	UNKNOWN STEP	2026-09-07T13:33:44.2214336Z   * components/informes/GastosSection.tsx tiene complejidad/anidamiento excesivo (nivel 8 > 4) components/informes/GastosSection.tsx:1
Typecheck + Tests + Verificaciones	UNKNOWN STEP	2026-09-07T13:33:44.2215560Z     Se detectaron bloques de control con profundidad de 8 niveles anidados. Conviene aplicar cláusulas de guarda (early returns) o descomponer en funciones auxiliares.
Typecheck + Tests + Verificaciones	UNKNOWN STEP	2026-09-07T13:33:44.2216282Z 
Typecheck + Tests + Verificaciones	UNKNOWN STEP	2026-09-07T13:33:44.2216908Z   * components/informes/LiquidacionesSection.tsx supera el límite de tamaño (942 líneas > 450) components/informes/LiquidacionesSection.tsx:1
Typecheck + Tests + Verificaciones	UNKNOWN STEP	2026-09-07T13:33:44.2218151Z     El componente tiene 942 líneas. Se recomienda modularizar y extraer subcomponentes o custom hooks para optimizar el ciclo de render y mejorar la mantenibilidad.
Typecheck + Tests + Verificaciones	UNKNOWN STEP	2026-09-07T13:33:44.2218754Z 
Typecheck + Tests + Verificaciones	UNKNOWN STEP	2026-09-07T13:33:44.2219323Z   * components/informes/LiquidacionesSection.tsx tiene complejidad/anidamiento excesivo (nivel 8 > 4) components/informes/LiquidacionesSection.tsx:1
Typecheck + Tests + Verificaciones	UNKNOWN STEP	2026-09-07T13:33:44.2220622Z     Se detectaron bloques de control con profundidad de 8 niveles anidados. Conviene aplicar cláusulas de guarda (early returns) o descomponer en funciones auxiliares.
Typecheck + Tests + Verificaciones	UNKNOWN STEP	2026-09-07T13:33:44.2221390Z 
Typecheck + Tests + Verificaciones	UNKNOWN STEP	2026-09-07T13:33:44.2221996Z   * components/informes/ProductosVendidosSection.tsx tiene complejidad/anidamiento excesivo (nivel 9 > 4) components/informes/ProductosVendidosSection.tsx:1
Typecheck + Tests + Verificaciones	UNKNOWN STEP	2026-09-07T13:33:44.2223340Z     Se detectaron bloques de control con profundidad de 9 niveles anidados. Conviene aplicar cláusulas de guarda (early returns) o descomponer en funciones auxiliares.
Typecheck + Tests + Verificaciones	UNKNOWN STEP	2026-09-07T13:33:44.2223956Z 
Typecheck + Tests + Verificaciones	UNKNOWN STEP	2026-09-07T13:33:44.2224551Z   * components/jornada/RegistroJornada.web.tsx supera el límite de tamaño (715 líneas > 450) components/jornada/RegistroJornada.web.tsx:1
Typecheck + Tests + Verificaciones	UNKNOWN STEP	2026-09-07T13:33:44.2225776Z     El componente tiene 715 líneas. Se recomienda modularizar y extraer subcomponentes o custom hooks para optimizar el ciclo de render y mejorar la mantenibilidad.
Typecheck + Tests + Verificaciones	UNKNOWN STEP	2026-09-07T13:33:44.2226517Z 
Typecheck + Tests + Verificaciones	UNKNOWN STEP	2026-09-07T13:33:44.2227077Z   * components/jornada/RegistroJornada.web.tsx tiene complejidad/anidamiento excesivo (nivel 17 > 4) components/jornada/RegistroJornada.web.tsx:1
Typecheck + Tests + Verificaciones	UNKNOWN STEP	2026-09-07T13:33:44.2228377Z     Se detectaron bloques de control con profundidad de 17 niveles anidados. Conviene aplicar cláusulas de guarda (early returns) o descomponer en funciones auxiliares.
Typecheck + Tests + Verificaciones	UNKNOWN STEP	2026-09-07T13:33:44.2228996Z 
Typecheck + Tests + Verificaciones	UNKNOWN STEP	2026-09-07T13:33:44.2229606Z   * components/layout/Sidebar.tsx supera el límite de tamaño (895 líneas > 450) components/layout/Sidebar.tsx:1
Typecheck + Tests + Verificaciones	UNKNOWN STEP	2026-09-07T13:33:44.2230743Z     El componente tiene 895 líneas. Se recomienda modularizar y extraer subcomponentes o custom hooks para optimizar el ciclo de render y mejorar la mantenibilidad.
Typecheck + Tests + Verificaciones	UNKNOWN STEP	2026-09-07T13:33:44.2231349Z 
Typecheck + Tests + Verificaciones	UNKNOWN STEP	2026-09-07T13:33:44.2231793Z   * components/layout/Sidebar.tsx tiene complejidad/anidamiento excesivo (nivel 10 > 4) components/layout/Sidebar.tsx:1
Typecheck + Tests + Verificaciones	UNKNOWN STEP	2026-09-07T13:33:44.2232975Z     Se detectaron bloques de control con profundidad de 10 niveles anidados. Conviene aplicar cláusulas de guarda (early returns) o descomponer en funciones auxiliares.
Typecheck + Tests + Verificaciones	UNKNOWN STEP	2026-09-07T13:33:44.2233603Z 
Typecheck + Tests + Verificaciones	UNKNOWN STEP	2026-09-07T13:33:44.2234311Z   * components/onboarding/AsistentePuestaEnMarcha.web.tsx supera el límite de tamaño (1035 líneas > 450) components/onboarding/AsistentePuestaEnMarcha.web.tsx:1
Typecheck + Tests + Verificaciones	UNKNOWN STEP	2026-09-07T13:33:44.2235636Z     El componente tiene 1035 líneas. Se recomienda modularizar y extraer subcomponentes o custom hooks para optimizar el ciclo de render y mejorar la mantenibilidad.
Typecheck + Tests + Verificaciones	UNKNOWN STEP	2026-09-07T13:33:44.2236401Z 
Typecheck + Tests + Verificaciones	UNKNOWN STEP	2026-09-07T13:33:44.2237053Z   * components/onboarding/AsistentePuestaEnMarcha.web.tsx tiene complejidad/anidamiento excesivo (nivel 8 > 4) components/onboarding/AsistentePuestaEnMarcha.web.tsx:1
Typecheck + Tests + Verificaciones	UNKNOWN STEP	2026-09-07T13:33:44.2238417Z     Se detectaron bloques de control con profundidad de 8 niveles anidados. Conviene aplicar cláusulas de guarda (early returns) o descomponer en funciones auxiliares.
Typecheck + Tests + Verificaciones	UNKNOWN STEP	2026-09-07T13:33:44.2239030Z 
Typecheck + Tests + Verificaciones	UNKNOWN STEP	2026-09-07T13:33:44.2239617Z   * components/onboarding/OnboardingPanel.tsx supera el límite de tamaño (504 líneas > 450) components/onboarding/OnboardingPanel.tsx:1
Typecheck + Tests + Verificaciones	UNKNOWN STEP	2026-09-07T13:33:44.2240837Z     El componente tiene 504 líneas. Se recomienda modularizar y extraer subcomponentes o custom hooks para optimizar el ciclo de render y mejorar la mantenibilidad.
Typecheck + Tests + Verificaciones	UNKNOWN STEP	2026-09-07T13:33:44.2241448Z 
Typecheck + Tests + Verificaciones	UNKNOWN STEP	2026-09-07T13:33:44.2241924Z   * components/pos/CobroSheet.tsx supera el límite de tamaño (1249 líneas > 450) components/pos/CobroSheet.tsx:1
Typecheck + Tests + Verificaciones	UNKNOWN STEP	2026-09-07T13:33:44.2243067Z     El componente tiene 1249 líneas. Se recomienda modularizar y extraer subcomponentes o custom hooks para optimizar el ciclo de render y mejorar la mantenibilidad.
Typecheck + Tests + Verificaciones	UNKNOWN STEP	2026-09-07T13:33:44.2243671Z 
Typecheck + Tests + Verificaciones	UNKNOWN STEP	2026-09-07T13:33:44.2244114Z   * components/pos/CobroSheet.tsx tiene complejidad/anidamiento excesivo (nivel 11 > 4) components/pos/CobroSheet.tsx:1
Typecheck + Tests + Verificaciones	UNKNOWN STEP	2026-09-07T13:33:44.2245315Z     Se detectaron bloques de control con profundidad de 11 niveles anidados. Conviene aplicar cláusulas de guarda (early returns) o descomponer en funciones auxiliares.
Typecheck + Tests + Verificaciones	UNKNOWN STEP	2026-09-07T13:33:44.2246070Z 
Typecheck + Tests + Verificaciones	UNKNOWN STEP	2026-09-07T13:33:44.2246712Z   * components/pos/SelectorCatalogo.tsx tiene complejidad/anidamiento excesivo (nivel 7 > 4) components/pos/SelectorCatalogo.tsx:1
Typecheck + Tests + Verificaciones	UNKNOWN STEP	2026-09-07T13:33:44.2247967Z     Se detectaron bloques de control con profundidad de 7 niveles anidados. Conviene aplicar cláusulas de guarda (early returns) o descomponer en funciones auxiliares.
Typecheck + Tests + Verificaciones	UNKNOWN STEP	2026-09-07T13:33:44.2248584Z 
Typecheck + Tests + Verificaciones	UNKNOWN STEP	2026-09-07T13:33:44.2249085Z   * components/ui/DesignComponents.tsx tiene complejidad/anidamiento excesivo (nivel 10 > 4) components/ui/DesignComponents.tsx:1
Typecheck + Tests + Verificaciones	UNKNOWN STEP	2026-09-07T13:33:44.2250311Z     Se detectaron bloques de control con profundidad de 10 niveles anidados. Conviene aplicar cláusulas de guarda (early returns) o descomponer en funciones auxiliares.
Typecheck + Tests + Verificaciones	UNKNOWN STEP	2026-09-07T13:33:44.2250924Z 
Typecheck + Tests + Verificaciones	UNKNOWN STEP	2026-09-07T13:33:44.2251329Z   * components/ui/Pickers.tsx tiene complejidad/anidamiento excesivo (nivel 7 > 4) components/ui/Pickers.tsx:1
Typecheck + Tests + Verificaciones	UNKNOWN STEP	2026-09-07T13:33:44.2252468Z     Se detectaron bloques de control con profundidad de 7 niveles anidados. Conviene aplicar cláusulas de guarda (early returns) o descomponer en funciones auxiliares.
Typecheck + Tests + Verificaciones	UNKNOWN STEP	2026-09-07T13:33:44.2253092Z 
Typecheck + Tests + Verificaciones	UNKNOWN STEP	2026-09-07T13:33:44.2253588Z   * components/ui/SettingsAtoms.tsx supera el límite de tamaño (915 líneas > 450) components/ui/SettingsAtoms.tsx:1
Typecheck + Tests + Verificaciones	UNKNOWN STEP	2026-09-07T13:33:44.2254845Z     El componente tiene 915 líneas. Se recomienda modularizar y extraer subcomponentes o custom hooks para optimizar el ciclo de render y mejorar la mantenibilidad.
Typecheck + Tests + Verificaciones	UNKNOWN STEP	2026-09-07T13:33:44.2255462Z 
Typecheck + Tests + Verificaciones	UNKNOWN STEP	2026-09-07T13:33:44.2256045Z   * components/ui/SettingsAtoms.tsx tiene complejidad/anidamiento excesivo (nivel 14 > 4) components/ui/SettingsAtoms.tsx:1
Typecheck + Tests + Verificaciones	UNKNOWN STEP	2026-09-07T13:33:44.2257273Z     Se detectaron bloques de control con profundidad de 14 niveles anidados. Conviene aplicar cláusulas de guarda (early returns) o descomponer en funciones auxiliares.
Typecheck + Tests + Verificaciones	UNKNOWN STEP	2026-09-07T13:33:44.2257889Z 
Typecheck + Tests + Verificaciones	UNKNOWN STEP	2026-09-07T13:33:44.2258396Z   * Lógica duplicada (8+ líneas) entre app/(tabs)/clientes.web.tsx y app/(tabs)/ayuda.web.tsx app/(tabs)/clientes.web.tsx:1
Typecheck + Tests + Verificaciones	UNKNOWN STEP	2026-09-07T13:33:44.2259299Z     Se detectó un bloque de lógica idéntica entre app/(tabs)/clientes.web.tsx y app/(tabs)/ayuda.web.tsx.
Typecheck + Tests + Verificaciones	UNKNOWN STEP	2026-09-07T13:33:44.2260169Z Se recomienda abstraer este comportamiento en un helper común dentro de lib/ o un hook compartido.
Typecheck + Tests + Verificaciones	UNKNOWN STEP	2026-09-07T13:33:44.2260570Z 
Typecheck + Tests + Verificaciones	UNKNOWN STEP	2026-09-07T13:33:44.2261065Z   * Lógica duplicada (8+ líneas) entre app/(tabs)/equipo.web.tsx y app/(tabs)/ayuda.web.tsx app/(tabs)/equipo.web.tsx:1
Typecheck + Tests + Verificaciones	UNKNOWN STEP	2026-09-07T13:33:44.2261940Z     Se detectó un bloque de lógica idéntica entre app/(tabs)/equipo.web.tsx y app/(tabs)/ayuda.web.tsx.
Typecheck + Tests + Verificaciones	UNKNOWN STEP	2026-09-07T13:33:44.2262789Z Se recomienda abstraer este comportamiento en un helper común dentro de lib/ o un hook compartido.
Typecheck + Tests + Verificaciones	UNKNOWN STEP	2026-09-07T13:33:44.2263186Z 
Typecheck + Tests + Verificaciones	UNKNOWN STEP	2026-09-07T13:33:44.2263641Z   * Lógica duplicada (8+ líneas) entre app/(tabs)/informes.tsx y app/(tabs)/ayuda.tsx app/(tabs)/informes.tsx:1
Typecheck + Tests + Verificaciones	UNKNOWN STEP	2026-09-07T13:33:44.2264447Z     Se detectó un bloque de lógica idéntica entre app/(tabs)/informes.tsx y app/(tabs)/ayuda.tsx.
Typecheck + Tests + Verificaciones	UNKNOWN STEP	2026-09-07T13:33:44.2265272Z Se recomienda abstraer este comportamiento en un helper común dentro de lib/ o un hook compartido.
Typecheck + Tests + Verificaciones	UNKNOWN STEP	2026-09-07T13:33:44.2265673Z 
Typecheck + Tests + Verificaciones	UNKNOWN STEP	2026-09-07T13:33:44.2266314Z   * Lógica duplicada (8+ líneas) entre app/(tabs)/informes.web.tsx y app/(tabs)/clientes.web.tsx app/(tabs)/informes.web.tsx:1
Typecheck + Tests + Verificaciones	UNKNOWN STEP	2026-09-07T13:33:44.2267244Z     Se detectó un bloque de lógica idéntica entre app/(tabs)/informes.web.tsx y app/(tabs)/clientes.web.tsx.
Typecheck + Tests + Verificaciones	UNKNOWN STEP	2026-09-07T13:33:44.2268116Z Se recomienda abstraer este comportamiento en un helper común dentro de lib/ o un hook compartido.
Typecheck + Tests + Verificaciones	UNKNOWN STEP	2026-09-07T13:33:44.2268509Z 
Typecheck + Tests + Verificaciones	UNKNOWN STEP	2026-09-07T13:33:44.2269045Z   * Lógica duplicada (8+ líneas) entre app/(tabs)/inventario.web.tsx y app/(tabs)/clientes.web.tsx app/(tabs)/inventario.web.tsx:1
Typecheck + Tests + Verificaciones	UNKNOWN STEP	2026-09-07T13:33:44.2269972Z     Se detectó un bloque de lógica idéntica entre app/(tabs)/inventario.web.tsx y app/(tabs)/clientes.web.tsx.
Typecheck + Tests + Verificaciones	UNKNOWN STEP	2026-09-07T13:33:44.2270840Z Se recomienda abstraer este comportamiento en un helper común dentro de lib/ o un hook compartido.
Typecheck + Tests + Verificaciones	UNKNOWN STEP	2026-09-07T13:33:44.2271368Z 
Typecheck + Tests + Verificaciones	UNKNOWN STEP	2026-09-07T13:33:44.2271924Z   * Lógica duplicada (8+ líneas) entre app/(tabs)/lista-espera.web.tsx y app/(tabs)/bandeja.web.tsx app/(tabs)/lista-espera.web.tsx:1
Typecheck + Tests + Verificaciones	UNKNOWN STEP	2026-09-07T13:33:44.2272872Z     Se detectó un bloque de lógica idéntica entre app/(tabs)/lista-espera.web.tsx y app/(tabs)/bandeja.web.tsx.
Typecheck + Tests + Verificaciones	UNKNOWN STEP	2026-09-07T13:33:44.2273753Z Se recomienda abstraer este comportamiento en un helper común dentro de lib/ o un hook compartido.
Typecheck + Tests + Verificaciones	UNKNOWN STEP	2026-09-07T13:33:44.2274146Z 
Typecheck + Tests + Verificaciones	UNKNOWN STEP	2026-09-07T13:33:44.2274705Z   * Lógica duplicada (8+ líneas) entre app/(tabs)/presupuestos.web.tsx y app/(tabs)/bandeja.web.tsx app/(tabs)/presupuestos.web.tsx:1
Typecheck + Tests + Verificaciones	UNKNOWN STEP	2026-09-07T13:33:44.2275659Z     Se detectó un bloque de lógica idéntica entre app/(tabs)/presupuestos.web.tsx y app/(tabs)/bandeja.web.tsx.
Typecheck + Tests + Verificaciones	UNKNOWN STEP	2026-09-07T13:33:44.2276652Z Se recomienda abstraer este comportamiento en un helper común dentro de lib/ o un hook compartido.
Typecheck + Tests + Verificaciones	UNKNOWN STEP	2026-09-07T13:33:44.2277044Z 
Typecheck + Tests + Verificaciones	UNKNOWN STEP	2026-09-07T13:33:44.2277556Z   * Lógica duplicada (8+ líneas) entre app/(tabs)/resenas.web.tsx y app/(tabs)/clientes.web.tsx app/(tabs)/resenas.web.tsx:1
Typecheck + Tests + Verificaciones	UNKNOWN STEP	2026-09-07T13:33:44.2278456Z     Se detectó un bloque de lógica idéntica entre app/(tabs)/resenas.web.tsx y app/(tabs)/clientes.web.tsx.
Typecheck + Tests + Verificaciones	UNKNOWN STEP	2026-09-07T13:33:44.2279312Z Se recomienda abstraer este comportamiento en un helper común dentro de lib/ o un hook compartido.
Typecheck + Tests + Verificaciones	UNKNOWN STEP	2026-09-07T13:33:44.2279703Z 
Typecheck + Tests + Verificaciones	UNKNOWN STEP	2026-09-07T13:33:44.2280288Z   * Lógica duplicada (8+ líneas) entre app/pago/[ref].web.tsx y app/pagar/[token].web.tsx app/pago/[ref].web.tsx:1
Typecheck + Tests + Verificaciones	UNKNOWN STEP	2026-09-07T13:33:44.2281125Z     Se detectó un bloque de lógica idéntica entre app/pago/[ref].web.tsx y app/pagar/[token].web.tsx.
Typecheck + Tests + Verificaciones	UNKNOWN STEP	2026-09-07T13:33:44.2281953Z Se recomienda abstraer este comportamiento en un helper común dentro de lib/ o un hook compartido.
Typecheck + Tests + Verificaciones	UNKNOWN STEP	2026-09-07T13:33:44.2282341Z 
Typecheck + Tests + Verificaciones	UNKNOWN STEP	2026-09-07T13:33:44.2282775Z   * Lógica duplicada (8+ líneas) entre app/r/[slug].web.tsx y app/cita/[id].web.tsx app/r/[slug].web.tsx:1
Typecheck + Tests + Verificaciones	UNKNOWN STEP	2026-09-07T13:33:44.2283538Z     Se detectó un bloque de lógica idéntica entre app/r/[slug].web.tsx y app/cita/[id].web.tsx.
Typecheck + Tests + Verificaciones	UNKNOWN STEP	2026-09-07T13:33:44.2284360Z Se recomienda abstraer este comportamiento en un helper común dentro de lib/ o un hook compartido.
Typecheck + Tests + Verificaciones	UNKNOWN STEP	2026-09-07T13:33:44.2284752Z 
Typecheck + Tests + Verificaciones	UNKNOWN STEP	2026-09-07T13:33:44.2285291Z   * Lógica duplicada (8+ líneas) entre app/screens/nueva-cita.tsx y app/screens/agenda-detalle.tsx app/screens/nueva-cita.tsx:1
Typecheck + Tests + Verificaciones	UNKNOWN STEP	2026-09-07T13:33:44.2286358Z     Se detectó un bloque de lógica idéntica entre app/screens/nueva-cita.tsx y app/screens/agenda-detalle.tsx.
Typecheck + Tests + Verificaciones	UNKNOWN STEP	2026-09-07T13:33:44.2287238Z Se recomienda abstraer este comportamiento en un helper común dentro de lib/ o un hook compartido.
Typecheck + Tests + Verificaciones	UNKNOWN STEP	2026-09-07T13:33:44.2287625Z 
Typecheck + Tests + Verificaciones	UNKNOWN STEP	2026-09-07T13:33:44.2288361Z   * Lógica duplicada (8+ líneas) entre components/acceso/PuertaIdentidad.web.tsx y components/acceso/PuertaIdentidad.tsx components/acceso/PuertaIdentidad.web.tsx:1
Typecheck + Tests + Verificaciones	UNKNOWN STEP	2026-09-07T13:33:44.2289575Z     Se detectó un bloque de lógica idéntica entre components/acceso/PuertaIdentidad.web.tsx y components/acceso/PuertaIdentidad.tsx.
Typecheck + Tests + Verificaciones	UNKNOWN STEP	2026-09-07T13:33:44.2290539Z Se recomienda abstraer este comportamiento en un helper común dentro de lib/ o un hook compartido.
Typecheck + Tests + Verificaciones	UNKNOWN STEP	2026-09-07T13:33:44.2290942Z 
Typecheck + Tests + Verificaciones	UNKNOWN STEP	2026-09-07T13:33:44.2291582Z   * Lógica duplicada (8+ líneas) entre components/agenda/AgendaCalendar.web.tsx y app/(tabs)/caja.web.tsx components/agenda/AgendaCalendar.web.tsx:1
Typecheck + Tests + Verificaciones	UNKNOWN STEP	2026-09-07T13:33:44.2292641Z     Se detectó un bloque de lógica idéntica entre components/agenda/AgendaCalendar.web.tsx y app/(tabs)/caja.web.tsx.
Typecheck + Tests + Verificaciones	UNKNOWN STEP	2026-09-07T13:33:44.2293545Z Se recomienda abstraer este comportamiento en un helper común dentro de lib/ o un hook compartido.
Typecheck + Tests + Verificaciones	UNKNOWN STEP	2026-09-07T13:33:44.2293939Z 
Typecheck + Tests + Verificaciones	UNKNOWN STEP	2026-09-07T13:33:44.2294627Z   * Lógica duplicada (8+ líneas) entre components/agenda/ListaEsperaDropdown.web.tsx y app/(tabs)/caja.web.tsx components/agenda/ListaEsperaDropdown.web.tsx:1
Typecheck + Tests + Verificaciones	UNKNOWN STEP	2026-09-07T13:33:44.2295743Z     Se detectó un bloque de lógica idéntica entre components/agenda/ListaEsperaDropdown.web.tsx y app/(tabs)/caja.web.tsx.
Typecheck + Tests + Verificaciones	UNKNOWN STEP	2026-09-07T13:33:44.2296785Z Se recomienda abstraer este comportamiento en un helper común dentro de lib/ o un hook compartido.
Typecheck + Tests + Verificaciones	UNKNOWN STEP	2026-09-07T13:33:44.2297314Z 
Typecheck + Tests + Verificaciones	UNKNOWN STEP	2026-09-07T13:33:44.2298213Z   * Lógica duplicada (8+ líneas) entre components/agenda/RetrasoEstrategiasModal.web.tsx y components/agenda/ListaEsperaPropuestaModal.web.tsx components/agenda/RetrasoEstrategiasModal.web.tsx:1
Typecheck + Tests + Verificaciones	UNKNOWN STEP	2026-09-07T13:33:44.2299672Z     Se detectó un bloque de lógica idéntica entre components/agenda/RetrasoEstrategiasModal.web.tsx y components/agenda/ListaEsperaPropuestaModal.web.tsx.
Typecheck + Tests + Verificaciones	UNKNOWN STEP	2026-09-07T13:33:44.2300734Z Se recomienda abstraer este comportamiento en un helper común dentro de lib/ o un hook compartido.
Typecheck + Tests + Verificaciones	UNKNOWN STEP	2026-09-07T13:33:44.2301129Z 
Typecheck + Tests + Verificaciones	UNKNOWN STEP	2026-09-07T13:33:44.2302001Z   * Lógica duplicada (8+ líneas) entre components/agenda/RetrasoPropuestaModal.web.tsx y components/agenda/ListaEsperaPropuestaModal.web.tsx components/agenda/RetrasoPropuestaModal.web.tsx:1
Typecheck + Tests + Verificaciones	UNKNOWN STEP	2026-09-07T13:33:44.2303425Z     Se detectó un bloque de lógica idéntica entre components/agenda/RetrasoPropuestaModal.web.tsx y components/agenda/ListaEsperaPropuestaModal.web.tsx.
Typecheck + Tests + Verificaciones	UNKNOWN STEP	2026-09-07T13:33:44.2304486Z Se recomienda abstraer este comportamiento en un helper común dentro de lib/ o un hook compartido.
Typecheck + Tests + Verificaciones	UNKNOWN STEP	2026-09-07T13:33:44.2304880Z 
Typecheck + Tests + Verificaciones	UNKNOWN STEP	2026-09-07T13:33:44.2305601Z   * Lógica duplicada (8+ líneas) entre components/agenda/modals/DetalleCitaModal.web.tsx y app/(tabs)/caja.web.tsx components/agenda/modals/DetalleCitaModal.web.tsx:1
Typecheck + Tests + Verificaciones	UNKNOWN STEP	2026-09-07T13:33:44.2307014Z     Se detectó un bloque de lógica idéntica entre components/agenda/modals/DetalleCitaModal.web.tsx y app/(tabs)/caja.web.tsx.
Typecheck + Tests + Verificaciones	UNKNOWN STEP	2026-09-07T13:33:44.2307975Z Se recomienda abstraer este comportamiento en un helper común dentro de lib/ o un hook compartido.
Typecheck + Tests + Verificaciones	UNKNOWN STEP	2026-09-07T13:33:44.2308367Z 
Typecheck + Tests + Verificaciones	UNKNOWN STEP	2026-09-07T13:33:44.2309066Z   * Lógica duplicada (8+ líneas) entre components/agenda/modals/NewCitaModal.web.tsx y app/screens/nueva-cita.tsx components/agenda/modals/NewCitaModal.web.tsx:1
Typecheck + Tests + Verificaciones	UNKNOWN STEP	2026-09-07T13:33:44.2310208Z     Se detectó un bloque de lógica idéntica entre components/agenda/modals/NewCitaModal.web.tsx y app/screens/nueva-cita.tsx.
Typecheck + Tests + Verificaciones	UNKNOWN STEP	2026-09-07T13:33:44.2311150Z Se recomienda abstraer este comportamiento en un helper común dentro de lib/ o un hook compartido.
Typecheck + Tests + Verificaciones	UNKNOWN STEP	2026-09-07T13:33:44.2311544Z 
Typecheck + Tests + Verificaciones	UNKNOWN STEP	2026-09-07T13:33:44.2312271Z   * Lógica duplicada (8+ líneas) entre components/agenda/modals/ReservaGrupoModal.web.tsx y app/(tabs)/caja.web.tsx components/agenda/modals/ReservaGrupoModal.web.tsx:1
Typecheck + Tests + Verificaciones	UNKNOWN STEP	2026-09-07T13:33:44.2313449Z     Se detectó un bloque de lógica idéntica entre components/agenda/modals/ReservaGrupoModal.web.tsx y app/(tabs)/caja.web.tsx.
Typecheck + Tests + Verificaciones	UNKNOWN STEP	2026-09-07T13:33:44.2314392Z Se recomienda abstraer este comportamiento en un helper común dentro de lib/ o un hook compartido.
Typecheck + Tests + Verificaciones	UNKNOWN STEP	2026-09-07T13:33:44.2314783Z 
Typecheck + Tests + Verificaciones	UNKNOWN STEP	2026-09-07T13:33:44.2315459Z   * Lógica duplicada (8+ líneas) entre components/agenda/views/VistaDiaLista.web.tsx y app/(tabs)/caja.web.tsx components/agenda/views/VistaDiaLista.web.tsx:1
Typecheck + Tests + Verificaciones	UNKNOWN STEP	2026-09-07T13:33:44.2316768Z     Se detectó un bloque de lógica idéntica entre components/agenda/views/VistaDiaLista.web.tsx y app/(tabs)/caja.web.tsx.
Typecheck + Tests + Verificaciones	UNKNOWN STEP	2026-09-07T13:33:44.2317700Z Se recomienda abstraer este comportamiento en un helper común dentro de lib/ o un hook compartido.
Typecheck + Tests + Verificaciones	UNKNOWN STEP	2026-09-07T13:33:44.2318093Z 
Typecheck + Tests + Verificaciones	UNKNOWN STEP	2026-09-07T13:33:44.2318790Z   * Lógica duplicada (8+ líneas) entre components/agenda/views/VistasSemanaMes.web.tsx y app/(tabs)/caja.web.tsx components/agenda/views/VistasSemanaMes.web.tsx:1
Typecheck + Tests + Verificaciones	UNKNOWN STEP	2026-09-07T13:33:44.2319927Z     Se detectó un bloque de lógica idéntica entre components/agenda/views/VistasSemanaMes.web.tsx y app/(tabs)/caja.web.tsx.
Typecheck + Tests + Verificaciones	UNKNOWN STEP	2026-09-07T13:33:44.2320849Z Se recomienda abstraer este comportamiento en un helper común dentro de lib/ o un hook compartido.
Typecheck + Tests + Verificaciones	UNKNOWN STEP	2026-09-07T13:33:44.2321244Z 
Typecheck + Tests + Verificaciones	UNKNOWN STEP	2026-09-07T13:33:44.2322094Z   * Lógica duplicada (8+ líneas) entre components/agenda/views/timeline/Timeline.web.tsx y components/agenda/modals/ReservaGrupoModal.web.tsx components/agenda/views/timeline/Timeline.web.tsx:1
Typecheck + Tests + Verificaciones	UNKNOWN STEP	2026-09-07T13:33:44.2323484Z     Se detectó un bloque de lógica idéntica entre components/agenda/views/timeline/Timeline.web.tsx y components/agenda/modals/ReservaGrupoModal.web.tsx.
Typecheck + Tests + Verificaciones	UNKNOWN STEP	2026-09-07T13:33:44.2324668Z Se recomienda abstraer este comportamiento en un helper común dentro de lib/ o un hook compartido.
Typecheck + Tests + Verificaciones	UNKNOWN STEP	2026-09-07T13:33:44.2325058Z 
Typecheck + Tests + Verificaciones	UNKNOWN STEP	2026-09-07T13:33:44.2325763Z   * Lógica duplicada (8+ líneas) entre components/chispa/TourLauncher.web.tsx y components/chispa/CoachLauncher.web.tsx components/chispa/TourLauncher.web.tsx:1
Typecheck + Tests + Verificaciones	UNKNOWN STEP	2026-09-07T13:33:44.2327211Z     Se detectó un bloque de lógica idéntica entre components/chispa/TourLauncher.web.tsx y components/chispa/CoachLauncher.web.tsx.
Typecheck + Tests + Verificaciones	UNKNOWN STEP	2026-09-07T13:33:44.2328197Z Se recomienda abstraer este comportamiento en un helper común dentro de lib/ o un hook compartido.
Typecheck + Tests + Verificaciones	UNKNOWN STEP	2026-09-07T13:33:44.2328589Z 
Typecheck + Tests + Verificaciones	UNKNOWN STEP	2026-09-07T13:33:44.2329289Z   * Lógica duplicada (8+ líneas) entre components/config/MiPerfilProfesional.tsx y app/(tabs)/configuracion.web.tsx components/config/MiPerfilProfesional.tsx:1
Typecheck + Tests + Verificaciones	UNKNOWN STEP	2026-09-07T13:33:44.2330435Z     Se detectó un bloque de lógica idéntica entre components/config/MiPerfilProfesional.tsx y app/(tabs)/configuracion.web.tsx.
Typecheck + Tests + Verificaciones	UNKNOWN STEP	2026-09-07T13:33:44.2331389Z Se recomienda abstraer este comportamiento en un helper común dentro de lib/ o un hook compartido.
Typecheck + Tests + Verificaciones	UNKNOWN STEP	2026-09-07T13:33:44.2331775Z 
Typecheck + Tests + Verificaciones	UNKNOWN STEP	2026-09-07T13:33:44.2332469Z   * Lógica duplicada (8+ líneas) entre components/equipo/RendimientoEquipo.web.tsx y app/(tabs)/mi-jornada.web.tsx components/equipo/RendimientoEquipo.web.tsx:1
Typecheck + Tests + Verificaciones	UNKNOWN STEP	2026-09-07T13:33:44.2333637Z     Se detectó un bloque de lógica idéntica entre components/equipo/RendimientoEquipo.web.tsx y app/(tabs)/mi-jornada.web.tsx.
Typecheck + Tests + Verificaciones	UNKNOWN STEP	2026-09-07T13:33:44.2334571Z Se recomienda abstraer este comportamiento en un helper común dentro de lib/ o un hook compartido.
Typecheck + Tests + Verificaciones	UNKNOWN STEP	2026-09-07T13:33:44.2334962Z 
Typecheck + Tests + Verificaciones	UNKNOWN STEP	2026-09-07T13:33:44.2335662Z   * Lógica duplicada (8+ líneas) entre components/informes/LiquidacionesSection.tsx y app/(tabs)/clientes.web.tsx components/informes/LiquidacionesSection.tsx:1
Typecheck + Tests + Verificaciones	UNKNOWN STEP	2026-09-07T13:33:44.2336928Z     Se detectó un bloque de lógica idéntica entre components/informes/LiquidacionesSection.tsx y app/(tabs)/clientes.web.tsx.
Typecheck + Tests + Verificaciones	UNKNOWN STEP	2026-09-07T13:33:44.2337878Z Se recomienda abstraer este comportamiento en un helper común dentro de lib/ o un hook compartido.
Typecheck + Tests + Verificaciones	UNKNOWN STEP	2026-09-07T13:33:44.2338268Z 
Typecheck + Tests + Verificaciones	UNKNOWN STEP	2026-09-07T13:33:44.2338859Z   * Lógica duplicada (8+ líneas) entre components/layout/Sidebar.tsx y components/layout/MobileTabBar.tsx components/layout/Sidebar.tsx:1
Typecheck + Tests + Verificaciones	UNKNOWN STEP	2026-09-07T13:33:44.2339877Z     Se detectó un bloque de lógica idéntica entre components/layout/Sidebar.tsx y components/layout/MobileTabBar.tsx.
Typecheck + Tests + Verificaciones	UNKNOWN STEP	2026-09-07T13:33:44.2340780Z Se recomienda abstraer este comportamiento en un helper común dentro de lib/ o un hook compartido.
Typecheck + Tests + Verificaciones	UNKNOWN STEP	2026-09-07T13:33:44.2341173Z 
Typecheck + Tests + Verificaciones	UNKNOWN STEP	2026-09-07T13:33:44.2341904Z   * Lógica duplicada (8+ líneas) entre components/pos/VentaTarjetaRegaloModal.tsx y components/pos/VentaBonoModal.tsx components/pos/VentaTarjetaRegaloModal.tsx:1
Typecheck + Tests + Verificaciones	UNKNOWN STEP	2026-09-07T13:33:44.2343103Z     Se detectó un bloque de lógica idéntica entre components/pos/VentaTarjetaRegaloModal.tsx y components/pos/VentaBonoModal.tsx.
Typecheck + Tests + Verificaciones	UNKNOWN STEP	2026-09-07T13:33:44.2344069Z Se recomienda abstraer este comportamiento en un helper común dentro de lib/ o un hook compartido.
Typecheck + Tests + Verificaciones	UNKNOWN STEP	2026-09-07T13:33:44.2344461Z 
Typecheck + Tests + Verificaciones	UNKNOWN STEP	2026-09-07T13:33:44.2345054Z   * Lógica duplicada (8+ líneas) entre components/ui/PhoneInput.web.tsx y components/ui/PhoneInput.tsx components/ui/PhoneInput.web.tsx:1
Typecheck + Tests + Verificaciones	UNKNOWN STEP	2026-09-07T13:33:44.2346197Z     Se detectó un bloque de lógica idéntica entre components/ui/PhoneInput.web.tsx y components/ui/PhoneInput.tsx.
Typecheck + Tests + Verificaciones	UNKNOWN STEP	2026-09-07T13:33:44.2347105Z Se recomienda abstraer este comportamiento en un helper común dentro de lib/ o un hook compartido.
Typecheck + Tests + Verificaciones	UNKNOWN STEP	2026-09-07T13:33:44.2347497Z 
Typecheck + Tests + Verificaciones	UNKNOWN STEP	2026-09-07T13:33:44.2347867Z   * Vigilante cascade-skippable: job "e2e", paso "Vigilante de peso del bundle" .github/workflows/ci.yml
Typecheck + Tests + Verificaciones	UNKNOWN STEP	2026-09-07T13:33:44.2349334Z     .github/workflows/ci.yml: el paso de vigilancia "Vigilante de peso del bundle" esta despues de pasos que pueden fallar y NO tiene `if: always()`. Si un paso anterior falla, este vigilante nunca corre y su informe no se genera: el panel se queda con la ultima foto vieja sin decirlo.
Typecheck + Tests + Verificaciones	UNKNOWN STEP	2026-09-07T13:33:44.2350476Z 
Typecheck + Tests + Verificaciones	UNKNOWN STEP	2026-09-07T13:33:44.2350845Z Solucion: anadir `if: always()` al paso, o mover el vigilante antes de los pasos fragiles.
Typecheck + Tests + Verificaciones	UNKNOWN STEP	2026-09-07T13:33:44.2351204Z 
Typecheck + Tests + Verificaciones	UNKNOWN STEP	2026-09-07T13:33:44.2351635Z   * Vigilante cascade-skippable: job "e2e", paso "Puerta de claves contra el bundle construido" .github/workflows/ci.yml
Typecheck + Tests + Verificaciones	UNKNOWN STEP	2026-09-07T13:33:44.2353344Z     .github/workflows/ci.yml: el paso de vigilancia "Puerta de claves contra el bundle construido" esta despues de pasos que pueden fallar y NO tiene `if: always()`. Si un paso anterior falla, este vigilante nunca corre y su informe no se genera: el panel se queda con la ultima foto vieja sin decirlo.
Typecheck + Tests + Verificaciones	UNKNOWN STEP	2026-09-07T13:33:44.2354394Z 
Typecheck + Tests + Verificaciones	UNKNOWN STEP	2026-09-07T13:33:44.2354747Z Solucion: anadir `if: always()` al paso, o mover el vigilante antes de los pasos fragiles.
Typecheck + Tests + Verificaciones	UNKNOWN STEP	2026-09-07T13:33:44.2355093Z 
Typecheck + Tests + Verificaciones	UNKNOWN STEP	2026-09-07T13:33:44.2355620Z   * El vigilante scripts/vigilantes/bd-ecosistema.mjs no tiene archivo de test bd-ecosistema.test.mjs scripts/vigilantes/bd-ecosistema.mjs
Typecheck + Tests + Verificaciones	UNKNOWN STEP	2026-09-07T13:33:44.2357300Z     Regla de Meta-Vigilancia: cada vigilante debe llevar su suite de tests. Este consta en scripts/vigilantes/meta-contrato-baseline.json como deuda heredada, asi que avisa en vez de bloquear. Para bajar el contador: escribe el test y quita el nombre de la lista.
Typecheck + Tests + Verificaciones	UNKNOWN STEP	2026-09-07T13:33:44.2358257Z 
Typecheck + Tests + Verificaciones	UNKNOWN STEP	2026-09-07T13:33:44.2358874Z   * El vigilante scripts/vigilantes/bd-escritura-critica.mjs no tiene archivo de test bd-escritura-critica.test.mjs scripts/vigilantes/bd-escritura-critica.mjs
Typecheck + Tests + Verificaciones	UNKNOWN STEP	2026-09-07T13:33:44.2360482Z     Regla de Meta-Vigilancia: cada vigilante debe llevar su suite de tests. Este consta en scripts/vigilantes/meta-contrato-baseline.json como deuda heredada, asi que avisa en vez de bloquear. Para bajar el contador: escribe el test y quita el nombre de la lista.
Typecheck + Tests + Verificaciones	UNKNOWN STEP	2026-09-07T13:33:44.2361431Z 
Typecheck + Tests + Verificaciones	UNKNOWN STEP	2026-09-07T13:33:44.2361962Z   * El vigilante scripts/vigilantes/bd-invariantes.mjs no tiene archivo de test bd-invariantes.test.mjs scripts/vigilantes/bd-invariantes.mjs
Typecheck + Tests + Verificaciones	UNKNOWN STEP	2026-09-07T13:33:44.2363500Z     Regla de Meta-Vigilancia: cada vigilante debe llevar su suite de tests. Este consta en scripts/vigilantes/meta-contrato-baseline.json como deuda heredada, asi que avisa en vez de bloquear. Para bajar el contador: escribe el test y quita el nombre de la lista.
Typecheck + Tests + Verificaciones	UNKNOWN STEP	2026-09-07T13:33:44.2364449Z 
Typecheck + Tests + Verificaciones	UNKNOWN STEP	2026-09-07T13:33:44.2364979Z   * El vigilante scripts/vigilantes/bd-migraciones.mjs no tiene archivo de test bd-migraciones.test.mjs scripts/vigilantes/bd-migraciones.mjs
Typecheck + Tests + Verificaciones	UNKNOWN STEP	2026-09-07T13:33:44.2366616Z     Regla de Meta-Vigilancia: cada vigilante debe llevar su suite de tests. Este consta en scripts/vigilantes/meta-contrato-baseline.json como deuda heredada, asi que avisa en vez de bloquear. Para bajar el contador: escribe el test y quita el nombre de la lista.
Typecheck + Tests + Verificaciones	UNKNOWN STEP	2026-09-07T13:33:44.2367565Z 
Typecheck + Tests + Verificaciones	UNKNOWN STEP	2026-09-07T13:33:44.2368085Z   * El vigilante scripts/vigilantes/bd-rendimiento.mjs no tiene archivo de test bd-rendimiento.test.mjs scripts/vigilantes/bd-rendimiento.mjs
Typecheck + Tests + Verificaciones	UNKNOWN STEP	2026-09-07T13:33:44.2369613Z     Regla de Meta-Vigilancia: cada vigilante debe llevar su suite de tests. Este consta en scripts/vigilantes/meta-contrato-baseline.json como deuda heredada, asi que avisa en vez de bloquear. Para bajar el contador: escribe el test y quita el nombre de la lista.
Typecheck + Tests + Verificaciones	UNKNOWN STEP	2026-09-07T13:33:44.2370571Z 
Typecheck + Tests + Verificaciones	UNKNOWN STEP	2026-09-07T13:33:44.2371169Z   * El vigilante scripts/vigilantes/bd-sobrecargas-rpc.mjs no tiene archivo de test bd-sobrecargas-rpc.test.mjs scripts/vigilantes/bd-sobrecargas-rpc.mjs
Typecheck + Tests + Verificaciones	UNKNOWN STEP	2026-09-07T13:33:44.2372748Z     Regla de Meta-Vigilancia: cada vigilante debe llevar su suite de tests. Este consta en scripts/vigilantes/meta-contrato-baseline.json como deuda heredada, asi que avisa en vez de bloquear. Para bajar el contador: escribe el test y quita el nombre de la lista.
Typecheck + Tests + Verificaciones	UNKNOWN STEP	2026-09-07T13:33:44.2373696Z 
Typecheck + Tests + Verificaciones	UNKNOWN STEP	2026-09-07T13:33:44.2374278Z   * El vigilante scripts/vigilantes/bd-triggers-ciegos.mjs no tiene archivo de test bd-triggers-ciegos.test.mjs scripts/vigilantes/bd-triggers-ciegos.mjs
Typecheck + Tests + Verificaciones	UNKNOWN STEP	2026-09-07T13:33:44.2375864Z     Regla de Meta-Vigilancia: cada vigilante debe llevar su suite de tests. Este consta en scripts/vigilantes/meta-contrato-baseline.json como deuda heredada, asi que avisa en vez de bloquear. Para bajar el contador: escribe el test y quita el nombre de la lista.
Typecheck + Tests + Verificaciones	UNKNOWN STEP	2026-09-07T13:33:44.2377076Z 
Typecheck + Tests + Verificaciones	UNKNOWN STEP	2026-09-07T13:33:44.2377461Z   * El vigilante scripts/vigilantes/bd.mjs no tiene archivo de test bd.test.mjs scripts/vigilantes/bd.mjs
Typecheck + Tests + Verificaciones	UNKNOWN STEP	2026-09-07T13:33:44.2378993Z     Regla de Meta-Vigilancia: cada vigilante debe llevar su suite de tests. Este consta en scripts/vigilantes/meta-contrato-baseline.json como deuda heredada, asi que avisa en vez de bloquear. Para bajar el contador: escribe el test y quita el nombre de la lista.
Typecheck + Tests + Verificaciones	UNKNOWN STEP	2026-09-07T13:33:44.2379953Z 
Typecheck + Tests + Verificaciones	UNKNOWN STEP	2026-09-07T13:33:44.2380473Z   * El vigilante scripts/vigilantes/codigo-muerto.mjs no tiene archivo de test codigo-muerto.test.mjs scripts/vigilantes/codigo-muerto.mjs
Typecheck + Tests + Verificaciones	UNKNOWN STEP	2026-09-07T13:33:44.2381992Z     Regla de Meta-Vigilancia: cada vigilante debe llevar su suite de tests. Este consta en scripts/vigilantes/meta-contrato-baseline.json como deuda heredada, asi que avisa en vez de bloquear. Para bajar el contador: escribe el test y quita el nombre de la lista.
Typecheck + Tests + Verificaciones	UNKNOWN STEP	2026-09-07T13:33:44.2382944Z 
Typecheck + Tests + Verificaciones	UNKNOWN STEP	2026-09-07T13:33:44.2383302Z   * app/(tabs)/clientes.tsx: <Modal> no implementa onRequestClose / onDismiss app/(tabs)/clientes.tsx
Typecheck + Tests + Verificaciones	UNKNOWN STEP	2026-09-07T13:33:44.2384702Z     En app/(tabs)/clientes.tsx, un componente <Modal> carece de onRequestClose o onDismiss. En dispositivos móviles o navegadores con botón atrás/tecla Escape, esto impide que el usuario cierre el diálogo de forma estándar.
Typecheck + Tests + Verificaciones	UNKNOWN STEP	2026-09-07T13:33:44.2385520Z 
Typecheck + Tests + Verificaciones	UNKNOWN STEP	2026-09-07T13:33:44.2385871Z   * app/(tabs)/clientes.tsx: <Modal> no implementa onRequestClose / onDismiss app/(tabs)/clientes.tsx
Typecheck + Tests + Verificaciones	UNKNOWN STEP	2026-09-07T13:33:44.2387357Z     En app/(tabs)/clientes.tsx, un componente <Modal> carece de onRequestClose o onDismiss. En dispositivos móviles o navegadores con botón atrás/tecla Escape, esto impide que el usuario cierre el diálogo de forma estándar.
Typecheck + Tests + Verificaciones	UNKNOWN STEP	2026-09-07T13:33:44.2388164Z 
Typecheck + Tests + Verificaciones	UNKNOWN STEP	2026-09-07T13:33:44.2388509Z   * app/(tabs)/equipo.tsx: <Modal> no implementa onRequestClose / onDismiss app/(tabs)/equipo.tsx
Typecheck + Tests + Verificaciones	UNKNOWN STEP	2026-09-07T13:33:44.2389841Z     En app/(tabs)/equipo.tsx, un componente <Modal> carece de onRequestClose o onDismiss. En dispositivos móviles o navegadores con botón atrás/tecla Escape, esto impide que el usuario cierre el diálogo de forma estándar.
Typecheck + Tests + Verificaciones	UNKNOWN STEP	2026-09-07T13:33:44.2390639Z 
Typecheck + Tests + Verificaciones	UNKNOWN STEP	2026-09-07T13:33:44.2390977Z   * app/(tabs)/equipo.tsx: <Modal> no implementa onRequestClose / onDismiss app/(tabs)/equipo.tsx
Typecheck + Tests + Verificaciones	UNKNOWN STEP	2026-09-07T13:33:44.2392296Z     En app/(tabs)/equipo.tsx, un componente <Modal> carece de onRequestClose o onDismiss. En dispositivos móviles o navegadores con botón atrás/tecla Escape, esto impide que el usuario cierre el diálogo de forma estándar.
Typecheck + Tests + Verificaciones	UNKNOWN STEP	2026-09-07T13:33:44.2393088Z 
Typecheck + Tests + Verificaciones	UNKNOWN STEP	2026-09-07T13:33:44.2393416Z   * app/(tabs)/equipo.tsx: <Modal> no implementa onRequestClose / onDismiss app/(tabs)/equipo.tsx
Typecheck + Tests + Verificaciones	UNKNOWN STEP	2026-09-07T13:33:44.2394725Z     En app/(tabs)/equipo.tsx, un componente <Modal> carece de onRequestClose o onDismiss. En dispositivos móviles o navegadores con botón atrás/tecla Escape, esto impide que el usuario cierre el diálogo de forma estándar.
Typecheck + Tests + Verificaciones	UNKNOWN STEP	2026-09-07T13:33:44.2395528Z 
Typecheck + Tests + Verificaciones	UNKNOWN STEP	2026-09-07T13:33:44.2396464Z   * components/agenda/modals/DetalleCitaModal.web.tsx:1107 todavia no ve los add-ons de salon (pendiente del bloque E) components/agenda/modals/DetalleCitaModal.web.tsx:1107
Typecheck + Tests + Verificaciones	UNKNOWN STEP	2026-09-07T13:33:44.2398196Z     Desde el 6 sep 2026 un add-on con servicio_id NULL vale para TODO el salon. Un `.eq('servicio_id', X)` a secas los deja fuera y NO falla: devuelve menos filas y sigue. El sintoma llega despues, como "un extra que existe no aparece al reservar", y se investiga como un problema de datos.
Typecheck + Tests + Verificaciones	UNKNOWN STEP	2026-09-07T13:33:44.2399182Z 
Typecheck + Tests + Verificaciones	UNKNOWN STEP	2026-09-07T13:33:44.2399278Z Encontrado:
Typecheck + Tests + Verificaciones	UNKNOWN STEP	2026-09-07T13:33:44.2399831Z   .from("service_addons") .select("id, nombre, duracion_min, precio") .eq("servicio_id", srvId) .eq("activo", true) .order
Typecheck + Tests + Verificaciones	UNKNOWN STEP	2026-09-07T13:33:44.2400287Z 
Typecheck + Tests + Verificaciones	UNKNOWN STEP	2026-09-07T13:33:44.2400406Z Usa el cargador unico:
Typecheck + Tests + Verificaciones	UNKNOWN STEP	2026-09-07T13:33:44.2400924Z   import { cargarAddonsAplicables } from '@/lib/datos/addons';
Typecheck + Tests + Verificaciones	UNKNOWN STEP	2026-09-07T13:33:44.2401439Z   const addons = await cargarAddonsAplicables(negocioId, servicioId);
Typecheck + Tests + Verificaciones	UNKNOWN STEP	2026-09-07T13:33:44.2401764Z 
Typecheck + Tests + Verificaciones	UNKNOWN STEP	2026-09-07T13:33:44.2402276Z Para administrar el catalogo (Ajustes) esta `listarAddonsDeServicio`, que devuelve tambien los apagados y los repetidos.
Typecheck + Tests + Verificaciones	UNKNOWN STEP	2026-09-07T13:33:44.2402759Z 
Typecheck + Tests + Verificaciones	UNKNOWN STEP	2026-09-07T13:33:44.2403796Z AVISO Y NO BLOQUEANTE porque este fichero es del bloque E del reparto del 6 sep (informes/BLOQUES-PARALELOS-2026-09-06.md) y su cambio entra con ese bloque. Al arreglarlo, quita su linea de PENDIENTES en este vigilante.
Typecheck + Tests + Verificaciones	UNKNOWN STEP	2026-09-07T13:33:44.2404600Z 
Typecheck + Tests + Verificaciones	UNKNOWN STEP	2026-09-07T13:33:44.2405213Z   * components/agenda/modals/NewCitaModal.web.tsx:807 todavia no ve los add-ons de salon (pendiente del bloque E) components/agenda/modals/NewCitaModal.web.tsx:807
Typecheck + Tests + Verificaciones	UNKNOWN STEP	2026-09-07T13:33:44.2406992Z     Desde el 6 sep 2026 un add-on con servicio_id NULL vale para TODO el salon. Un `.eq('servicio_id', X)` a secas los deja fuera y NO falla: devuelve menos filas y sigue. El sintoma llega despues, como "un extra que existe no aparece al reservar", y se investiga como un problema de datos.
Typecheck + Tests + Verificaciones	UNKNOWN STEP	2026-09-07T13:33:44.2407979Z 
Typecheck + Tests + Verificaciones	UNKNOWN STEP	2026-09-07T13:33:44.2408074Z Encontrado:
Typecheck + Tests + Verificaciones	UNKNOWN STEP	2026-09-07T13:33:44.2408615Z   .from("service_addons") .select("id, nombre, duracion_min, precio") .eq("servicio_id", selectedServicio) .eq("activo", t
Typecheck + Tests + Verificaciones	UNKNOWN STEP	2026-09-07T13:33:44.2409070Z 
Typecheck + Tests + Verificaciones	UNKNOWN STEP	2026-09-07T13:33:44.2409191Z Usa el cargador unico:
Typecheck + Tests + Verificaciones	UNKNOWN STEP	2026-09-07T13:33:44.2409557Z   import { cargarAddonsAplicables } from '@/lib/datos/addons';
Typecheck + Tests + Verificaciones	UNKNOWN STEP	2026-09-07T13:33:44.2410064Z   const addons = await cargarAddonsAplicables(negocioId, servicioId);
Typecheck + Tests + Verificaciones	UNKNOWN STEP	2026-09-07T13:33:44.2410365Z 
Typecheck + Tests + Verificaciones	UNKNOWN STEP	2026-09-07T13:33:44.2410873Z Para administrar el catalogo (Ajustes) esta `listarAddonsDeServicio`, que devuelve tambien los apagados y los repetidos.
Typecheck + Tests + Verificaciones	UNKNOWN STEP	2026-09-07T13:33:44.2411351Z 
Typecheck + Tests + Verificaciones	UNKNOWN STEP	2026-09-07T13:33:44.2412267Z AVISO Y NO BLOQUEANTE porque este fichero es del bloque E del reparto del 6 sep (informes/BLOQUES-PARALELOS-2026-09-06.md) y su cambio entra con ese bloque. Al arreglarlo, quita su linea de PENDIENTES en este vigilante.
Typecheck + Tests + Verificaciones	UNKNOWN STEP	2026-09-07T13:33:44.2413074Z 
Typecheck + Tests + Verificaciones	UNKNOWN STEP	2026-09-07T13:33:44.2413285Z 0 bloqueante(s), 306 aviso(s). 33 vigilantes, 5581 ms.
Typecheck + Tests + Verificaciones	UNKNOWN STEP	2026-09-07T13:33:44.2413525Z 
Typecheck + Tests + Verificaciones	UNKNOWN STEP	2026-09-07T13:33:44.2413683Z Informe escrito en vigilancia.json
Typecheck + Tests + Verificaciones	UNKNOWN STEP	2026-09-07T13:33:44.2413868Z 
Typecheck + Tests + Verificaciones	UNKNOWN STEP	2026-09-07T13:33:44.2458385Z ##[group]Run node scripts/vigilantes/enviar.mjs vigilancia.json
Typecheck + Tests + Verificaciones	UNKNOWN STEP	2026-09-07T13:33:44.2458908Z ^[[36;1mnode scripts/vigilantes/enviar.mjs vigilancia.json^[[0m
Typecheck + Tests + Verificaciones	UNKNOWN STEP	2026-09-07T13:33:44.2496283Z shell: /usr/bin/bash -e {0}
Typecheck + Tests + Verificaciones	UNKNOWN STEP	2026-09-07T13:33:44.2496735Z env:
Typecheck + Tests + Verificaciones	UNKNOWN STEP	2026-09-07T13:33:44.2497501Z   VIGILANCIA_URL: ***
Typecheck + Tests + Verificaciones	UNKNOWN STEP	2026-09-07T13:33:44.2497927Z   VIGILANCIA_TOKEN: ***
Typecheck + Tests + Verificaciones	UNKNOWN STEP	2026-09-07T13:33:44.2498170Z ##[endgroup]
Typecheck + Tests + Verificaciones	UNKNOWN STEP	2026-09-07T13:33:46.2827512Z [vigilancia] informe publicado: {"ok":true,"avisos":306,"bloqueantes":0,"ejecucion_id":358}
Typecheck + Tests + Verificaciones	UNKNOWN STEP	2026-09-07T13:33:46.3359755Z ##[group]Run node scripts/vigilantes/notificar.mjs vigilancia.json
Typecheck + Tests + Verificaciones	UNKNOWN STEP	2026-09-07T13:33:46.3360312Z ^[[36;1mnode scripts/vigilantes/notificar.mjs vigilancia.json^[[0m
Typecheck + Tests + Verificaciones	UNKNOWN STEP	2026-09-07T13:33:46.3396657Z shell: /usr/bin/bash -e {0}
Typecheck + Tests + Verificaciones	UNKNOWN STEP	2026-09-07T13:33:46.3396933Z env:
Typecheck + Tests + Verificaciones	UNKNOWN STEP	2026-09-07T13:33:46.3397146Z   TELEGRAM_BOT_TOKEN: 
Typecheck + Tests + Verificaciones	UNKNOWN STEP	2026-09-07T13:33:46.3397389Z   TELEGRAM_CHAT_ID: 
Typecheck + Tests + Verificaciones	UNKNOWN STEP	2026-09-07T13:33:46.3397624Z ##[endgroup]
Typecheck + Tests + Verificaciones	UNKNOWN STEP	2026-09-07T13:33:46.3750046Z [notificar] sin TELEGRAM_BOT_TOKEN / TELEGRAM_CHAT_ID: no se notifica por Telegram.
Typecheck + Tests + Verificaciones	UNKNOWN STEP	2026-09-07T13:33:46.3814947Z ##[group]Run node scripts/vigilantes/issues.mjs vigilancia.json
Typecheck + Tests + Verificaciones	UNKNOWN STEP	2026-09-07T13:33:46.3815452Z ^[[36;1mnode scripts/vigilantes/issues.mjs vigilancia.json^[[0m
Typecheck + Tests + Verificaciones	UNKNOWN STEP	2026-09-07T13:33:46.3862960Z shell: /usr/bin/bash -e {0}
Typecheck + Tests + Verificaciones	UNKNOWN STEP	2026-09-07T13:33:46.3863435Z env:
Typecheck + Tests + Verificaciones	UNKNOWN STEP	2026-09-07T13:33:46.3869239Z   GITHUB_TOKEN: ***
Typecheck + Tests + Verificaciones	UNKNOWN STEP	2026-09-07T13:33:46.3869744Z   GITHUB_REPOSITORY: novanoidai-stack/hairy
Typecheck + Tests + Verificaciones	UNKNOWN STEP	2026-09-07T13:33:46.3870296Z ##[endgroup]
Typecheck + Tests + Verificaciones	UNKNOWN STEP	2026-09-07T13:33:46.4235307Z [issues] sin bloqueantes: nada que escalar.
Typecheck + Tests + Verificaciones	UNKNOWN STEP	2026-09-07T13:33:46.4330142Z Node 20 is being deprecated. This workflow is running with Node 24 by default. If you need to temporarily use Node 20, you can set the ACTIONS_ALLOW_USE_UNSECURE_NODE_VERSION=true environment variable. For more information see: https://github.blog/changelog/2025-09-19-deprecation-of-node-20-on-github-actions-runners/
Typecheck + Tests + Verificaciones	UNKNOWN STEP	2026-09-07T13:33:46.4331791Z ##[group]Run actions/upload-artifact@330a01c490aca151604b8cf639adc76d48f6c5d4
Typecheck + Tests + Verificaciones	UNKNOWN STEP	2026-09-07T13:33:46.4332205Z with:
Typecheck + Tests + Verificaciones	UNKNOWN STEP	2026-09-07T13:33:46.4332418Z   name: vigilancia
Typecheck + Tests + Verificaciones	UNKNOWN STEP	2026-09-07T13:33:46.4332657Z   path: vigilancia.json
Typecheck + Tests + Verificaciones	UNKNOWN STEP	2026-09-07T13:33:46.4332899Z   retention-days: 14
Typecheck + Tests + Verificaciones	UNKNOWN STEP	2026-09-07T13:33:46.4333132Z   if-no-files-found: warn
Typecheck + Tests + Verificaciones	UNKNOWN STEP	2026-09-07T13:33:46.4333388Z   compression-level: 6
Typecheck + Tests + Verificaciones	UNKNOWN STEP	2026-09-07T13:33:46.4333620Z   overwrite: false
Typecheck + Tests + Verificaciones	UNKNOWN STEP	2026-09-07T13:33:46.4333849Z   include-hidden-files: false
Typecheck + Tests + Verificaciones	UNKNOWN STEP	2026-09-07T13:33:46.4334111Z ##[endgroup]
Typecheck + Tests + Verificaciones	UNKNOWN STEP	2026-09-07T13:33:46.6021205Z (node:3451) [DEP0040] DeprecationWarning: The `punycode` module is deprecated. Please use a userland alternative instead.
Typecheck + Tests + Verificaciones	UNKNOWN STEP	2026-09-07T13:33:46.6023137Z (Use `node --trace-deprecation ...` to show where the warning was created)
Typecheck + Tests + Verificaciones	UNKNOWN STEP	2026-09-07T13:33:46.6097744Z With the provided path, there will be 1 file uploaded
Typecheck + Tests + Verificaciones	UNKNOWN STEP	2026-09-07T13:33:46.6098983Z Artifact name is valid!
Typecheck + Tests + Verificaciones	UNKNOWN STEP	2026-09-07T13:33:46.6099650Z Root directory input is valid!
Typecheck + Tests + Verificaciones	UNKNOWN STEP	2026-09-07T13:33:47.0206513Z Beginning upload of artifact content to blob storage
Typecheck + Tests + Verificaciones	UNKNOWN STEP	2026-09-07T13:33:47.0418917Z (node:3451) [DEP0169] DeprecationWarning: `url.parse()` behavior is not standardized and prone to errors that have security implications. Use the WHATWG URL API instead. CVEs are not issued for `url.parse()` vulnerabilities.
Typecheck + Tests + Verificaciones	UNKNOWN STEP	2026-09-07T13:33:47.3030271Z Uploaded bytes 12905
Typecheck + Tests + Verificaciones	UNKNOWN STEP	2026-09-07T13:33:47.3754233Z Finished uploading artifact content to blob storage!
Typecheck + Tests + Verificaciones	UNKNOWN STEP	2026-09-07T13:33:47.3755495Z SHA256 digest of uploaded artifact zip is ad69526175f28ce7d84443127daa5d37b8742ed6c08bd53ad821240babfecd28
Typecheck + Tests + Verificaciones	UNKNOWN STEP	2026-09-07T13:33:47.3756789Z Finalizing artifact upload
Typecheck + Tests + Verificaciones	UNKNOWN STEP	2026-09-07T13:33:47.6674001Z Artifact vigilancia.zip successfully finalized. Artifact ID 10020904546
Typecheck + Tests + Verificaciones	UNKNOWN STEP	2026-09-07T13:33:47.6676370Z Artifact vigilancia has been successfully uploaded! Final size is 12905 bytes. Artifact ID is 10020904546
Typecheck + Tests + Verificaciones	UNKNOWN STEP	2026-09-07T13:33:47.6683005Z Artifact download URL: https://github.com/novanoidai-stack/hairy/actions/runs/34127979213/artifacts/10020904546
Typecheck + Tests + Verificaciones	UNKNOWN STEP	2026-09-07T13:33:47.6809352Z ##[group]Run npm run typecheck
Typecheck + Tests + Verificaciones	UNKNOWN STEP	2026-09-07T13:33:47.6809697Z ^[[36;1mnpm run typecheck^[[0m
Typecheck + Tests + Verificaciones	UNKNOWN STEP	2026-09-07T13:33:47.6846163Z shell: /usr/bin/bash -e {0}
Typecheck + Tests + Verificaciones	UNKNOWN STEP	2026-09-07T13:33:47.6846482Z ##[endgroup]
Typecheck + Tests + Verificaciones	UNKNOWN STEP	2026-09-07T13:33:47.7899152Z 
Typecheck + Tests + Verificaciones	UNKNOWN STEP	2026-09-07T13:33:47.7899672Z > hairy@1.0.0 typecheck
Typecheck + Tests + Verificaciones	UNKNOWN STEP	2026-09-07T13:33:47.7900073Z > tsc --noEmit
Typecheck + Tests + Verificaciones	UNKNOWN STEP	2026-09-07T13:33:47.7900255Z 
Typecheck + Tests + Verificaciones	UNKNOWN STEP	2026-09-07T13:34:15.0049713Z ##[group]Run npx biome lint --diagnostic-level=error
Typecheck + Tests + Verificaciones	UNKNOWN STEP	2026-09-07T13:34:15.0050177Z ^[[36;1mnpx biome lint --diagnostic-level=error^[[0m
Typecheck + Tests + Verificaciones	UNKNOWN STEP	2026-09-07T13:34:15.0086318Z shell: /usr/bin/bash -e {0}
Typecheck + Tests + Verificaciones	UNKNOWN STEP	2026-09-07T13:34:15.0086621Z ##[endgroup]
Typecheck + Tests + Verificaciones	UNKNOWN STEP	2026-09-07T13:34:15.8718966Z tests/smoke/pilar1-landing.spec.ts internalError/io  INTERNAL  ━━━━━━━━━━━━━━━━━━━━━━━━━━━━━━━━━━━━━
Typecheck + Tests + Verificaciones	UNKNOWN STEP	2026-09-07T13:34:15.8720106Z Checked 491 files in 570ms. No fixes applied.
Typecheck + Tests + Verificaciones	UNKNOWN STEP	2026-09-07T13:34:15.8720918Z 
Typecheck + Tests + Verificaciones	UNKNOWN STEP	2026-09-07T13:34:15.8721690Z   × stream did not contain valid UTF-8
Typecheck + Tests + Verificaciones	UNKNOWN STEP	2026-09-07T13:34:15.8722190Z   
Typecheck + Tests + Verificaciones	UNKNOWN STEP	2026-09-07T13:34:15.8723054Z   ! This diagnostic was derived from an internal Biome error. Potential bug, please report it if necessary.
Typecheck + Tests + Verificaciones	UNKNOWN STEP	2026-09-07T13:34:15.8723948Z   
Typecheck + Tests + Verificaciones	UNKNOWN STEP	2026-09-07T13:34:15.8724125Z 
Typecheck + Tests + Verificaciones	UNKNOWN STEP	2026-09-07T13:34:15.8725046Z tests/smoke/pilar2-portal.spec.ts internalError/io  INTERNAL  ━━━━━━━━━━━━━━━━━━━━━━━━━━━━━━━━━━━━━━
Typecheck + Tests + Verificaciones	UNKNOWN STEP	2026-09-07T13:34:15.8725769Z 
Typecheck + Tests + Verificaciones	UNKNOWN STEP	2026-09-07T13:34:15.8726317Z   × stream did not contain valid UTF-8
Typecheck + Tests + Verificaciones	UNKNOWN STEP	2026-09-07T13:34:15.8726874Z   
Typecheck + Tests + Verificaciones	UNKNOWN STEP	2026-09-07T13:34:15.8727713Z   ! This diagnostic was derived from an internal Biome error. Potential bug, please report it if necessary.
Typecheck + Tests + Verificaciones	UNKNOWN STEP	2026-09-07T13:34:15.8728560Z   
Typecheck + Tests + Verificaciones	UNKNOWN STEP	2026-09-07T13:34:15.8728739Z 
Typecheck + Tests + Verificaciones	UNKNOWN STEP	2026-09-07T13:34:15.9339543Z ##[group]Run npm test
Typecheck + Tests + Verificaciones	UNKNOWN STEP	2026-09-07T13:34:15.9339857Z ^[[36;1mnpm test^[[0m
Typecheck + Tests + Verificaciones	UNKNOWN STEP	2026-09-07T13:34:15.9375548Z shell: /usr/bin/bash -e {0}
Typecheck + Tests + Verificaciones	UNKNOWN STEP	2026-09-07T13:34:15.9375836Z ##[endgroup]
Typecheck + Tests + Verificaciones	UNKNOWN STEP	2026-09-07T13:34:16.0379142Z 
Typecheck + Tests + Verificaciones	UNKNOWN STEP	2026-09-07T13:34:16.0379820Z > hairy@1.0.0 test
Typecheck + Tests + Verificaciones	UNKNOWN STEP	2026-09-07T13:34:16.0380255Z > deno task test
Typecheck + Tests + Verificaciones	UNKNOWN STEP	2026-09-07T13:34:16.0380465Z 
Typecheck + Tests + Verificaciones	UNKNOWN STEP	2026-09-07T13:34:16.0596171Z ^[[0m^[[32mTask^[[0m ^[[0m^[[36mtest^[[0m deno test --allow-read --allow-env --sloppy-imports --no-check lib/
Typecheck + Tests + Verificaciones	UNKNOWN STEP	2026-09-07T13:34:16.0866323Z ^[[0m^[[32mDownload^[[0m https://deno.land/std@0.224.0/assert/mod.ts
Typecheck + Tests + Verificaciones	UNKNOWN STEP	2026-09-07T13:34:16.0991901Z ^[[0m^[[32mDownload^[[0m https://jsr.io/@std/testing/meta.json
Typecheck + Tests + Verificaciones	UNKNOWN STEP	2026-09-07T13:34:16.0993357Z ^[[0m^[[32mDownload^[[0m https://jsr.io/@std/expect/meta.json
Typecheck + Tests + Verificaciones	UNKNOWN STEP	2026-09-07T13:34:16.0997276Z ^[[0m^[[32mDownload^[[0m https://jsr.io/@std/assert/meta.json
Typecheck + Tests + Verificaciones	UNKNOWN STEP	2026-09-07T13:34:16.4274589Z ^[[0m^[[32mDownload^[[0m https://deno.land/std@0.224.0/assert/assert_almost_equals.ts
Typecheck + Tests + Verificaciones	UNKNOWN STEP	2026-09-07T13:34:16.4276505Z ^[[0m^[[32mDownload^[[0m https://deno.land/std@0.224.0/assert/assert_array_includes.ts
Typecheck + Tests + Verificaciones	UNKNOWN STEP	2026-09-07T13:34:16.4277945Z ^[[0m^[[32mDownload^[[0m https://deno.land/std@0.224.0/assert/assert_equals.ts
Typecheck + Tests + Verificaciones	UNKNOWN STEP	2026-09-07T13:34:16.4279274Z ^[[0m^[[32mDownload^[[0m https://deno.land/std@0.224.0/assert/assert_exists.ts
Typecheck + Tests + Verificaciones	UNKNOWN STEP	2026-09-07T13:34:16.4280540Z ^[[0m^[[32mDownload^[[0m https://deno.land/std@0.224.0/assert/assert_false.ts
Typecheck + Tests + Verificaciones	UNKNOWN STEP	2026-09-07T13:34:16.4281894Z ^[[0m^[[32mDownload^[[0m https://deno.land/std@0.224.0/assert/assert_greater_or_equal.ts
Typecheck + Tests + Verificaciones	UNKNOWN STEP	2026-09-07T13:34:16.4283221Z ^[[0m^[[32mDownload^[[0m https://deno.land/std@0.224.0/assert/assert_greater.ts
Typecheck + Tests + Verificaciones	UNKNOWN STEP	2026-09-07T13:34:16.4284581Z ^[[0m^[[32mDownload^[[0m https://deno.land/std@0.224.0/assert/assert_instance_of.ts
Typecheck + Tests + Verificaciones	UNKNOWN STEP	2026-09-07T13:34:16.4285906Z ^[[0m^[[32mDownload^[[0m https://deno.land/std@0.224.0/assert/assert_is_error.ts
Typecheck + Tests + Verificaciones	UNKNOWN STEP	2026-09-07T13:34:16.4287076Z ^[[0m^[[32mDownload^[[0m https://deno.land/std@0.224.0/assert/assert_less_or_equal.ts
Typecheck + Tests + Verificaciones	UNKNOWN STEP	2026-09-07T13:34:16.4288445Z ^[[0m^[[32mDownload^[[0m https://deno.land/std@0.224.0/assert/assert_less.ts
Typecheck + Tests + Verificaciones	UNKNOWN STEP	2026-09-07T13:34:16.4289778Z ^[[0m^[[32mDownload^[[0m https://deno.land/std@0.224.0/assert/assert_match.ts
Typecheck + Tests + Verificaciones	UNKNOWN STEP	2026-09-07T13:34:16.4291165Z ^[[0m^[[32mDownload^[[0m https://deno.land/std@0.224.0/assert/assert_not_equals.ts
Typecheck + Tests + Verificaciones	UNKNOWN STEP	2026-09-07T13:34:16.4292596Z ^[[0m^[[32mDownload^[[0m https://deno.land/std@0.224.0/assert/assert_not_instance_of.ts
Typecheck + Tests + Verificaciones	UNKNOWN STEP	2026-09-07T13:34:16.4294084Z ^[[0m^[[32mDownload^[[0m https://deno.land/std@0.224.0/assert/assert_not_match.ts
Typecheck + Tests + Verificaciones	UNKNOWN STEP	2026-09-07T13:34:16.4295491Z ^[[0m^[[32mDownload^[[0m https://deno.land/std@0.224.0/assert/assert_not_strict_equals.ts
Typecheck + Tests + Verificaciones	UNKNOWN STEP	2026-09-07T13:34:16.4296829Z ^[[0m^[[32mDownload^[[0m https://deno.land/std@0.224.0/assert/assert_object_match.ts
Typecheck + Tests + Verificaciones	UNKNOWN STEP	2026-09-07T13:34:16.4297525Z ^[[0m^[[32mDownload^[[0m https://deno.land/std@0.224.0/assert/assert_rejects.ts
Typecheck + Tests + Verificaciones	UNKNOWN STEP	2026-09-07T13:34:16.4298237Z ^[[0m^[[32mDownload^[[0m https://deno.land/std@0.224.0/assert/assert_strict_equals.ts
Typecheck + Tests + Verificaciones	UNKNOWN STEP	2026-09-07T13:34:16.4298951Z ^[[0m^[[32mDownload^[[0m https://deno.land/std@0.224.0/assert/assert_string_includes.ts
Typecheck + Tests + Verificaciones	UNKNOWN STEP	2026-09-07T13:34:16.4299639Z ^[[0m^[[32mDownload^[[0m https://deno.land/std@0.224.0/assert/assert_throws.ts
Typecheck + Tests + Verificaciones	UNKNOWN STEP	2026-09-07T13:34:16.4300257Z ^[[0m^[[32mDownload^[[0m https://deno.land/std@0.224.0/assert/assert.ts
Typecheck + Tests + Verificaciones	UNKNOWN STEP	2026-09-07T13:34:16.4300888Z ^[[0m^[[32mDownload^[[0m https://deno.land/std@0.224.0/assert/assertion_error.ts
Typecheck + Tests + Verificaciones	UNKNOWN STEP	2026-09-07T13:34:16.4301505Z ^[[0m^[[32mDownload^[[0m https://deno.land/std@0.224.0/assert/equal.ts
Typecheck + Tests + Verificaciones	UNKNOWN STEP	2026-09-07T13:34:16.4302085Z ^[[0m^[[32mDownload^[[0m https://deno.land/std@0.224.0/assert/fail.ts
Typecheck + Tests + Verificaciones	UNKNOWN STEP	2026-09-07T13:34:16.4302725Z ^[[0m^[[32mDownload^[[0m https://deno.land/std@0.224.0/assert/unimplemented.ts
Typecheck + Tests + Verificaciones	UNKNOWN STEP	2026-09-07T13:34:16.4303373Z ^[[0m^[[32mDownload^[[0m https://deno.land/std@0.224.0/assert/unreachable.ts
Typecheck + Tests + Verificaciones	UNKNOWN STEP	2026-09-07T13:34:16.6211936Z ^[[0m^[[32mDownload^[[0m https://deno.land/std@0.224.0/internal/format.ts
Typecheck + Tests + Verificaciones	UNKNOWN STEP	2026-09-07T13:34:16.6212845Z ^[[0m^[[32mDownload^[[0m https://deno.land/std@0.224.0/internal/mod.ts
Typecheck + Tests + Verificaciones	UNKNOWN STEP	2026-09-07T13:34:16.6213769Z ^[[0m^[[32mDownload^[[0m https://deno.land/std@0.224.0/fmt/colors.ts
Typecheck + Tests + Verificaciones	UNKNOWN STEP	2026-09-07T13:34:16.6215413Z ^[[0m^[[32mDownload^[[0m https://deno.land/std@0.224.0/assert/_constants.ts
Typecheck + Tests + Verificaciones	UNKNOWN STEP	2026-09-07T13:34:16.6768545Z ^[[0m^[[32mDownload^[[0m https://deno.land/std@0.224.0/internal/diff.ts
Typecheck + Tests + Verificaciones	UNKNOWN STEP	2026-09-07T13:34:16.7288710Z ^[[0m^[[32mDownload^[[0m https://jsr.io/@std/testing/1.0.20_meta.json
Typecheck + Tests + Verificaciones	UNKNOWN STEP	2026-09-07T13:34:16.7289995Z ^[[0m^[[32mDownload^[[0m https://jsr.io/@std/expect/1.0.20_meta.json
Typecheck + Tests + Verificaciones	UNKNOWN STEP	2026-09-07T13:34:16.7290800Z ^[[0m^[[32mDownload^[[0m https://jsr.io/@std/assert/0.224.0_meta.json
Typecheck + Tests + Verificaciones	UNKNOWN STEP	2026-09-07T13:34:16.7291531Z ^[[0m^[[32mDownload^[[0m https://jsr.io/@std/assert/1.0.19_meta.json
Typecheck + Tests + Verificaciones	UNKNOWN STEP	2026-09-07T13:34:16.7437595Z ^[[0m^[[32mDownload^[[0m https://jsr.io/@std/internal/meta.json
Typecheck + Tests + Verificaciones	UNKNOWN STEP	2026-09-07T13:34:16.7438381Z ^[[0m^[[32mDownload^[[0m https://jsr.io/@std/fmt/meta.json
Typecheck + Tests + Verificaciones	UNKNOWN STEP	2026-09-07T13:34:16.7439063Z ^[[0m^[[32mDownload^[[0m https://jsr.io/@std/path/meta.json
Typecheck + Tests + Verificaciones	UNKNOWN STEP	2026-09-07T13:34:16.8931110Z ^[[0m^[[32mDownload^[[0m https://jsr.io/@std/internal/1.0.14_meta.json
Typecheck + Tests + Verificaciones	UNKNOWN STEP	2026-09-07T13:34:16.8932009Z ^[[0m^[[32mDownload^[[0m https://jsr.io/@std/internal/0.224.0_meta.json
Typecheck + Tests + Verificaciones	UNKNOWN STEP	2026-09-07T13:34:16.8932829Z ^[[0m^[[32mDownload^[[0m https://jsr.io/@std/fmt/0.224.0_meta.json
Typecheck + Tests + Verificaciones	UNKNOWN STEP	2026-09-07T13:34:16.8933595Z ^[[0m^[[32mDownload^[[0m https://jsr.io/@std/path/1.1.6_meta.json
Typecheck + Tests + Verificaciones	UNKNOWN STEP	2026-09-07T13:34:16.9063792Z ^[[0m^[[32mDownload^[[0m https://jsr.io/@std/testing/1.0.20/bdd.ts
Typecheck + Tests + Verificaciones	UNKNOWN STEP	2026-09-07T13:34:16.9065436Z ^[[0m^[[32mDownload^[[0m https://jsr.io/@std/expect/1.0.20/mod.ts
Typecheck + Tests + Verificaciones	UNKNOWN STEP	2026-09-07T13:34:16.9067123Z ^[[0m^[[32mDownload^[[0m https://jsr.io/@std/assert/0.224.0/mod.ts
Typecheck + Tests + Verificaciones	UNKNOWN STEP	2026-09-07T13:34:16.9068567Z ^[[0m^[[32mDownload^[[0m https://jsr.io/@std/assert/1.0.19/mod.ts
Typecheck + Tests + Verificaciones	UNKNOWN STEP	2026-09-07T13:34:16.9070179Z ^[[0m^[[32mDownload^[[0m https://jsr.io/@std/testing/1.0.20/_test_suite.ts
Typecheck + Tests + Verificaciones	UNKNOWN STEP	2026-09-07T13:34:16.9071681Z ^[[0m^[[32mDownload^[[0m https://jsr.io/@std/expect/1.0.20/expect.ts
Typecheck + Tests + Verificaciones	UNKNOWN STEP	2026-09-07T13:34:16.9072977Z ^[[0m^[[32mDownload^[[0m https://jsr.io/@std/expect/1.0.20/fn.ts
Typecheck + Tests + Verificaciones	UNKNOWN STEP	2026-09-07T13:34:16.9074455Z ^[[0m^[[32mDownload^[[0m https://jsr.io/@std/assert/0.224.0/assert_almost_equals.ts
Typecheck + Tests + Verificaciones	UNKNOWN STEP	2026-09-07T13:34:16.9076293Z ^[[0m^[[32mDownload^[[0m https://jsr.io/@std/assert/0.224.0/assert_array_includes.ts
Typecheck + Tests + Verificaciones	UNKNOWN STEP	2026-09-07T13:34:16.9077696Z ^[[0m^[[32mDownload^[[0m https://jsr.io/@std/assert/0.224.0/assert_equals.ts
Typecheck + Tests + Verificaciones	UNKNOWN STEP	2026-09-07T13:34:16.9079077Z ^[[0m^[[32mDownload^[[0m https://jsr.io/@std/assert/0.224.0/assert_exists.ts
Typecheck + Tests + Verificaciones	UNKNOWN STEP	2026-09-07T13:34:16.9080440Z ^[[0m^[[32mDownload^[[0m https://jsr.io/@std/assert/0.224.0/assert_false.ts
Typecheck + Tests + Verificaciones	UNKNOWN STEP	2026-09-07T13:34:16.9081703Z ^[[0m^[[32mDownload^[[0m https://jsr.io/@std/assert/0.224.0/assert_greater_or_equal.ts
Typecheck + Tests + Verificaciones	UNKNOWN STEP	2026-09-07T13:34:16.9082886Z ^[[0m^[[32mDownload^[[0m https://jsr.io/@std/assert/0.224.0/assert_greater.ts
Typecheck + Tests + Verificaciones	UNKNOWN STEP	2026-09-07T13:34:16.9084092Z ^[[0m^[[32mDownload^[[0m https://jsr.io/@std/assert/0.224.0/assert_instance_of.ts
Typecheck + Tests + Verificaciones	UNKNOWN STEP	2026-09-07T13:34:16.9085265Z ^[[0m^[[32mDownload^[[0m https://jsr.io/@std/assert/0.224.0/assert_is_error.ts
Typecheck + Tests + Verificaciones	UNKNOWN STEP	2026-09-07T13:34:16.9086589Z ^[[0m^[[32mDownload^[[0m https://jsr.io/@std/assert/0.224.0/assert_less_or_equal.ts
Typecheck + Tests + Verificaciones	UNKNOWN STEP	2026-09-07T13:34:16.9087644Z ^[[0m^[[32mDownload^[[0m https://jsr.io/@std/assert/0.224.0/assert_less.ts
Typecheck + Tests + Verificaciones	UNKNOWN STEP	2026-09-07T13:34:16.9088631Z ^[[0m^[[32mDownload^[[0m https://jsr.io/@std/assert/0.224.0/assert_match.ts
Typecheck + Tests + Verificaciones	UNKNOWN STEP	2026-09-07T13:34:16.9089699Z ^[[0m^[[32mDownload^[[0m https://jsr.io/@std/assert/0.224.0/assert_not_equals.ts
Typecheck + Tests + Verificaciones	UNKNOWN STEP	2026-09-07T13:34:16.9090861Z ^[[0m^[[32mDownload^[[0m https://jsr.io/@std/assert/0.224.0/assert_not_instance_of.ts
Typecheck + Tests + Verificaciones	UNKNOWN STEP	2026-09-07T13:34:16.9091942Z ^[[0m^[[32mDownload^[[0m https://jsr.io/@std/assert/0.224.0/assert_not_match.ts
Typecheck + Tests + Verificaciones	UNKNOWN STEP	2026-09-07T13:34:16.9093132Z ^[[0m^[[32mDownload^[[0m https://jsr.io/@std/assert/0.224.0/assert_not_strict_equals.ts
Typecheck + Tests + Verificaciones	UNKNOWN STEP	2026-09-07T13:34:16.9094319Z ^[[0m^[[32mDownload^[[0m https://jsr.io/@std/assert/0.224.0/assert_object_match.ts
Typecheck + Tests + Verificaciones	UNKNOWN STEP	2026-09-07T13:34:16.9095332Z ^[[0m^[[32mDownload^[[0m https://jsr.io/@std/assert/0.224.0/assert_rejects.ts
Typecheck + Tests + Verificaciones	UNKNOWN STEP	2026-09-07T13:34:16.9096493Z ^[[0m^[[32mDownload^[[0m https://jsr.io/@std/assert/0.224.0/assert_strict_equals.ts
Typecheck + Tests + Verificaciones	UNKNOWN STEP	2026-09-07T13:34:16.9097624Z ^[[0m^[[32mDownload^[[0m https://jsr.io/@std/assert/0.224.0/assert_string_includes.ts
Typecheck + Tests + Verificaciones	UNKNOWN STEP	2026-09-07T13:34:16.9098519Z ^[[0m^[[32mDownload^[[0m https://jsr.io/@std/assert/0.224.0/assert_throws.ts
Typecheck + Tests + Verificaciones	UNKNOWN STEP	2026-09-07T13:34:16.9099402Z ^[[0m^[[32mDownload^[[0m https://jsr.io/@std/assert/0.224.0/assert.ts
Typecheck + Tests + Verificaciones	UNKNOWN STEP	2026-09-07T13:34:16.9100037Z ^[[0m^[[32mDownload^[[0m https://jsr.io/@std/assert/0.224.0/assertion_error.ts
Typecheck + Tests + Verificaciones	UNKNOWN STEP	2026-09-07T13:34:16.9100805Z ^[[0m^[[32mDownload^[[0m https://jsr.io/@std/assert/0.224.0/equal.ts
Typecheck + Tests + Verificaciones	UNKNOWN STEP	2026-09-07T13:34:16.9101369Z ^[[0m^[[32mDownload^[[0m https://jsr.io/@std/assert/0.224.0/fail.ts
Typecheck + Tests + Verificaciones	UNKNOWN STEP	2026-09-07T13:34:16.9101976Z ^[[0m^[[32mDownload^[[0m https://jsr.io/@std/assert/0.224.0/unimplemented.ts
Typecheck + Tests + Verificaciones	UNKNOWN STEP	2026-09-07T13:34:16.9102610Z ^[[0m^[[32mDownload^[[0m https://jsr.io/@std/assert/0.224.0/unreachable.ts
Typecheck + Tests + Verificaciones	UNKNOWN STEP	2026-09-07T13:34:16.9103228Z ^[[0m^[[32mDownload^[[0m https://jsr.io/@std/assert/1.0.19/almost_equals.ts
Typecheck + Tests + Verificaciones	UNKNOWN STEP	2026-09-07T13:34:16.9103845Z ^[[0m^[[32mDownload^[[0m https://jsr.io/@std/assert/1.0.19/array_includes.ts
Typecheck + Tests + Verificaciones	UNKNOWN STEP	2026-09-07T13:34:16.9104461Z ^[[0m^[[32mDownload^[[0m https://jsr.io/@std/assert/1.0.19/equals.ts
Typecheck + Tests + Verificaciones	UNKNOWN STEP	2026-09-07T13:34:16.9105027Z ^[[0m^[[32mDownload^[[0m https://jsr.io/@std/assert/1.0.19/exists.ts
Typecheck + Tests + Verificaciones	UNKNOWN STEP	2026-09-07T13:34:16.9105592Z ^[[0m^[[32mDownload^[[0m https://jsr.io/@std/assert/1.0.19/false.ts
Typecheck + Tests + Verificaciones	UNKNOWN STEP	2026-09-07T13:34:16.9106403Z ^[[0m^[[32mDownload^[[0m https://jsr.io/@std/assert/1.0.19/greater_or_equal.ts
Typecheck + Tests + Verificaciones	UNKNOWN STEP	2026-09-07T13:34:16.9107023Z ^[[0m^[[32mDownload^[[0m https://jsr.io/@std/assert/1.0.19/greater.ts
Typecheck + Tests + Verificaciones	UNKNOWN STEP	2026-09-07T13:34:16.9107615Z ^[[0m^[[32mDownload^[[0m https://jsr.io/@std/assert/1.0.19/instance_of.ts
Typecheck + Tests + Verificaciones	UNKNOWN STEP	2026-09-07T13:34:16.9108199Z ^[[0m^[[32mDownload^[[0m https://jsr.io/@std/assert/1.0.19/is_error.ts
Typecheck + Tests + Verificaciones	UNKNOWN STEP	2026-09-07T13:34:16.9108806Z ^[[0m^[[32mDownload^[[0m https://jsr.io/@std/assert/1.0.19/less_or_equal.ts
Typecheck + Tests + Verificaciones	UNKNOWN STEP	2026-09-07T13:34:16.9109383Z ^[[0m^[[32mDownload^[[0m https://jsr.io/@std/assert/1.0.19/less.ts
Typecheck + Tests + Verificaciones	UNKNOWN STEP	2026-09-07T13:34:16.9109939Z ^[[0m^[[32mDownload^[[0m https://jsr.io/@std/assert/1.0.19/match.ts
Typecheck + Tests + Verificaciones	UNKNOWN STEP	2026-09-07T13:34:16.9110512Z ^[[0m^[[32mDownload^[[0m https://jsr.io/@std/assert/1.0.19/not_equals.ts
Typecheck + Tests + Verificaciones	UNKNOWN STEP	2026-09-07T13:34:16.9111121Z ^[[0m^[[32mDownload^[[0m https://jsr.io/@std/assert/1.0.19/not_instance_of.ts
Typecheck + Tests + Verificaciones	UNKNOWN STEP	2026-09-07T13:34:16.9111769Z ^[[0m^[[32mDownload^[[0m https://jsr.io/@std/assert/1.0.19/not_match.ts
Typecheck + Tests + Verificaciones	UNKNOWN STEP	2026-09-07T13:34:16.9112393Z ^[[0m^[[32mDownload^[[0m https://jsr.io/@std/assert/1.0.19/not_strict_equals.ts
Typecheck + Tests + Verificaciones	UNKNOWN STEP	2026-09-07T13:34:16.9113018Z ^[[0m^[[32mDownload^[[0m https://jsr.io/@std/assert/1.0.19/object_match.ts
Typecheck + Tests + Verificaciones	UNKNOWN STEP	2026-09-07T13:34:16.9113608Z ^[[0m^[[32mDownload^[[0m https://jsr.io/@std/assert/1.0.19/rejects.ts
Typecheck + Tests + Verificaciones	UNKNOWN STEP	2026-09-07T13:34:16.9114198Z ^[[0m^[[32mDownload^[[0m https://jsr.io/@std/assert/1.0.19/strict_equals.ts
Typecheck + Tests + Verificaciones	UNKNOWN STEP	2026-09-07T13:34:16.9114841Z ^[[0m^[[32mDownload^[[0m https://jsr.io/@std/assert/1.0.19/string_includes.ts
Typecheck + Tests + Verificaciones	UNKNOWN STEP	2026-09-07T13:34:16.9115449Z ^[[0m^[[32mDownload^[[0m https://jsr.io/@std/assert/1.0.19/throws.ts
Typecheck + Tests + Verificaciones	UNKNOWN STEP	2026-09-07T13:34:16.9116143Z ^[[0m^[[32mDownload^[[0m https://jsr.io/@std/assert/1.0.19/assert.ts
Typecheck + Tests + Verificaciones	UNKNOWN STEP	2026-09-07T13:34:16.9116750Z ^[[0m^[[32mDownload^[[0m https://jsr.io/@std/assert/1.0.19/assertion_error.ts
Typecheck + Tests + Verificaciones	UNKNOWN STEP	2026-09-07T13:34:16.9117329Z ^[[0m^[[32mDownload^[[0m https://jsr.io/@std/assert/1.0.19/equal.ts
Typecheck + Tests + Verificaciones	UNKNOWN STEP	2026-09-07T13:34:16.9117879Z ^[[0m^[[32mDownload^[[0m https://jsr.io/@std/assert/1.0.19/fail.ts
Typecheck + Tests + Verificaciones	UNKNOWN STEP	2026-09-07T13:34:16.9118474Z ^[[0m^[[32mDownload^[[0m https://jsr.io/@std/assert/1.0.19/unimplemented.ts
Typecheck + Tests + Verificaciones	UNKNOWN STEP	2026-09-07T13:34:16.9119077Z ^[[0m^[[32mDownload^[[0m https://jsr.io/@std/assert/1.0.19/unreachable.ts
Typecheck + Tests + Verificaciones	UNKNOWN STEP	2026-09-07T13:34:16.9119674Z ^[[0m^[[32mDownload^[[0m https://jsr.io/@std/expect/1.0.20/_assertions.ts
Typecheck + Tests + Verificaciones	UNKNOWN STEP	2026-09-07T13:34:16.9120326Z ^[[0m^[[32mDownload^[[0m https://jsr.io/@std/expect/1.0.20/_custom_equality_tester.ts
Typecheck + Tests + Verificaciones	UNKNOWN STEP	2026-09-07T13:34:16.9120946Z ^[[0m^[[32mDownload^[[0m https://jsr.io/@std/expect/1.0.20/_equal.ts
Typecheck + Tests + Verificaciones	UNKNOWN STEP	2026-09-07T13:34:16.9121507Z ^[[0m^[[32mDownload^[[0m https://jsr.io/@std/expect/1.0.20/_extend.ts
Typecheck + Tests + Verificaciones	UNKNOWN STEP	2026-09-07T13:34:16.9122079Z ^[[0m^[[32mDownload^[[0m https://jsr.io/@std/expect/1.0.20/_matchers.ts
Typecheck + Tests + Verificaciones	UNKNOWN STEP	2026-09-07T13:34:16.9122667Z ^[[0m^[[32mDownload^[[0m https://jsr.io/@std/expect/1.0.20/_serializer.ts
Typecheck + Tests + Verificaciones	UNKNOWN STEP	2026-09-07T13:34:16.9123280Z ^[[0m^[[32mDownload^[[0m https://jsr.io/@std/expect/1.0.20/_utils.ts
Typecheck + Tests + Verificaciones	UNKNOWN STEP	2026-09-07T13:34:16.9123904Z ^[[0m^[[32mDownload^[[0m https://jsr.io/@std/expect/1.0.20/_asymmetric_matchers.ts
Typecheck + Tests + Verificaciones	UNKNOWN STEP	2026-09-07T13:34:16.9124688Z ^[[0m^[[32mDownload^[[0m https://jsr.io/@std/expect/1.0.20/_snapshot_state.ts
Typecheck + Tests + Verificaciones	UNKNOWN STEP	2026-09-07T13:34:16.9125314Z ^[[0m^[[32mDownload^[[0m https://jsr.io/@std/expect/1.0.20/_mock_util.ts
Typecheck + Tests + Verificaciones	UNKNOWN STEP	2026-09-07T13:34:16.9126039Z ^[[0m^[[32mDownload^[[0m https://jsr.io/@std/assert/0.224.0/_constants.ts
Typecheck + Tests + Verificaciones	UNKNOWN STEP	2026-09-07T13:34:16.9126840Z ^[[0m^[[32mDownload^[[0m https://jsr.io/@std/expect/1.0.20/_assert_is_error.ts
Typecheck + Tests + Verificaciones	UNKNOWN STEP	2026-09-07T13:34:16.9127474Z ^[[0m^[[32mDownload^[[0m https://jsr.io/@std/expect/1.0.20/_assert_equals.ts
Typecheck + Tests + Verificaciones	UNKNOWN STEP	2026-09-07T13:34:16.9128132Z ^[[0m^[[32mDownload^[[0m https://jsr.io/@std/expect/1.0.20/_assert_not_equals.ts
Typecheck + Tests + Verificaciones	UNKNOWN STEP	2026-09-07T13:34:16.9128784Z ^[[0m^[[32mDownload^[[0m https://jsr.io/@std/expect/1.0.20/_inspect_args.ts
Typecheck + Tests + Verificaciones	UNKNOWN STEP	2026-09-07T13:34:16.9129398Z ^[[0m^[[32mDownload^[[0m https://jsr.io/@std/expect/1.0.20/_build_message.ts
Typecheck + Tests + Verificaciones	UNKNOWN STEP	2026-09-07T13:34:16.9130032Z ^[[0m^[[32mDownload^[[0m https://jsr.io/@std/internal/1.0.14/assertion_state.ts
Typecheck + Tests + Verificaciones	UNKNOWN STEP	2026-09-07T13:34:16.9130635Z ^[[0m^[[32mDownload^[[0m https://jsr.io/@std/internal/0.224.0/format.ts
Typecheck + Tests + Verificaciones	UNKNOWN STEP	2026-09-07T13:34:16.9131213Z ^[[0m^[[32mDownload^[[0m https://jsr.io/@std/internal/0.224.0/mod.ts
Typecheck + Tests + Verificaciones	UNKNOWN STEP	2026-09-07T13:34:16.9131770Z ^[[0m^[[32mDownload^[[0m https://jsr.io/@std/fmt/0.224.0/colors.ts
Typecheck + Tests + Verificaciones	UNKNOWN STEP	2026-09-07T13:34:16.9132333Z ^[[0m^[[32mDownload^[[0m https://jsr.io/@std/internal/1.0.14/format.ts
Typecheck + Tests + Verificaciones	UNKNOWN STEP	2026-09-07T13:34:16.9132945Z ^[[0m^[[32mDownload^[[0m https://jsr.io/@std/internal/1.0.14/build_message.ts
Typecheck + Tests + Verificaciones	UNKNOWN STEP	2026-09-07T13:34:16.9133533Z ^[[0m^[[32mDownload^[[0m https://jsr.io/@std/internal/1.0.14/diff.ts
Typecheck + Tests + Verificaciones	UNKNOWN STEP	2026-09-07T13:34:16.9134107Z ^[[0m^[[32mDownload^[[0m https://jsr.io/@std/internal/1.0.14/diff_str.ts
Typecheck + Tests + Verificaciones	UNKNOWN STEP	2026-09-07T13:34:16.9134686Z ^[[0m^[[32mDownload^[[0m https://jsr.io/@std/internal/1.0.14/styles.ts
Typecheck + Tests + Verificaciones	UNKNOWN STEP	2026-09-07T13:34:16.9135246Z ^[[0m^[[32mDownload^[[0m https://jsr.io/@std/path/1.1.6/basename.ts
Typecheck + Tests + Verificaciones	UNKNOWN STEP	2026-09-07T13:34:16.9135794Z ^[[0m^[[32mDownload^[[0m https://jsr.io/@std/path/1.1.6/dirname.ts
Typecheck + Tests + Verificaciones	UNKNOWN STEP	2026-09-07T13:34:16.9136496Z ^[[0m^[[32mDownload^[[0m https://jsr.io/@std/path/1.1.6/from_file_url.ts
Typecheck + Tests + Verificaciones	UNKNOWN STEP	2026-09-07T13:34:16.9137043Z ^[[0m^[[32mDownload^[[0m https://jsr.io/@std/path/1.1.6/join.ts
Typecheck + Tests + Verificaciones	UNKNOWN STEP	2026-09-07T13:34:16.9137601Z ^[[0m^[[32mDownload^[[0m https://jsr.io/@std/internal/0.224.0/diff.ts
Typecheck + Tests + Verificaciones	UNKNOWN STEP	2026-09-07T13:34:16.9138182Z ^[[0m^[[32mDownload^[[0m https://jsr.io/@std/path/1.1.6/posix/basename.ts
Typecheck + Tests + Verificaciones	UNKNOWN STEP	2026-09-07T13:34:16.9138795Z ^[[0m^[[32mDownload^[[0m https://jsr.io/@std/path/1.1.6/windows/basename.ts
Typecheck + Tests + Verificaciones	UNKNOWN STEP	2026-09-07T13:34:16.9139395Z ^[[0m^[[32mDownload^[[0m https://jsr.io/@std/path/1.1.6/posix/dirname.ts
Typecheck + Tests + Verificaciones	UNKNOWN STEP	2026-09-07T13:34:16.9139988Z ^[[0m^[[32mDownload^[[0m https://jsr.io/@std/path/1.1.6/windows/dirname.ts
Typecheck + Tests + Verificaciones	UNKNOWN STEP	2026-09-07T13:34:16.9140613Z ^[[0m^[[32mDownload^[[0m https://jsr.io/@std/path/1.1.6/posix/from_file_url.ts
Typecheck + Tests + Verificaciones	UNKNOWN STEP	2026-09-07T13:34:16.9141253Z ^[[0m^[[32mDownload^[[0m https://jsr.io/@std/path/1.1.6/windows/from_file_url.ts
Typecheck + Tests + Verificaciones	UNKNOWN STEP	2026-09-07T13:34:16.9141859Z ^[[0m^[[32mDownload^[[0m https://jsr.io/@std/path/1.1.6/posix/join.ts
Typecheck + Tests + Verificaciones	UNKNOWN STEP	2026-09-07T13:34:16.9142437Z ^[[0m^[[32mDownload^[[0m https://jsr.io/@std/path/1.1.6/windows/join.ts
Typecheck + Tests + Verificaciones	UNKNOWN STEP	2026-09-07T13:34:16.9143035Z ^[[0m^[[32mDownload^[[0m https://jsr.io/@std/path/1.1.6/_common/basename.ts
Typecheck + Tests + Verificaciones	UNKNOWN STEP	2026-09-07T13:34:16.9143729Z ^[[0m^[[32mDownload^[[0m https://jsr.io/@std/path/1.1.6/_common/strip_trailing_separators.ts
Typecheck + Tests + Verificaciones	UNKNOWN STEP	2026-09-07T13:34:16.9144395Z ^[[0m^[[32mDownload^[[0m https://jsr.io/@std/path/1.1.6/posix/_util.ts
Typecheck + Tests + Verificaciones	UNKNOWN STEP	2026-09-07T13:34:16.9144988Z ^[[0m^[[32mDownload^[[0m https://jsr.io/@std/path/1.1.6/_common/constants.ts
Typecheck + Tests + Verificaciones	UNKNOWN STEP	2026-09-07T13:34:16.9145610Z ^[[0m^[[32mDownload^[[0m https://jsr.io/@std/path/1.1.6/windows/_util.ts
Typecheck + Tests + Verificaciones	UNKNOWN STEP	2026-09-07T13:34:16.9146358Z ^[[0m^[[32mDownload^[[0m https://jsr.io/@std/path/1.1.6/_common/dirname.ts
Typecheck + Tests + Verificaciones	UNKNOWN STEP	2026-09-07T13:34:16.9147009Z ^[[0m^[[32mDownload^[[0m https://jsr.io/@std/path/1.1.6/_common/from_file_url.ts
Typecheck + Tests + Verificaciones	UNKNOWN STEP	2026-09-07T13:34:16.9147672Z ^[[0m^[[32mDownload^[[0m https://jsr.io/@std/path/1.1.6/_common/assert_path.ts
Typecheck + Tests + Verificaciones	UNKNOWN STEP	2026-09-07T13:34:16.9148292Z ^[[0m^[[32mDownload^[[0m https://jsr.io/@std/path/1.1.6/posix/normalize.ts
Typecheck + Tests + Verificaciones	UNKNOWN STEP	2026-09-07T13:34:16.9148906Z ^[[0m^[[32mDownload^[[0m https://jsr.io/@std/path/1.1.6/windows/normalize.ts
Typecheck + Tests + Verificaciones	UNKNOWN STEP	2026-09-07T13:34:16.9149641Z ^[[0m^[[32mDownload^[[0m https://jsr.io/@std/path/1.1.6/_common/normalize.ts
Typecheck + Tests + Verificaciones	UNKNOWN STEP	2026-09-07T13:34:16.9150754Z ^[[0m^[[32mDownload^[[0m https://jsr.io/@std/path/1.1.6/_common/normalize_string.ts
Typecheck + Tests + Verificaciones	UNKNOWN STEP	2026-09-07T13:34:16.9160556Z ^[[0m^[[32mDownload^[[0m https://jsr.io/@std/internal/1.0.14/os.ts
Typecheck + Tests + Verificaciones	UNKNOWN STEP	2026-09-07T13:34:16.9161899Z ^[[0m^[[32mDownload^[[0m https://jsr.io/@std/internal/1.0.14/_os.ts
Typecheck + Tests + Verificaciones	UNKNOWN STEP	2026-09-07T13:34:17.0052802Z ^[[0m^[[38;5;245mrunning 3 tests from ./lib/agenda/bonificacionReasignacion.test.ts^[[0m
Typecheck + Tests + Verificaciones	UNKNOWN STEP	2026-09-07T13:34:17.0061199Z reasignacion entre misma categoria no genera diferencia de tarifa ... ^[[0m^[[32mok^[[0m ^[[0m^[[38;5;245m(723µs)^[[0m
Typecheck + Tests + Verificaciones	UNKNOWN STEP	2026-09-07T13:34:17.0063854Z reasignacion de estandar a master respetando precio absorbe la diferencia ... ^[[0m^[[32mok^[[0m ^[[0m^[[38;5;245m(121µs)^[[0m
Typecheck + Tests + Verificaciones	UNKNOWN STEP	2026-09-07T13:34:17.0065585Z reasignacion sin respetar precio aplica tarifa superior al cliente ... ^[[0m^[[32mok^[[0m ^[[0m^[[38;5;245m(121µs)^[[0m
Typecheck + Tests + Verificaciones	UNKNOWN STEP	2026-09-07T13:34:17.0393792Z ^[[0m^[[38;5;245mrunning 8 tests from ./lib/agenda/cadena.test.ts^[[0m
Typecheck + Tests + Verificaciones	UNKNOWN STEP	2026-09-07T13:34:17.0402172Z la cadena sale ordenada por orden_en_grupo ... ^[[0m^[[32mok^[[0m ^[[0m^[[38;5;245m(718µs)^[[0m
Typecheck + Tests + Verificaciones	UNKNOWN STEP	2026-09-07T13:34:17.0403821Z una cita sin grupo no tiene cadena ... ^[[0m^[[32mok^[[0m ^[[0m^[[38;5;245m(82µs)^[[0m
Typecheck + Tests + Verificaciones	UNKNOWN STEP	2026-09-07T13:34:17.0405611Z la cadena no arrastra a otra clienta aunque compartiera grupo ... ^[[0m^[[32mok^[[0m ^[[0m^[[38;5;245m(145µs)^[[0m
Typecheck + Tests + Verificaciones	UNKNOWN STEP	2026-09-07T13:34:17.0409599Z solo el primer eslabon dispara la operacion en cadena ... ^[[0m^[[32mok^[[0m ^[[0m^[[38;5;245m(155µs)^[[0m
Typecheck + Tests + Verificaciones	UNKNOWN STEP	2026-09-07T13:34:17.0411354Z sin orden_en_grupo el desempate es por hora ... ^[[0m^[[32mok^[[0m ^[[0m^[[38;5;245m(304µs)^[[0m
Typecheck + Tests + Verificaciones	UNKNOWN STEP	2026-09-07T13:34:17.0413805Z la cadena que se PINTA descarta las canceladas ... ^[[0m^[[32mok^[[0m ^[[0m^[[38;5;245m(204µs)^[[0m
Typecheck + Tests + Verificaciones	UNKNOWN STEP	2026-09-07T13:34:17.0521957Z una cadena con un solo eslabon vivo ya no se pinta como cadena ... ^[[0m^[[32mok^[[0m ^[[0m^[[38;5;245m(10ms)^[[0m
Typecheck + Tests + Verificaciones	UNKNOWN STEP	2026-09-07T13:34:17.0522861Z sin grupo_id no se pinta riel de cadena ... ^[[0m^[[32mok^[[0m ^[[0m^[[38;5;245m(85µs)^[[0m
Typecheck + Tests + Verificaciones	UNKNOWN STEP	2026-09-07T13:34:17.1381194Z ^[[0m^[[38;5;245mrunning 1 test from ./lib/agenda/citaFases.test.ts^[[0m
Typecheck + Tests + Verificaciones	UNKNOWN STEP	2026-09-07T13:34:17.1390947Z citaFases: múltiples fases y reposos asíncronos ...
Typecheck + Tests + Verificaciones	UNKNOWN STEP	2026-09-07T13:34:17.1402392Z   construye la secuencia completa de fases para un balayage con 2 reposos ... ^[[0m^[[32mok^[[0m ^[[0m^[[38;5;245m(1ms)^[[0m
Typecheck + Tests + Verificaciones	UNKNOWN STEP	2026-09-07T13:34:17.1409171Z   calcula las marcas de resumen clásicas sin perder compatibilidad ... ^[[0m^[[32mok^[[0m ^[[0m^[[38;5;245m(0ms)^[[0m
Typecheck + Tests + Verificaciones	UNKNOWN STEP	2026-09-07T13:34:17.1413412Z   desplaza todas las fases sincrónicamente al arrastrar la cita en agenda ... ^[[0m^[[32mok^[[0m ^[[0m^[[38;5;245m(1ms)^[[0m
Typecheck + Tests + Verificaciones	UNKNOWN STEP	2026-09-07T13:34:17.1418051Z   modificar la duración de un reposo desplaza solo las fases siguientes sin mover el inicio ... ^[[0m^[[32mok^[[0m ^[[0m^[[38;5;245m(0ms)^[[0m
Typecheck + Tests + Verificaciones	UNKNOWN STEP	2026-09-07T13:34:17.1422087Z   extrae correctamente las ventanas activas y los reposos múltiples ... ^[[0m^[[32mok^[[0m ^[[0m^[[38;5;245m(0ms)^[[0m
Typecheck + Tests + Verificaciones	UNKNOWN STEP	2026-09-07T13:34:17.1426339Z citaFases: múltiples fases y reposos asíncronos ... ^[[0m^[[32mok^[[0m ^[[0m^[[38;5;245m(4ms)^[[0m
Typecheck + Tests + Verificaciones	UNKNOWN STEP	2026-09-07T13:34:17.1758832Z ^[[0m^[[38;5;245mrunning 10 tests from ./lib/agenda/citasRealtime.test.ts^[[0m
Typecheck + Tests + Verificaciones	UNKNOWN STEP	2026-09-07T13:34:17.1766917Z una cita nueva dentro de la ventana entra en la lista ... ^[[0m^[[32mok^[[0m ^[[0m^[[38;5;245m(669µs)^[[0m
Typecheck + Tests + Verificaciones	UNKNOWN STEP	2026-09-07T13:34:17.1769572Z una cita fuera de la ventana cargada no se cuela ... ^[[0m^[[32mok^[[0m ^[[0m^[[38;5;245m(224µs)^[[0m
Typecheck + Tests + Verificaciones	UNKNOWN STEP	2026-09-07T13:34:17.1771434Z el INSERT de una cita que ya esta cargada no la duplica ... ^[[0m^[[32mok^[[0m ^[[0m^[[38;5;245m(127µs)^[[0m
Typecheck + Tests + Verificaciones	UNKNOWN STEP	2026-09-07T13:34:17.1773325Z un UPDATE conserva los campos que el evento no trae ... ^[[0m^[[32mok^[[0m ^[[0m^[[38;5;245m(121µs)^[[0m
Typecheck + Tests + Verificaciones	UNKNOWN STEP	2026-09-07T13:34:17.1779922Z cancelar una cita la retira si el salon no mira las canceladas ... ^[[0m^[[32mok^[[0m ^[[0m^[[38;5;245m(252µs)^[[0m
Typecheck + Tests + Verificaciones	UNKNOWN STEP	2026-09-07T13:34:17.1781714Z con el interruptor de canceladas encendido, la cancelada se queda ... ^[[0m^[[32mok^[[0m ^[[0m^[[38;5;245m(132µs)^[[0m
Typecheck + Tests + Verificaciones	UNKNOWN STEP	2026-09-07T13:34:17.1783316Z mover una cita fuera de la ventana la saca de la agenda ... ^[[0m^[[32mok^[[0m ^[[0m^[[38;5;245m(86µs)^[[0m
Typecheck + Tests + Verificaciones	UNKNOWN STEP	2026-09-07T13:34:17.1886624Z el borrado quita la cita ... ^[[0m^[[32mok^[[0m ^[[0m^[[38;5;245m(10ms)^[[0m
Typecheck + Tests + Verificaciones	UNKNOWN STEP	2026-09-07T13:34:17.1888590Z un borrado de un id que no teniamos se ignora ... ^[[0m^[[32mok^[[0m ^[[0m^[[38;5;245m(137µs)^[[0m
Typecheck + Tests + Verificaciones	UNKNOWN STEP	2026-09-07T13:34:17.1889748Z si no hay nada que cambiar se devuelve el mismo array ... ^[[0m^[[32mok^[[0m ^[[0m^[[38;5;245m(102µs)^[[0m
Typecheck + Tests + Verificaciones	UNKNOWN STEP	2026-09-07T13:34:17.2218231Z ^[[0m^[[38;5;245mrunning 2 tests from ./lib/agenda/desinfeccionPausas.test.ts^[[0m
Typecheck + Tests + Verificaciones	UNKNOWN STEP	2026-09-07T13:34:17.2221066Z decoloracion calcula 10 min de desinfeccion ... ^[[0m^[[32mok^[[0m ^[[0m^[[38;5;245m(699µs)^[[0m
Typecheck + Tests + Verificaciones	UNKNOWN STEP	2026-09-07T13:34:17.2223227Z estetica facial requiere 15 min de desinfeccion de cabina ... ^[[0m^[[32mok^[[0m ^[[0m^[[38;5;245m(94µs)^[[0m
Typecheck + Tests + Verificaciones	UNKNOWN STEP	2026-09-07T13:34:17.2538390Z ^[[0m^[[38;5;245mrunning 2 tests from ./lib/agenda/serviciosCompatiblesReposo.test.ts^[[0m
Typecheck + Tests + Verificaciones	UNKNOWN STEP	2026-09-07T13:34:17.2547627Z la cinta de aqui cabe filtra por reposo real, no por un numero suelto ... ^[[0m^[[32mok^[[0m ^[[0m^[[38;5;245m(797µs)^[[0m
Typecheck + Tests + Verificaciones	UNKNOWN STEP	2026-09-07T13:34:17.2550860Z sin reposos ni catalogo la cinta no dice nada ... ^[[0m^[[32mok^[[0m ^[[0m^[[38;5;245m(152µs)^[[0m
Typecheck + Tests + Verificaciones	UNKNOWN STEP	2026-09-07T13:34:17.3043136Z ^[[0m^[[38;5;245mrunning 8 tests from ./lib/agenda/solapeAlSoltar.test.ts^[[0m
Typecheck + Tests + Verificaciones	UNKNOWN STEP	2026-09-07T13:34:17.3052609Z sin filas frescas no hay choque ... ^[[0m^[[32mok^[[0m ^[[0m^[[38;5;245m(823µs)^[[0m
Typecheck + Tests + Verificaciones	UNKNOWN STEP	2026-09-07T13:34:17.3058368Z choque de frente: dos fases activas pisandose ... ^[[0m^[[32mok^[[0m ^[[0m^[[38;5;245m(521µs)^[[0m
Typecheck + Tests + Verificaciones	UNKNOWN STEP	2026-09-07T13:34:17.3060450Z la que entra justo cuando la otra sale no choca ... ^[[0m^[[32mok^[[0m ^[[0m^[[38;5;245m(137µs)^[[0m
Typecheck + Tests + Verificaciones	UNKNOWN STEP	2026-09-07T13:34:17.3062187Z encajar en el REPOSO de otra cita esta permitido (el diferencial) ... ^[[0m^[[32mok^[[0m ^[[0m^[[38;5;245m(133µs)^[[0m
Typecheck + Tests + Verificaciones	UNKNOWN STEP	2026-09-07T13:34:17.3065738Z pisar la segunda fase activa de otra cita SI choca ... ^[[0m^[[32mok^[[0m ^[[0m^[[38;5;245m(169µs)^[[0m
Typecheck + Tests + Verificaciones	UNKNOWN STEP	2026-09-07T13:34:17.3069485Z la cita movida no choca consigo misma ... ^[[0m^[[32mok^[[0m ^[[0m^[[38;5;245m(121µs)^[[0m
Typecheck + Tests + Verificaciones	UNKNOWN STEP	2026-09-07T13:34:17.3072316Z REGRESION: la SEGUNDA fase activa de la cita que se mueve tambien cuenta ... ^[[0m^[[32mok^[[0m ^[[0m^[[38;5;245m(170µs)^[[0m
Typecheck + Tests + Verificaciones	UNKNOWN STEP	2026-09-07T13:34:17.3075111Z REGRESION: sin fin_espera la otra cita ocupa ENTERA, no solo hasta fin_activa ... ^[[0m^[[32mok^[[0m ^[[0m^[[38;5;245m(118µs)^[[0m
Typecheck + Tests + Verificaciones	UNKNOWN STEP	2026-09-07T13:34:17.3406538Z ^[[0m^[[38;5;245mrunning 2 tests from ./lib/agenda/validadorFestivosTurnos.test.ts^[[0m
Typecheck + Tests + Verificaciones	UNKNOWN STEP	2026-09-07T13:34:17.3414645Z bloquea reserva en festivo cerrado completo (Navidad/Año Nuevo) ... ^[[0m^[[32mok^[[0m ^[[0m^[[38;5;245m(704µs)^[[0m
Typecheck + Tests + Verificaciones	UNKNOWN STEP	2026-09-07T13:34:17.3416843Z bloquea reserva si el profesional tiene dia libre en su turno rotativo ... ^[[0m^[[32mok^[[0m ^[[0m^[[38;5;245m(138µs)^[[0m
Typecheck + Tests + Verificaciones	UNKNOWN STEP	2026-09-07T13:34:17.3754163Z ^[[0m^[[38;5;245mrunning 18 tests from ./lib/agendaUndo.test.ts^[[0m
Typecheck + Tests + Verificaciones	UNKNOWN STEP	2026-09-07T13:34:17.3761722Z pila vacia: no hay nada que deshacer ni rehacer ... ^[[0m^[[32mok^[[0m ^[[0m^[[38;5;245m(675µs)^[[0m
Typecheck + Tests + Verificaciones	UNKNOWN STEP	2026-09-07T13:34:17.3765579Z deshacer devuelve el paso con los valores ANTES ... ^[[0m^[[32mok^[[0m ^[[0m^[[38;5;245m(317µs)^[[0m
Typecheck + Tests + Verificaciones	UNKNOWN STEP	2026-09-07T13:34:17.3869653Z rehacer devuelve el mismo paso y lo repone en deshacer ... ^[[0m^[[32mok^[[0m ^[[0m^[[38;5;245m(10ms)^[[0m
Typecheck + Tests + Verificaciones	UNKNOWN STEP	2026-09-07T13:34:17.3873476Z ciclo completo deshacer->rehacer->deshacer es estable ... ^[[0m^[[32mok^[[0m ^[[0m^[[38;5;245m(174µs)^[[0m
Typecheck + Tests + Verificaciones	UNKNOWN STEP	2026-09-07T13:34:17.3875112Z un cambio nuevo invalida la pila de rehacer ... ^[[0m^[[32mok^[[0m ^[[0m^[[38;5;245m(134µs)^[[0m
Typecheck + Tests + Verificaciones	UNKNOWN STEP	2026-09-07T13:34:17.3877442Z un movimiento que no mueve nada no gasta un paso ... ^[[0m^[[32mok^[[0m ^[[0m^[[38;5;245m(107µs)^[[0m
Typecheck + Tests + Verificaciones	UNKNOWN STEP	2026-09-07T13:34:17.3879073Z un cambio de solo profesional SI cuenta como movimiento ... ^[[0m^[[32mok^[[0m ^[[0m^[[38;5;245m(110µs)^[[0m
Typecheck + Tests + Verificaciones	UNKNOWN STEP	2026-09-07T13:34:17.3881438Z un lote multi-cita (cascada del organizador) se deshace entero ... ^[[0m^[[32mok^[[0m ^[[0m^[[38;5;245m(120µs)^[[0m
Typecheck + Tests + Verificaciones	UNKNOWN STEP	2026-09-07T13:34:17.3883264Z la pila se corta en MAX_PASOS y conserva los mas recientes ... ^[[0m^[[32mok^[[0m ^[[0m^[[38;5;245m(190µs)^[[0m
Typecheck + Tests + Verificaciones	UNKNOWN STEP	2026-09-07T13:34:17.3884704Z snapshotDe normaliza las fases ausentes a null ... ^[[0m^[[32mok^[[0m ^[[0m^[[38;5;245m(114µs)^[[0m
Typecheck + Tests + Verificaciones	UNKNOWN STEP	2026-09-07T13:34:17.3886439Z mismoSitio compara las 5 marcas, no solo la hora ... ^[[0m^[[32mok^[[0m ^[[0m^[[38;5;245m(100µs)^[[0m
Typecheck + Tests + Verificaciones	UNKNOWN STEP	2026-09-07T13:34:17.3888585Z mismoSitioInstante iguala la misma hora escrita de dos formas ... ^[[0m^[[32mok^[[0m ^[[0m^[[38;5;245m(108µs)^[[0m
Typecheck + Tests + Verificaciones	UNKNOWN STEP	2026-09-07T13:34:17.3890208Z mismoSitioInstante sigue viendo los movimientos de verdad ... ^[[0m^[[32mok^[[0m ^[[0m^[[38;5;245m(85µs)^[[0m
Typecheck + Tests + Verificaciones	UNKNOWN STEP	2026-09-07T13:34:17.3892220Z mismoSitioInstante no da por buena una marca ilegible ... ^[[0m^[[32mok^[[0m ^[[0m^[[38;5;245m(92µs)^[[0m
Typecheck + Tests + Verificaciones	UNKNOWN STEP	2026-09-07T13:34:17.3893559Z registrar ignora el drag que devuelve la cita a su sitio ... ^[[0m^[[32mok^[[0m ^[[0m^[[38;5;245m(106µs)^[[0m
Typecheck + Tests + Verificaciones	UNKNOWN STEP	2026-09-07T13:34:17.3895829Z descartar tira el paso imposible sin pasarlo al otro lado ... ^[[0m^[[32mok^[[0m ^[[0m^[[38;5;245m(143µs)^[[0m
Typecheck + Tests + Verificaciones	UNKNOWN STEP	2026-09-07T13:34:17.3897472Z descartar del lado de rehacer no toca la pila de deshacer ... ^[[0m^[[32mok^[[0m ^[[0m^[[38;5;245m(92µs)^[[0m
Typecheck + Tests + Verificaciones	UNKNOWN STEP	2026-09-07T13:34:17.3900643Z descartar sobre una pila vacia no revienta ... ^[[0m^[[32mok^[[0m ^[[0m^[[38;5;245m(176µs)^[[0m
Typecheck + Tests + Verificaciones	UNKNOWN STEP	2026-09-07T13:34:17.4226115Z ^[[0m^[[38;5;245mrunning 2 tests from ./lib/bonos/consumoBonos.test.ts^[[0m
Typecheck + Tests + Verificaciones	UNKNOWN STEP	2026-09-07T13:34:17.4233888Z bono activo con sesiones descuenta 1 sesion correctamente ... ^[[0m^[[32mok^[[0m ^[[0m^[[38;5;245m(704µs)^[[0m
Typecheck + Tests + Verificaciones	UNKNOWN STEP	2026-09-07T13:34:17.4372017Z bono caducado no permite consumo y reporta motivo ... ^[[0m^[[32mok^[[0m ^[[0m^[[38;5;245m(13ms)^[[0m
Typecheck + Tests + Verificaciones	UNKNOWN STEP	2026-09-07T13:34:17.4697693Z ^[[0m^[[38;5;245mrunning 1 test from ./lib/caja/arqueoCajaPropinas.test.ts^[[0m
Typecheck + Tests + Verificaciones	UNKNOWN STEP	2026-09-07T13:34:17.4707657Z arqueo calcula correctamente efectivo, tarjeta y propinas por estilista ... ^[[0m^[[32mok^[[0m ^[[0m^[[38;5;245m(909µs)^[[0m
Typecheck + Tests + Verificaciones	UNKNOWN STEP	2026-09-07T13:34:17.5039455Z ^[[0m^[[38;5;245mrunning 3 tests from ./lib/caja/cobroMultiPago.test.ts^[[0m
Typecheck + Tests + Verificaciones	UNKNOWN STEP	2026-09-07T13:34:17.5048203Z cobro exacto en efectivo y tarjeta es valido ... ^[[0m^[[32mok^[[0m ^[[0m^[[38;5;245m(764µs)^[[0m
Typecheck + Tests + Verificaciones	UNKNOWN STEP	2026-09-07T13:34:17.5050007Z cobro insuficiente reporta error con importe faltante ... ^[[0m^[[32mok^[[0m ^[[0m^[[38;5;245m(135µs)^[[0m
Typecheck + Tests + Verificaciones	UNKNOWN STEP	2026-09-07T13:34:17.5051692Z cobro con sobrepago devuelve cambio positivo ... ^[[0m^[[32mok^[[0m ^[[0m^[[38;5;245m(109µs)^[[0m
Typecheck + Tests + Verificaciones	UNKNOWN STEP	2026-09-07T13:34:17.5376394Z ^[[0m^[[38;5;245mrunning 1 test from ./lib/caja/propinasAcumuladas.test.ts^[[0m
Typecheck + Tests + Verificaciones	UNKNOWN STEP	2026-09-07T13:34:17.5384963Z acumula propinas por estilista y ordena de mayor a menor total ... ^[[0m^[[32mok^[[0m ^[[0m^[[38;5;245m(812µs)^[[0m
Typecheck + Tests + Verificaciones	UNKNOWN STEP	2026-09-07T13:34:17.5716140Z ^[[0m^[[38;5;245mrunning 10 tests from ./lib/caja/sesionCaja.test.ts^[[0m
Typecheck + Tests + Verificaciones	UNKNOWN STEP	2026-09-07T13:34:17.5723665Z el conteo suma billetes y monedas ... ^[[0m^[[32mok^[[0m ^[[0m^[[38;5;245m(657µs)^[[0m
Typecheck + Tests + Verificaciones	UNKNOWN STEP	2026-09-07T13:34:17.5725045Z una caja vacia suma cero ... ^[[0m^[[32mok^[[0m ^[[0m^[[38;5;245m(83µs)^[[0m
Typecheck + Tests + Verificaciones	UNKNOWN STEP	2026-09-07T13:34:17.5726459Z las cantidades absurdas no cuentan ... ^[[0m^[[32mok^[[0m ^[[0m^[[38;5;245m(86µs)^[[0m
Typecheck + Tests + Verificaciones	UNKNOWN STEP	2026-09-07T13:34:17.5730670Z el euro con el que se cuenta es el de verdad ... ^[[0m^[[32mok^[[0m ^[[0m^[[38;5;245m(255µs)^[[0m
Typecheck + Tests + Verificaciones	UNKNOWN STEP	2026-09-07T13:34:17.5732302Z cuadrar es cuadrar ... ^[[0m^[[32mok^[[0m ^[[0m^[[38;5;245m(155µs)^[[0m
Typecheck + Tests + Verificaciones	UNKNOWN STEP	2026-09-07T13:34:17.5733820Z hasta 5 EUR es un despiste; mas, no ... ^[[0m^[[32mok^[[0m ^[[0m^[[38;5;245m(81µs)^[[0m
Typecheck + Tests + Verificaciones	UNKNOWN STEP	2026-09-07T13:34:17.5838677Z sobrar tambien es descuadrar ... ^[[0m^[[32mok^[[0m ^[[0m^[[38;5;245m(10ms)^[[0m
Typecheck + Tests + Verificaciones	UNKNOWN STEP	2026-09-07T13:34:17.5841211Z el resumen del cierre trae ya el veredicto ... ^[[0m^[[32mok^[[0m ^[[0m^[[38;5;245m(313µs)^[[0m
Typecheck + Tests + Verificaciones	UNKNOWN STEP	2026-09-07T13:34:17.5843166Z los euros se escriben como en España ... ^[[0m^[[32mok^[[0m ^[[0m^[[38;5;245m(136µs)^[[0m
Typecheck + Tests + Verificaciones	UNKNOWN STEP	2026-09-07T13:34:17.5844836Z las denominaciones se llaman como en el cajon ... ^[[0m^[[32mok^[[0m ^[[0m^[[38;5;245m(118µs)^[[0m
Typecheck + Tests + Verificaciones	UNKNOWN STEP	2026-09-07T13:34:17.6228199Z ^[[0m^[[38;5;245mrunning 1 test from ./lib/caja/ticketPdf.test.ts^[[0m
Typecheck + Tests + Verificaciones	UNKNOWN STEP	2026-09-07T13:34:17.7738638Z el ticket real produce un PDF valido ...
Typecheck + Tests + Verificaciones	UNKNOWN STEP	2026-09-07T13:34:17.7740365Z ^[[0m^[[38;5;245m------- post-test output -------^[[0m
Typecheck + Tests + Verificaciones	UNKNOWN STEP	2026-09-07T13:34:17.7741180Z   PDF generado: 6646 bytes
Typecheck + Tests + Verificaciones	UNKNOWN STEP	2026-09-07T13:34:17.7924831Z ^[[0m^[[38;5;245m----- post-test output end -----^[[0m
Typecheck + Tests + Verificaciones	UNKNOWN STEP	2026-09-07T13:34:17.7925744Z el ticket real produce un PDF valido ... ^[[0m^[[32mok^[[0m ^[[0m^[[38;5;245m(169ms)^[[0m
Typecheck + Tests + Verificaciones	UNKNOWN STEP	2026-09-07T13:34:17.8280927Z ^[[0m^[[38;5;245mrunning 2 tests from ./lib/caja/verifactuHash.test.ts^[[0m
Typecheck + Tests + Verificaciones	UNKNOWN STEP	2026-09-07T13:34:17.8294429Z calcula hash SHA-256 inmutable de factura VeriFactu ... ^[[0m^[[32mok^[[0m ^[[0m^[[38;5;245m(1ms)^[[0m
Typecheck + Tests + Verificaciones	UNKNOWN STEP	2026-09-07T13:34:17.8297078Z detecta alteracion de importe en factura VeriFactu ... ^[[0m^[[32mok^[[0m ^[[0m^[[38;5;245m(215µs)^[[0m
Typecheck + Tests + Verificaciones	UNKNOWN STEP	2026-09-07T13:34:17.8608419Z ^[[0m^[[38;5;245mrunning 3 tests from ./lib/chispaPrompts.test.ts^[[0m
Typecheck + Tests + Verificaciones	UNKNOWN STEP	2026-09-07T13:34:17.8614745Z buildPromptPagina incluye pagina, objetivo y accion esperada ... ^[[0m^[[32mok^[[0m ^[[0m^[[38;5;245m(519µs)^[[0m
Typecheck + Tests + Verificaciones	UNKNOWN STEP	2026-09-07T13:34:17.8617803Z buildPromptPagina siempre recuerda el contrato Titular -> Visual ... ^[[0m^[[32mok^[[0m ^[[0m^[[38;5;245m(75µs)^[[0m
Typecheck + Tests + Verificaciones	UNKNOWN STEP	2026-09-07T13:34:17.8619771Z buildPromptPagina sin accion esperada no inventa una accion ... ^[[0m^[[32mok^[[0m ^[[0m^[[38;5;245m(105µs)^[[0m
Typecheck + Tests + Verificaciones	UNKNOWN STEP	2026-09-07T13:34:17.8931019Z ^[[0m^[[38;5;245mrunning 9 tests from ./lib/chispaWakeWordUtils.test.ts^[[0m
Typecheck + Tests + Verificaciones	UNKNOWN STEP	2026-09-07T13:34:17.8938935Z normaliza mayusculas y tildes ... ^[[0m^[[32mok^[[0m ^[[0m^[[38;5;245m(703µs)^[[0m
Typecheck + Tests + Verificaciones	UNKNOWN STEP	2026-09-07T13:34:17.8940258Z colapsa espacios repetidos ... ^[[0m^[[32mok^[[0m ^[[0m^[[38;5;245m(114µs)^[[0m
Typecheck + Tests + Verificaciones	UNKNOWN STEP	2026-09-07T13:34:17.8943183Z detecta la frase exacta sin texto adicional ... ^[[0m^[[32mok^[[0m ^[[0m^[[38;5;245m(180µs)^[[0m
Typecheck + Tests + Verificaciones	UNKNOWN STEP	2026-09-07T13:34:17.8944865Z detecta la frase con un comando pegado en la misma frase ... ^[[0m^[[32mok^[[0m ^[[0m^[[38;5;245m(114µs)^[[0m
Typecheck + Tests + Verificaciones	UNKNOWN STEP	2026-09-07T13:34:17.8948382Z detecta la frase con texto delante ("oye, hola mecha") ... ^[[0m^[[32mok^[[0m ^[[0m^[[38;5;245m(120µs)^[[0m
Typecheck + Tests + Verificaciones	UNKNOWN STEP	2026-09-07T13:34:17.8950129Z detecta la variante "hola chispa" ... ^[[0m^[[32mok^[[0m ^[[0m^[[38;5;245m(127µs)^[[0m
Typecheck + Tests + Verificaciones	UNKNOWN STEP	2026-09-07T13:34:17.8952769Z no detecta si no aparece ninguna frase ... ^[[0m^[[32mok^[[0m ^[[0m^[[38;5;245m(84µs)^[[0m
Typecheck + Tests + Verificaciones	UNKNOWN STEP	2026-09-07T13:34:17.8954463Z ignora tildes/mayusculas en la frase de activacion ... ^[[0m^[[32mok^[[0m ^[[0m^[[38;5;245m(139µs)^[[0m
Typecheck + Tests + Verificaciones	UNKNOWN STEP	2026-09-07T13:34:17.8955416Z FRASES_ACTIVACION incluye mecha y chispa ... ^[[0m^[[32mok^[[0m ^[[0m^[[38;5;245m(74µs)^[[0m
Typecheck + Tests + Verificaciones	UNKNOWN STEP	2026-09-07T13:34:17.9277819Z ^[[0m^[[38;5;245mrunning 3 tests from ./lib/chunkCaducado.test.ts^[[0m
Typecheck + Tests + Verificaciones	UNKNOWN STEP	2026-09-07T13:34:17.9285425Z reconoce los mensajes vistos en produccion ... ^[[0m^[[32mok^[[0m ^[[0m^[[38;5;245m(698µs)^[[0m
Typecheck + Tests + Verificaciones	UNKNOWN STEP	2026-09-07T13:34:17.9287409Z reconoce las redacciones del resto de navegadores ... ^[[0m^[[32mok^[[0m ^[[0m^[[38;5;245m(121µs)^[[0m
Typecheck + Tests + Verificaciones	UNKNOWN STEP	2026-09-07T13:34:17.9291542Z no confunde un error cualquiera con un despliegue ... ^[[0m^[[32mok^[[0m ^[[0m^[[38;5;245m(373µs)^[[0m
Typecheck + Tests + Verificaciones	UNKNOWN STEP	2026-09-07T13:34:17.9614115Z ^[[0m^[[38;5;245mrunning 12 tests from ./lib/citasEstados.test.ts^[[0m
Typecheck + Tests + Verificaciones	UNKNOWN STEP	2026-09-07T13:34:17.9622224Z una cita pendiente ocupa hueco (era la causa de la doble columna) ... ^[[0m^[[32mok^[[0m ^[[0m^[[38;5;245m(630µs)^[[0m
Typecheck + Tests + Verificaciones	UNKNOWN STEP	2026-09-07T13:34:17.9623842Z cancelada y no-show liberan el hueco ... ^[[0m^[[32mok^[[0m ^[[0m^[[38;5;245m(64µs)^[[0m
Typecheck + Tests + Verificaciones	UNKNOWN STEP	2026-09-07T13:34:17.9625450Z una cita completada sigue ocupando su hueco ... ^[[0m^[[32mok^[[0m ^[[0m^[[38;5;245m(62µs)^[[0m
Typecheck + Tests + Verificaciones	UNKNOWN STEP	2026-09-07T13:34:17.9728344Z ocupar hueco y seguir viva son cosas distintas ... ^[[0m^[[32mok^[[0m ^[[0m^[[38;5;245m(10ms)^[[0m
Typecheck + Tests + Verificaciones	UNKNOWN STEP	2026-09-07T13:34:17.9730262Z bloqueaSolape aguanta null/undefined/estado desconocido ... ^[[0m^[[32mok^[[0m ^[[0m^[[38;5;245m(163µs)^[[0m
Typecheck + Tests + Verificaciones	UNKNOWN STEP	2026-09-07T13:34:17.9732296Z solo cancelada y no-show quedan fuera del reparto de carriles ... ^[[0m^[[32mok^[[0m ^[[0m^[[38;5;245m(103µs)^[[0m
Typecheck + Tests + Verificaciones	UNKNOWN STEP	2026-09-07T13:34:17.9734247Z lo que ocupa hueco nunca queda fuera del reparto de carriles ... ^[[0m^[[32mok^[[0m ^[[0m^[[38;5;245m(85µs)^[[0m
Typecheck + Tests + Verificaciones	UNKNOWN STEP	2026-09-07T13:34:17.9736365Z CITA_STATUS_ACTIVOS concuerda con el predicado esActiva ... ^[[0m^[[32mok^[[0m ^[[0m^[[38;5;245m(132µs)^[[0m
Typecheck + Tests + Verificaciones	UNKNOWN STEP	2026-09-07T13:34:17.9738340Z ningun estado esta a la vez en bloquea-solape y sin-carril ... ^[[0m^[[32mok^[[0m ^[[0m^[[38;5;245m(185µs)^[[0m
Typecheck + Tests + Verificaciones	UNKNOWN STEP	2026-09-07T13:34:17.9740489Z pendiente tiene color propio y NO hereda el de confirmada ... ^[[0m^[[32mok^[[0m ^[[0m^[[38;5;245m(154µs)^[[0m
Typecheck + Tests + Verificaciones	UNKNOWN STEP	2026-09-07T13:34:17.9742351Z todos los estados reales tienen color definido ... ^[[0m^[[32mok^[[0m ^[[0m^[[38;5;245m(102µs)^[[0m
Typecheck + Tests + Verificaciones	UNKNOWN STEP	2026-09-07T13:34:17.9744058Z un estado desconocido no revienta: cae en neutro legible ... ^[[0m^[[32mok^[[0m ^[[0m^[[38;5;245m(75µs)^[[0m
Typecheck + Tests + Verificaciones	UNKNOWN STEP	2026-09-07T13:34:18.0057037Z ^[[0m^[[38;5;245mrunning 3 tests from ./lib/clientes/detectarDuplicados.test.ts^[[0m
Typecheck + Tests + Verificaciones	UNKNOWN STEP	2026-09-07T13:34:18.0067017Z detecta duplicado por telefono igual y sugiere conservar el mas activo ... ^[[0m^[[32mok^[[0m ^[[0m^[[38;5;245m(837µs)^[[0m
Typecheck + Tests + Verificaciones	UNKNOWN STEP	2026-09-07T13:34:18.0069126Z detecta duplicado por email igual (case-insensitive) ... ^[[0m^[[32mok^[[0m ^[[0m^[[38;5;245m(157µs)^[[0m
Typecheck + Tests + Verificaciones	UNKNOWN STEP	2026-09-07T13:34:18.0071133Z clientes completamente distintos no generan duplicados ... ^[[0m^[[32mok^[[0m ^[[0m^[[38;5;245m(111µs)^[[0m
Typecheck + Tests + Verificaciones	UNKNOWN STEP	2026-09-07T13:34:18.0520635Z ^[[0m^[[38;5;245mrunning 38 tests from ./lib/comisiones/motor.test.js^[[0m
Typecheck + Tests + Verificaciones	UNKNOWN STEP	2026-09-07T13:34:18.0528202Z el IVA de peluqueria es el 21 % ... ^[[0m^[[32mok^[[0m ^[[0m^[[38;5;245m(684µs)^[[0m
Typecheck + Tests + Verificaciones	UNKNOWN STEP	2026-09-07T13:34:18.0530324Z la cuota patronal suma los seis conceptos, no solo contingencias comunes ... ^[[0m^[[32mok^[[0m ^[[0m^[[38;5;245m(111µs)^[[0m
Typecheck + Tests + Verificaciones	UNKNOWN STEP	2026-09-07T13:34:18.0532332Z el SMI en 12 pagas es coherente con el anual ... ^[[0m^[[32mok^[[0m ^[[0m^[[38;5;245m(152µs)^[[0m
Typecheck + Tests + Verificaciones	UNKNOWN STEP	2026-09-07T13:34:18.0540283Z la comision se calcula sobre la base SIN IVA, no sobre el precio con IVA ... ^[[0m^[[32mok^[[0m ^[[0m^[[38;5;245m(635µs)^[[0m
Typecheck + Tests + Verificaciones	UNKNOWN STEP	2026-09-07T13:34:18.0542295Z si la facturacion se introduce ya sin IVA no se le quita dos veces ... ^[[0m^[[32mok^[[0m ^[[0m^[[38;5;245m(187µs)^[[0m
Typecheck + Tests + Verificaciones	UNKNOWN STEP	2026-09-07T13:34:18.0544885Z las propinas no comisionan por defecto: son del trabajador ... ^[[0m^[[32mok^[[0m ^[[0m^[[38;5;245m(141µs)^[[0m
Typecheck + Tests + Verificaciones	UNKNOWN STEP	2026-09-07T13:34:18.0547080Z si el salon las reparte, las propinas si entran en la base ... ^[[0m^[[32mok^[[0m ^[[0m^[[38;5;245m(130µs)^[[0m
Typecheck + Tests + Verificaciones	UNKNOWN STEP	2026-09-07T13:34:18.0549536Z el coste de empresa no es el sueldo: lleva la cuota patronal encima ... ^[[0m^[[32mok^[[0m ^[[0m^[[38;5;245m(179µs)^[[0m
Typecheck + Tests + Verificaciones	UNKNOWN STEP	2026-09-07T13:34:18.0551586Z se puede desactivar el coste de empresa (autonomos, simulaciones rapidas) ... ^[[0m^[[32mok^[[0m ^[[0m^[[38;5;245m(122µs)^[[0m
Typecheck + Tests + Verificaciones	UNKNOWN STEP	2026-09-07T13:34:18.0553915Z avisa cuando el resultado deja al profesional por debajo del minimo ... ^[[0m^[[32mok^[[0m ^[[0m^[[38;5;245m(158µs)^[[0m
Typecheck + Tests + Verificaciones	UNKNOWN STEP	2026-09-07T13:34:18.0555741Z no avisa del suelo cuando el bruto lo supera ... ^[[0m^[[32mok^[[0m ^[[0m^[[38;5;245m(110µs)^[[0m
Typecheck + Tests + Verificaciones	UNKNOWN STEP	2026-09-07T13:34:18.0558101Z un profesional sin facturacion ni fijo no dispara el aviso de suelo ... ^[[0m^[[32mok^[[0m ^[[0m^[[38;5;245m(147µs)^[[0m
Typecheck + Tests + Verificaciones	UNKNOWN STEP	2026-09-07T13:34:18.0561561Z los tramos son progresivos: cada porcion a su tipo ... ^[[0m^[[32mok^[[0m ^[[0m^[[38;5;245m(265µs)^[[0m
Typecheck + Tests + Verificaciones	UNKNOWN STEP	2026-09-07T13:34:18.0563653Z en modo no progresivo toda la base va al tipo del tramo donde cae ... ^[[0m^[[32mok^[[0m ^[[0m^[[38;5;245m(86µs)^[[0m
Typecheck + Tests + Verificaciones	UNKNOWN STEP	2026-09-07T13:34:18.0567964Z los tramos se ordenan aunque lleguen desordenados ... ^[[0m^[[32mok^[[0m ^[[0m^[[38;5;245m(90µs)^[[0m
Typecheck + Tests + Verificaciones	UNKNOWN STEP	2026-09-07T13:34:18.0569610Z base por debajo del primer tramo, o sin tramos, da cero sin reventar ... ^[[0m^[[32mok^[[0m ^[[0m^[[38;5;245m(98µs)^[[0m
Typecheck + Tests + Verificaciones	UNKNOWN STEP	2026-09-07T13:34:18.0571632Z el detalle por tramos cuadra con el total ... ^[[0m^[[32mok^[[0m ^[[0m^[[38;5;245m(189µs)^[[0m
Typecheck + Tests + Verificaciones	UNKNOWN STEP	2026-09-07T13:34:18.0573571Z avisa si el primer tramo no empieza en cero (facturacion que no comisiona) ... ^[[0m^[[32mok^[[0m ^[[0m^[[38;5;245m(226µs)^[[0m
Typecheck + Tests + Verificaciones	UNKNOWN STEP	2026-09-07T13:34:18.0576284Z avisa de los huecos entre tramos ... ^[[0m^[[32mok^[[0m ^[[0m^[[38;5;245m(150µs)^[[0m
Typecheck + Tests + Verificaciones	UNKNOWN STEP	2026-09-07T13:34:18.0578268Z avisa si se pide tramos y no hay ninguno definido ... ^[[0m^[[32mok^[[0m ^[[0m^[[38;5;245m(149µs)^[[0m
Typecheck + Tests + Verificaciones	UNKNOWN STEP	2026-09-07T13:34:18.0580739Z cada categoria comisiona a su porcentaje ... ^[[0m^[[32mok^[[0m ^[[0m^[[38;5;245m(184µs)^[[0m
Typecheck + Tests + Verificaciones	UNKNOWN STEP	2026-09-07T13:34:18.0582665Z una categoria sin porcentaje propio usa el de por defecto ... ^[[0m^[[32mok^[[0m ^[[0m^[[38;5;245m(86µs)^[[0m
Typecheck + Tests + Verificaciones	UNKNOWN STEP	2026-09-07T13:34:18.0584540Z el modelo por categoria quita el IVA a cada categoria ... ^[[0m^[[32mok^[[0m ^[[0m^[[38;5;245m(144µs)^[[0m
Typecheck + Tests + Verificaciones	UNKNOWN STEP	2026-09-07T13:34:18.0587685Z avisa si el desglose por categorias no cuadra con la facturacion total ... ^[[0m^[[32mok^[[0m ^[[0m^[[38;5;245m(186µs)^[[0m
Typecheck + Tests + Verificaciones	UNKNOWN STEP	2026-09-07T13:34:18.0589708Z sin categorias cae al porcentaje general en vez de dar cero ... ^[[0m^[[32mok^[[0m ^[[0m^[[38;5;245m(179µs)^[[0m
Typecheck + Tests + Verificaciones	UNKNOWN STEP	2026-09-07T13:34:18.0591539Z el porcentaje de la persona manda sobre el global ... ^[[0m^[[32mok^[[0m ^[[0m^[[38;5;245m(102µs)^[[0m
Typecheck + Tests + Verificaciones	UNKNOWN STEP	2026-09-07T13:34:18.0593163Z avisa de un porcentaje absurdamente alto ... ^[[0m^[[32mok^[[0m ^[[0m^[[38;5;245m(94µs)^[[0m
Typecheck + Tests + Verificaciones	UNKNOWN STEP	2026-09-07T13:34:18.0594501Z los totales suman las lineas ... ^[[0m^[[32mok^[[0m ^[[0m^[[38;5;245m(85µs)^[[0m
Typecheck + Tests + Verificaciones	UNKNOWN STEP	2026-09-07T13:34:18.0597416Z el margen del salon descuenta el coste de empresa y los gastos fijos ... ^[[0m^[[32mok^[[0m ^[[0m^[[38;5;245m(127µs)^[[0m
Typecheck + Tests + Verificaciones	UNKNOWN STEP	2026-09-07T13:34:18.0599655Z avisa cuando el salon pierde dinero ... ^[[0m^[[32mok^[[0m ^[[0m^[[38;5;245m(173µs)^[[0m
Typecheck + Tests + Verificaciones	UNKNOWN STEP	2026-09-07T13:34:18.0601707Z cada punto de comision cuesta el 1 % de la base mas su cuota patronal ... ^[[0m^[[32mok^[[0m ^[[0m^[[38;5;245m(88µs)^[[0m
Typecheck + Tests + Verificaciones	UNKNOWN STEP	2026-09-07T13:34:18.0603681Z la cuota patronal del total es la diferencia con el bruto ... ^[[0m^[[32mok^[[0m ^[[0m^[[38;5;245m(92µs)^[[0m
Typecheck + Tests + Verificaciones	UNKNOWN STEP	2026-09-07T13:34:18.0605406Z sin lineas no revienta ni divide por cero ... ^[[0m^[[32mok^[[0m ^[[0m^[[38;5;245m(83µs)^[[0m
Typecheck + Tests + Verificaciones	UNKNOWN STEP	2026-09-07T13:34:18.0607600Z entradas basura (negativos, undefined, NaN) se tratan como cero ... ^[[0m^[[32mok^[[0m ^[[0m^[[38;5;245m(145µs)^[[0m
Typecheck + Tests + Verificaciones	UNKNOWN STEP	2026-09-07T13:34:18.0610270Z el alquiler de sillon lleva IVA y, por defecto, ninguna retencion ... ^[[0m^[[32mok^[[0m ^[[0m^[[38;5;245m(191µs)^[[0m
Typecheck + Tests + Verificaciones	UNKNOWN STEP	2026-09-07T13:34:18.0612171Z si se configura retencion, se descuenta de la factura ... ^[[0m^[[32mok^[[0m ^[[0m^[[38;5;245m(79µs)^[[0m
Typecheck + Tests + Verificaciones	UNKNOWN STEP	2026-09-07T13:34:18.0614153Z el alquiler se traduce a su equivalente en comision, que es lo comparable ... ^[[0m^[[32mok^[[0m ^[[0m^[[38;5;245m(78µs)^[[0m
Typecheck + Tests + Verificaciones	UNKNOWN STEP	2026-09-07T13:34:18.0615347Z sin facturacion del profesional no se inventa el equivalente ... ^[[0m^[[32mok^[[0m ^[[0m^[[38;5;245m(72µs)^[[0m
Typecheck + Tests + Verificaciones	UNKNOWN STEP	2026-09-07T13:34:18.0938905Z ^[[0m^[[38;5;245mrunning 4 tests from ./lib/comisiones/motorRangos.test.ts^[[0m
Typecheck + Tests + Verificaciones	UNKNOWN STEP	2026-09-07T13:34:18.0946861Z comision 0 si no hay facturacion ... ^[[0m^[[32mok^[[0m ^[[0m^[[38;5;245m(697µs)^[[0m
Typecheck + Tests + Verificaciones	UNKNOWN STEP	2026-09-07T13:34:18.0948729Z comision dentro del primer tramo ... ^[[0m^[[32mok^[[0m ^[[0m^[[38;5;245m(144µs)^[[0m
Typecheck + Tests + Verificaciones	UNKNOWN STEP	2026-09-07T13:34:18.0950178Z comision progresiva cruzando dos tramos ... ^[[0m^[[32mok^[[0m ^[[0m^[[38;5;245m(80µs)^[[0m
Typecheck + Tests + Verificaciones	UNKNOWN STEP	2026-09-07T13:34:18.0951604Z comision progresiva en tres tramos ... ^[[0m^[[32mok^[[0m ^[[0m^[[38;5;245m(84µs)^[[0m
Typecheck + Tests + Verificaciones	UNKNOWN STEP	2026-09-07T13:34:18.1272651Z ^[[0m^[[38;5;245mrunning 2 tests from ./lib/config/validadorToggles.test.ts^[[0m
Typecheck + Tests + Verificaciones	UNKNOWN STEP	2026-09-07T13:34:18.1281383Z configuracion coherente devuelve 0 advertencias ... ^[[0m^[[32mok^[[0m ^[[0m^[[38;5;245m(795µs)^[[0m
Typecheck + Tests + Verificaciones	UNKNOWN STEP	2026-09-07T13:34:18.1283619Z matching activo sin ventana suficiente reporta advertencia ... ^[[0m^[[32mok^[[0m ^[[0m^[[38;5;245m(110µs)^[[0m
Typecheck + Tests + Verificaciones	UNKNOWN STEP	2026-09-07T13:34:18.1919059Z ^[[0m^[[38;5;245mrunning 8 tests from ./lib/datos/addons.test.ts^[[0m
Typecheck + Tests + Verificaciones	UNKNOWN STEP	2026-09-07T13:34:18.1927588Z sin servicio elegido solo pide los add-ons de salon ... ^[[0m^[[32mok^[[0m ^[[0m^[[38;5;245m(734µs)^[[0m
Typecheck + Tests + Verificaciones	UNKNOWN STEP	2026-09-07T13:34:18.1929471Z con servicio pide los suyos Y los del salon ... ^[[0m^[[32mok^[[0m ^[[0m^[[38;5;245m(160µs)^[[0m
Typecheck + Tests + Verificaciones	UNKNOWN STEP	2026-09-07T13:34:18.1937926Z un servicioId que no es uuid no se concatena al filtro ... ^[[0m^[[32mok^[[0m ^[[0m^[[38;5;245m(680µs)^[[0m
Typecheck + Tests + Verificaciones	UNKNOWN STEP	2026-09-07T13:34:18.1940456Z el nombre se compara sin acentos, mayusculas ni espacios de sobra ... ^[[0m^[[32mok^[[0m ^[[0m^[[38;5;245m(236µs)^[[0m
Typecheck + Tests + Verificaciones	UNKNOWN STEP	2026-09-07T13:34:18.1946548Z el add-on del servicio gana al global con el mismo nombre ... ^[[0m^[[32mok^[[0m ^[[0m^[[38;5;245m(456µs)^[[0m
Typecheck + Tests + Verificaciones	UNKNOWN STEP	2026-09-07T13:34:18.1954707Z dos globales repetidos se quedan en uno ... ^[[0m^[[32mok^[[0m ^[[0m^[[38;5;245m(143µs)^[[0m
Typecheck + Tests + Verificaciones	UNKNOWN STEP	2026-09-07T13:34:18.1956636Z add-ons distintos se conservan todos y salen por nombre ... ^[[0m^[[32mok^[[0m ^[[0m^[[38;5;245m(663µs)^[[0m
Typecheck + Tests + Verificaciones	UNKNOWN STEP	2026-09-07T13:34:18.1958493Z conciliar no inventa ni pierde filas cuando no hay repetidos ... ^[[0m^[[32mok^[[0m ^[[0m^[[38;5;245m(120µs)^[[0m
Typecheck + Tests + Verificaciones	UNKNOWN STEP	2026-09-07T13:34:18.2269639Z ^[[0m^[[38;5;245mrunning 4 tests from ./lib/fichas/colorAlergias.test.ts^[[0m
Typecheck + Tests + Verificaciones	UNKNOWN STEP	2026-09-07T13:34:18.2277568Z formula estandar sin alertas es apta ... ^[[0m^[[32mok^[[0m ^[[0m^[[38;5;245m(662µs)^[[0m
Typecheck + Tests + Verificaciones	UNKNOWN STEP	2026-09-07T13:34:18.2279360Z alergias declaradas activan requierePruebaAlergia ... ^[[0m^[[32mok^[[0m ^[[0m^[[38;5;245m(135µs)^[[0m
Typecheck + Tests + Verificaciones	UNKNOWN STEP	2026-09-07T13:34:18.2281168Z sensibilidad + 30 vol genera alerta de reduccion ... ^[[0m^[[32mok^[[0m ^[[0m^[[38;5;245m(94µs)^[[0m
Typecheck + Tests + Verificaciones	UNKNOWN STEP	2026-09-07T13:34:18.2282891Z exposicion mayor a 45 min genera alerta de tiempo ... ^[[0m^[[32mok^[[0m ^[[0m^[[38;5;245m(105µs)^[[0m
Typecheck + Tests + Verificaciones	UNKNOWN STEP	2026-09-07T13:34:18.2594103Z ^[[0m^[[38;5;245mrunning 2 tests from ./lib/fichas/diagnosticoCapilar.test.ts^[[0m
Typecheck + Tests + Verificaciones	UNKNOWN STEP	2026-09-07T13:34:18.2602326Z cabello saludable con buena elasticidad es apto para decolorar ... ^[[0m^[[32mok^[[0m ^[[0m^[[38;5;245m(762µs)^[[0m
Typecheck + Tests + Verificaciones	UNKNOWN STEP	2026-09-07T13:34:18.2604688Z cabello quebradizo desaconseja decoloracion e impone reconstruccion ... ^[[0m^[[32mok^[[0m ^[[0m^[[38;5;245m(111µs)^[[0m
Typecheck + Tests + Verificaciones	UNKNOWN STEP	2026-09-07T13:34:18.2926995Z ^[[0m^[[38;5;245mrunning 3 tests from ./lib/fichas/recomendarHomecare.test.ts^[[0m
Typecheck + Tests + Verificaciones	UNKNOWN STEP	2026-09-07T13:34:18.2935324Z balayage + cabello fragil recomienda mascarilla plex y protector termico ... ^[[0m^[[32mok^[[0m ^[[0m^[[38;5;245m(703µs)^[[0m
Typecheck + Tests + Verificaciones	UNKNOWN STEP	2026-09-07T13:34:18.2937519Z porosidad alta recomienda serum sellador ... ^[[0m^[[32mok^[[0m ^[[0m^[[38;5;245m(106µs)^[[0m
Typecheck + Tests + Verificaciones	UNKNOWN STEP	2026-09-07T13:34:18.2939156Z cabello normal recomienda champu neutro por defecto ... ^[[0m^[[32mok^[[0m ^[[0m^[[38;5;245m(117µs)^[[0m
Typecheck + Tests + Verificaciones	UNKNOWN STEP	2026-09-07T13:34:18.3252372Z ^[[0m^[[38;5;245mrunning 2 tests from ./lib/fidelizacion/insigniasCliente.test.ts^[[0m
Typecheck + Tests + Verificaciones	UNKNOWN STEP	2026-09-07T13:34:18.3261571Z cliente con 16 visitas califica como Platino VIP con +3 prioridad en lista de espera ... ^[[0m^[[32mok^[[0m ^[[0m^[[38;5;245m(719µs)^[[0m
Typecheck + Tests + Verificaciones	UNKNOWN STEP	2026-09-07T13:34:18.3263292Z cliente con 2 no-shows exige anticipo seguro aun con nivel Oro ... ^[[0m^[[32mok^[[0m ^[[0m^[[38;5;245m(107µs)^[[0m
Typecheck + Tests + Verificaciones	UNKNOWN STEP	2026-09-07T13:34:18.3564377Z ^[[0m^[[38;5;245m------- post-test output -------^[[0m
Typecheck + Tests + Verificaciones	UNKNOWN STEP	2026-09-07T13:34:18.3566158Z ✅ TEST VECTOR ORO SUPERADO: 3C464DAF61ACB827C65FDA19F352A4E3BDC2C640E9E9FC4CC058073F38F12F60
Typecheck + Tests + Verificaciones	UNKNOWN STEP	2026-09-07T13:34:18.3567530Z ^[[0m^[[38;5;245m----- post-test output end -----^[[0m
Typecheck + Tests + Verificaciones	UNKNOWN STEP	2026-09-07T13:34:18.3568686Z ^[[0m^[[38;5;245mrunning 0 tests from ./lib/fiscal/huella.test.ts^[[0m
Typecheck + Tests + Verificaciones	UNKNOWN STEP	2026-09-07T13:34:18.3836929Z ^[[0m^[[38;5;245m------- post-test output -------^[[0m
Typecheck + Tests + Verificaciones	UNKNOWN STEP	2026-09-07T13:34:18.3838667Z Preproduccion: https://prewww2.aeat.es/wlpl/inwinv/es.aeat.dit.adu.sii.facturacion.FacturacionQR?idEmisorFactura=B12345678&numSerieFactura=A%2F2026%2F000001&fechaExpedicionFactura=13-07-2026&importeTotal=123.45
Typecheck + Tests + Verificaciones	UNKNOWN STEP	2026-09-07T13:34:18.3841216Z Produccion: https://www2.agenciatributaria.gob.es/wlpl/inwinv/es.aeat.dit.adu.sii.facturacion.FacturacionQR?idEmisorFactura=B12345678&numSerieFactura=A%2F2026%2F000001&fechaExpedicionFactura=13-07-2026&importeTotal=123.45
Typecheck + Tests + Verificaciones	UNKNOWN STEP	2026-09-07T13:34:18.3843103Z ✅ TEST QR SUPERADO
Typecheck + Tests + Verificaciones	UNKNOWN STEP	2026-09-07T13:34:18.3849572Z ^[[0m^[[38;5;245m----- post-test output end -----^[[0m
Typecheck + Tests + Verificaciones	UNKNOWN STEP	2026-09-07T13:34:18.3850415Z ^[[0m^[[38;5;245mrunning 0 tests from ./lib/fiscal/qr.test.ts^[[0m
Typecheck + Tests + Verificaciones	UNKNOWN STEP	2026-09-07T13:34:18.4124808Z ^[[0m^[[38;5;245m------- post-test output -------^[[0m
Typecheck + Tests + Verificaciones	UNKNOWN STEP	2026-09-07T13:34:18.4125386Z ✅ TEST XML ALTA SUPERADO
Typecheck + Tests + Verificaciones	UNKNOWN STEP	2026-09-07T13:34:18.4125849Z <?xml version="1.0" encoding="UTF-8"?>
Typecheck + Tests + Verificaciones	UNKNOWN STEP	2026-09-07T13:34:18.4126955Z <sum:RegFactuSistemaFacturacion xmlns:sum="https://www2.agenciatributaria.gob.es/static_files/common/internet/d...
Typecheck + Tests + Verificaciones	UNKNOWN STEP	2026-09-07T13:34:18.4137081Z ^[[0m^[[38;5;245m----- post-test output end -----^[[0m
Typecheck + Tests + Verificaciones	UNKNOWN STEP	2026-09-07T13:34:18.4138182Z ^[[0m^[[38;5;245mrunning 0 tests from ./lib/fiscal/xmlAlta.test.ts^[[0m
Typecheck + Tests + Verificaciones	UNKNOWN STEP	2026-09-07T13:34:18.4458123Z ^[[0m^[[38;5;245mrunning 7 tests from ./lib/horariosFranjas.test.ts^[[0m
Typecheck + Tests + Verificaciones	UNKNOWN STEP	2026-09-07T13:34:18.4468159Z la ultima hora ofrecida deja terminar la cita dentro de la franja ... ^[[0m^[[32mok^[[0m ^[[0m^[[38;5;245m(740µs)^[[0m
Typecheck + Tests + Verificaciones	UNKNOWN STEP	2026-09-07T13:34:18.4471729Z un servicio largo recorta la cola de la franja ... ^[[0m^[[32mok^[[0m ^[[0m^[[38;5;245m(209µs)^[[0m
Typecheck + Tests + Verificaciones	UNKNOWN STEP	2026-09-07T13:34:18.4473873Z horario partido: no se ofrecen horas de la pausa ... ^[[0m^[[32mok^[[0m ^[[0m^[[38;5;245m(135µs)^[[0m
Typecheck + Tests + Verificaciones	UNKNOWN STEP	2026-09-07T13:34:18.4475679Z sin franjas no hay horas ... ^[[0m^[[32mok^[[0m ^[[0m^[[38;5;245m(103µs)^[[0m
Typecheck + Tests + Verificaciones	UNKNOWN STEP	2026-09-07T13:34:18.4477581Z franjas solapadas no duplican horas y salen ordenadas ... ^[[0m^[[32mok^[[0m ^[[0m^[[38;5;245m(163µs)^[[0m
Typecheck + Tests + Verificaciones	UNKNOWN STEP	2026-09-07T13:34:18.4479214Z acepta HH:MM:SS como devuelve Postgres ... ^[[0m^[[32mok^[[0m ^[[0m^[[38;5;245m(141µs)^[[0m
Typecheck + Tests + Verificaciones	UNKNOWN STEP	2026-09-07T13:34:18.4581054Z cabeEnAlgunaFranja respeta el limite exacto ... ^[[0m^[[32mok^[[0m ^[[0m^[[38;5;245m(10ms)^[[0m
Typecheck + Tests + Verificaciones	UNKNOWN STEP	2026-09-07T13:34:18.5288265Z ^[[0m^[[38;5;245mrunning 1 test from ./lib/importadorIA.test.ts^[[0m
Typecheck + Tests + Verificaciones	UNKNOWN STEP	2026-09-07T13:34:18.5299383Z Importador IA - Duraciones y Tarifas ... ^[[0m^[[32mok^[[0m ^[[0m^[[38;5;245m(915µs)^[[0m
Typecheck + Tests + Verificaciones	UNKNOWN STEP	2026-09-07T13:34:18.5639205Z ^[[0m^[[38;5;245mrunning 12 tests from ./lib/informes/escalas.test.ts^[[0m
Typecheck + Tests + Verificaciones	UNKNOWN STEP	2026-09-07T13:34:18.5648917Z escala vacia o negativa no revienta y devuelve 0..1 ... ^[[0m^[[32mok^[[0m ^[[0m^[[38;5;245m(914µs)^[[0m
Typecheck + Tests + Verificaciones	UNKNOWN STEP	2026-09-07T13:34:18.5652175Z los pasos son siempre 1, 2 o 5 por una potencia de 10 ... ^[[0m^[[32mok^[[0m ^[[0m^[[38;5;245m(259µs)^[[0m
Typecheck + Tests + Verificaciones	UNKNOWN STEP	2026-09-07T13:34:18.5655149Z la escala siempre llega hasta el dato o por encima, nunca lo corta ... ^[[0m^[[32mok^[[0m ^[[0m^[[38;5;245m(214µs)^[[0m
Typecheck + Tests + Verificaciones	UNKNOWN STEP	2026-09-07T13:34:18.5758276Z la escala empieza en cero para que las alturas sean comparables ... ^[[0m^[[32mok^[[0m ^[[0m^[[38;5;245m(10ms)^[[0m
Typecheck + Tests + Verificaciones	UNKNOWN STEP	2026-09-07T13:34:18.5760649Z con datos enteros no se generan pasos fraccionarios ... ^[[0m^[[32mok^[[0m ^[[0m^[[38;5;245m(270µs)^[[0m
Typecheck + Tests + Verificaciones	UNKNOWN STEP	2026-09-07T13:34:18.5762764Z con datos pequeños y enteros el paso minimo es 1 ... ^[[0m^[[32mok^[[0m ^[[0m^[[38;5;245m(145µs)^[[0m
Typecheck + Tests + Verificaciones	UNKNOWN STEP	2026-09-07T13:34:18.5764692Z los ticks van en orden y sin duplicados por coma flotante ... ^[[0m^[[32mok^[[0m ^[[0m^[[38;5;245m(107µs)^[[0m
Typecheck + Tests + Verificaciones	UNKNOWN STEP	2026-09-07T13:34:18.5767009Z sin puntos no hay etiquetas ... ^[[0m^[[32mok^[[0m ^[[0m^[[38;5;245m(137µs)^[[0m
Typecheck + Tests + Verificaciones	UNKNOWN STEP	2026-09-07T13:34:18.5769083Z si caben todas las etiquetas se pintan todas ... ^[[0m^[[32mok^[[0m ^[[0m^[[38;5;245m(145µs)^[[0m
Typecheck + Tests + Verificaciones	UNKNOWN STEP	2026-09-07T13:34:18.5772160Z con mas puntos que etiquetas se reparten e incluyen los extremos ... ^[[0m^[[32mok^[[0m ^[[0m^[[38;5;245m(145µs)^[[0m
Typecheck + Tests + Verificaciones	UNKNOWN STEP	2026-09-07T13:34:18.5774350Z los indices nunca se repiten ni se salen del rango ... ^[[0m^[[32mok^[[0m ^[[0m^[[38;5;245m(188µs)^[[0m
Typecheck + Tests + Verificaciones	UNKNOWN STEP	2026-09-07T13:34:18.5775839Z un solo punto da una sola etiqueta ... ^[[0m^[[32mok^[[0m ^[[0m^[[38;5;245m(97µs)^[[0m
Typecheck + Tests + Verificaciones	UNKNOWN STEP	2026-09-07T13:34:18.6097153Z ^[[0m^[[38;5;245mrunning 5 tests from ./lib/informes/fugaClientas.test.ts^[[0m
Typecheck + Tests + Verificaciones	UNKNOWN STEP	2026-09-07T13:34:18.6104929Z cliente con menos de 2 visitas no se considera en riesgo ... ^[[0m^[[32mok^[[0m ^[[0m^[[38;5;245m(677µs)^[[0m
Typecheck + Tests + Verificaciones	UNKNOWN STEP	2026-09-07T13:34:18.6106875Z cliente con visita reciente (<40 dias) no esta en riesgo ... ^[[0m^[[32mok^[[0m ^[[0m^[[38;5;245m(126µs)^[[0m
Typecheck + Tests + Verificaciones	UNKNOWN STEP	2026-09-07T13:34:18.6108573Z cliente con 50 dias sin venir entra en riesgo medio ... ^[[0m^[[32mok^[[0m ^[[0m^[[38;5;245m(130µs)^[[0m
Typecheck + Tests + Verificaciones	UNKNOWN STEP	2026-09-07T13:34:18.6110460Z cliente con 70 dias sin venir entra en riesgo alto ... ^[[0m^[[32mok^[[0m ^[[0m^[[38;5;245m(96µs)^[[0m
Typecheck + Tests + Verificaciones	UNKNOWN STEP	2026-09-07T13:34:18.6112813Z cliente con 100 dias sin venir entra en riesgo critico ... ^[[0m^[[32mok^[[0m ^[[0m^[[38;5;245m(112µs)^[[0m
Typecheck + Tests + Verificaciones	UNKNOWN STEP	2026-09-07T13:34:18.6542945Z ^[[0m^[[38;5;245mrunning 26 tests from ./lib/informes/lecturaSerie.test.ts^[[0m
Typecheck + Tests + Verificaciones	UNKNOWN STEP	2026-09-07T13:34:18.6549742Z media de una lista vacia es 0 y no NaN ... ^[[0m^[[32mok^[[0m ^[[0m^[[38;5;245m(651µs)^[[0m
Typecheck + Tests + Verificaciones	UNKNOWN STEP	2026-09-07T13:34:18.6551463Z mediana con numero par promedia los dos centrales ... ^[[0m^[[32mok^[[0m ^[[0m^[[38;5;245m(139µs)^[[0m
Typecheck + Tests + Verificaciones	UNKNOWN STEP	2026-09-07T13:34:18.6552984Z mediana con numero impar toma el central ... ^[[0m^[[32mok^[[0m ^[[0m^[[38;5;245m(70µs)^[[0m
Typecheck + Tests + Verificaciones	UNKNOWN STEP	2026-09-07T13:34:18.6554843Z la mediana aguanta el valor extremo que destroza la media ... ^[[0m^[[32mok^[[0m ^[[0m^[[38;5;245m(102µs)^[[0m
Typecheck + Tests + Verificaciones	UNKNOWN STEP	2026-09-07T13:34:18.6557441Z tendencia null con menos de 4 puntos: no hay dos mitades con sentido ... ^[[0m^[[32mok^[[0m ^[[0m^[[38;5;245m(146µs)^[[0m
Typecheck + Tests + Verificaciones	UNKNOWN STEP	2026-09-07T13:34:18.6559214Z tendencia compara las dos mitades y deja fuera el punto central impar ... ^[[0m^[[32mok^[[0m ^[[0m^[[38;5;245m(114µs)^[[0m
Typecheck + Tests + Verificaciones	UNKNOWN STEP	2026-09-07T13:34:18.6561123Z tendencia null si la primera mitad es 0 pero la segunda no (subida sin base) ... ^[[0m^[[32mok^[[0m ^[[0m^[[38;5;245m(73µs)^[[0m
Typecheck + Tests + Verificaciones	UNKNOWN STEP	2026-09-07T13:34:18.6562585Z tendencia 0 si ambas mitades son 0 ... ^[[0m^[[32mok^[[0m ^[[0m^[[38;5;245m(68µs)^[[0m
Typecheck + Tests + Verificaciones	UNKNOWN STEP	2026-09-07T13:34:18.6565487Z formatearValor no deja decimales sueltos y pone la unidad ... ^[[0m^[[32mok^[[0m ^[[0m^[[38;5;245m(281µs)^[[0m
Typecheck + Tests + Verificaciones	UNKNOWN STEP	2026-09-07T13:34:18.6566989Z con un solo elemento usa el singular en vez de decir "1 citas" ... ^[[0m^[[32mok^[[0m ^[[0m^[[38;5;245m(99µs)^[[0m
Typecheck + Tests + Verificaciones	UNKNOWN STEP	2026-09-07T13:34:18.6577533Z la frase respeta el singular del sustantivo ... ^[[0m^[[32mok^[[0m ^[[0m^[[38;5;245m(682µs)^[[0m
Typecheck + Tests + Verificaciones	UNKNOWN STEP	2026-09-07T13:34:18.6581071Z etiquetarPunto nombra el punto segun el grano del eje X ... ^[[0m^[[32mok^[[0m ^[[0m^[[38;5;245m(443µs)^[[0m
Typecheck + Tests + Verificaciones	UNKNOWN STEP	2026-09-07T13:34:18.6583976Z serie vacia o toda a cero se declara sin datos, no se inventa lectura ... ^[[0m^[[32mok^[[0m ^[[0m^[[38;5;245m(135µs)^[[0m
Typecheck + Tests + Verificaciones	UNKNOWN STEP	2026-09-07T13:34:18.6587410Z un solo punto no da lectura ... ^[[0m^[[32mok^[[0m ^[[0m^[[38;5;245m(94µs)^[[0m
Typecheck + Tests + Verificaciones	UNKNOWN STEP	2026-09-07T13:34:18.6592652Z detecta el pico y el valle correctos ... ^[[0m^[[32mok^[[0m ^[[0m^[[38;5;245m(534µs)^[[0m
Typecheck + Tests + Verificaciones	UNKNOWN STEP	2026-09-07T13:34:18.6598063Z subida clara se lee como "va subiendo" con su porcentaje ... ^[[0m^[[32mok^[[0m ^[[0m^[[38;5;245m(435µs)^[[0m
Typecheck + Tests + Verificaciones	UNKNOWN STEP	2026-09-07T13:34:18.6603132Z bajada clara se lee como "va bajando" ... ^[[0m^[[32mok^[[0m ^[[0m^[[38;5;245m(439µs)^[[0m
Typecheck + Tests + Verificaciones	UNKNOWN STEP	2026-09-07T13:34:18.6608784Z un movimiento por debajo del 5 % es ruido, no tendencia ... ^[[0m^[[32mok^[[0m ^[[0m^[[38;5;245m(479µs)^[[0m
Typecheck + Tests + Verificaciones	UNKNOWN STEP	2026-09-07T13:34:18.6620208Z el total solo tiene sentido en euros y conteos, nunca en porcentajes ... ^[[0m^[[32mok^[[0m ^[[0m^[[38;5;245m(1ms)^[[0m
Typecheck + Tests + Verificaciones	UNKNOWN STEP	2026-09-07T13:34:18.6625693Z la frase dice cual es el nivel normal, no solo el pico ... ^[[0m^[[32mok^[[0m ^[[0m^[[38;5;245m(481µs)^[[0m
Typecheck + Tests + Verificaciones	UNKNOWN STEP	2026-09-07T13:34:18.6630466Z con conteos usa el sustantivo que se le pasa ... ^[[0m^[[32mok^[[0m ^[[0m^[[38;5;245m(427µs)^[[0m
Typecheck + Tests + Verificaciones	UNKNOWN STEP	2026-09-07T13:34:18.6634483Z con dos puntos hay lectura pero no se menciona el valle ... ^[[0m^[[32mok^[[0m ^[[0m^[[38;5;245m(339µs)^[[0m
Typecheck + Tests + Verificaciones	UNKNOWN STEP	2026-09-07T13:34:18.6638324Z reparto vacio se declara sin datos ... ^[[0m^[[32mok^[[0m ^[[0m^[[38;5;245m(296µs)^[[0m
Typecheck + Tests + Verificaciones	UNKNOWN STEP	2026-09-07T13:34:18.6640291Z reparto identifica el fuerte y el flojo con sus porcentajes ... ^[[0m^[[32mok^[[0m ^[[0m^[[38;5;245m(149µs)^[[0m
Typecheck + Tests + Verificaciones	UNKNOWN STEP	2026-09-07T13:34:18.6642383Z reparto avisa cuando uno solo concentra mas de la mitad ... ^[[0m^[[32mok^[[0m ^[[0m^[[38;5;245m(101µs)^[[0m
Typecheck + Tests + Verificaciones	UNKNOWN STEP	2026-09-07T13:34:18.6643871Z los items a cero no pueden salir como "el mas flojo" ... ^[[0m^[[32mok^[[0m ^[[0m^[[38;5;245m(94µs)^[[0m
Typecheck + Tests + Verificaciones	UNKNOWN STEP	2026-09-07T13:34:18.6968377Z ^[[0m^[[38;5;245mrunning 2 tests from ./lib/informes/rentabilidadSillon.test.ts^[[0m
Typecheck + Tests + Verificaciones	UNKNOWN STEP	2026-09-07T13:34:18.6977645Z sillon con 80% ocupacion y 40€/h califica como optimo ... ^[[0m^[[32mok^[[0m ^[[0m^[[38;5;245m(759µs)^[[0m
Typecheck + Tests + Verificaciones	UNKNOWN STEP	2026-09-07T13:34:18.6979645Z cabina con ocupacion baja (30%) califica como infrautilizado ... ^[[0m^[[32mok^[[0m ^[[0m^[[38;5;245m(129µs)^[[0m
Typecheck + Tests + Verificaciones	UNKNOWN STEP	2026-09-07T13:34:18.7440961Z ^[[0m^[[38;5;245mrunning 34 tests from ./lib/informes/retencionClientes.test.ts^[[0m
Typecheck + Tests + Verificaciones	UNKNOWN STEP	2026-09-07T13:34:18.7448885Z inicioMes y finMes cubren el mes entero sin desbordarlo ... ^[[0m^[[32mok^[[0m ^[[0m^[[38;5;245m(700µs)^[[0m
Typecheck + Tests + Verificaciones	UNKNOWN STEP	2026-09-07T13:34:18.7450455Z sumarMeses cruza el cambio de año ... ^[[0m^[[32mok^[[0m ^[[0m^[[38;5;245m(137µs)^[[0m
Typecheck + Tests + Verificaciones	UNKNOWN STEP	2026-09-07T13:34:18.7454107Z visitasPorCliente ordena de mas antigua a mas nueva ... ^[[0m^[[32mok^[[0m ^[[0m^[[38;5;245m(264µs)^[[0m
Typecheck + Tests + Verificaciones	UNKNOWN STEP	2026-09-07T13:34:18.7456173Z visitasPorCliente ignora visitas sin cliente ... ^[[0m^[[32mok^[[0m ^[[0m^[[38;5;245m(105µs)^[[0m
Typecheck + Tests + Verificaciones	UNKNOWN STEP	2026-09-07T13:34:18.7458960Z sin visitas la serie sale a cero, no vacia ... ^[[0m^[[32mok^[[0m ^[[0m^[[38;5;245m(297µs)^[[0m
Typecheck + Tests + Verificaciones	UNKNOWN STEP	2026-09-07T13:34:18.7460963Z un cliente de una sola visita no cuenta como fidelizado ... ^[[0m^[[32mok^[[0m ^[[0m^[[38;5;245m(121µs)^[[0m
Typecheck + Tests + Verificaciones	UNKNOWN STEP	2026-09-07T13:34:18.7463283Z con dos visitas ya cuenta como fidelizado ... ^[[0m^[[32mok^[[0m ^[[0m^[[38;5;245m(123µs)^[[0m
Typecheck + Tests + Verificaciones	UNKNOWN STEP	2026-09-07T13:34:18.7466141Z la serie no usa informacion del futuro ... ^[[0m^[[32mok^[[0m ^[[0m^[[38;5;245m(196µs)^[[0m
Typecheck + Tests + Verificaciones	UNKNOWN STEP	2026-09-07T13:34:18.7469183Z un cliente que deja de venir cae de la base al pasar la ventana ... ^[[0m^[[32mok^[[0m ^[[0m^[[38;5;245m(212µs)^[[0m
Typecheck + Tests + Verificaciones	UNKNOWN STEP	2026-09-07T13:34:18.7471654Z la serie viene ordenada de mes mas antiguo a mas reciente ... ^[[0m^[[32mok^[[0m ^[[0m^[[38;5;245m(156µs)^[[0m
Typecheck + Tests + Verificaciones	UNKNOWN STEP	2026-09-07T13:34:18.7474686Z la base fidelizada creciente se ve como una linea que sube ... ^[[0m^[[32mok^[[0m ^[[0m^[[38;5;245m(226µs)^[[0m
Typecheck + Tests + Verificaciones	UNKNOWN STEP	2026-09-07T13:34:18.7477403Z embudo vacio no divide por cero ... ^[[0m^[[32mok^[[0m ^[[0m^[[38;5;245m(172µs)^[[0m
Typecheck + Tests + Verificaciones	UNKNOWN STEP	2026-09-07T13:34:18.7479161Z nuevo es quien estrena el salon en el periodo, no quien lo visita ... ^[[0m^[[32mok^[[0m ^[[0m^[[38;5;245m(134µs)^[[0m
Typecheck + Tests + Verificaciones	UNKNOWN STEP	2026-09-07T13:34:18.7481399Z el embudo mide las tres etapas y sus porcentajes ... ^[[0m^[[32mok^[[0m ^[[0m^[[38;5;245m(139µs)^[[0m
Typecheck + Tests + Verificaciones	UNKNOWN STEP	2026-09-07T13:34:18.7483518Z los peldaños del embudo nunca crecen hacia abajo ... ^[[0m^[[32mok^[[0m ^[[0m^[[38;5;245m(110µs)^[[0m
Typecheck + Tests + Verificaciones	UNKNOWN STEP	2026-09-07T13:34:18.7487857Z cohortes sin datos no revientan y la frase lo dice ... ^[[0m^[[32mok^[[0m ^[[0m^[[38;5;245m(353µs)^[[0m
Typecheck + Tests + Verificaciones	UNKNOWN STEP	2026-09-07T13:34:18.7490524Z un mes que aun no ha llegado es null, no 0 ... ^[[0m^[[32mok^[[0m ^[[0m^[[38;5;245m(193µs)^[[0m
Typecheck + Tests + Verificaciones	UNKNOWN STEP	2026-09-07T13:34:18.7493718Z la cohorte cuenta a quien volvio en el mes siguiente ... ^[[0m^[[32mok^[[0m ^[[0m^[[38;5;245m(235µs)^[[0m
Typecheck + Tests + Verificaciones	UNKNOWN STEP	2026-09-07T13:34:18.7496212Z una cohorte vacia deja la fila en null en vez de un 0 enganoso ... ^[[0m^[[32mok^[[0m ^[[0m^[[38;5;245m(157µs)^[[0m
Typecheck + Tests + Verificaciones	UNKNOWN STEP	2026-09-07T13:34:18.7499866Z la frase de cohortes traduce el porcentaje a "de cada 10" ... ^[[0m^[[32mok^[[0m ^[[0m^[[38;5;245m(292µs)^[[0m
Typecheck + Tests + Verificaciones	UNKNOWN STEP	2026-09-07T13:34:18.7502197Z con menos de 3 visitas no hay frecuencia, y se dice con null ... ^[[0m^[[32mok^[[0m ^[[0m^[[38;5;245m(149µs)^[[0m
Typecheck + Tests + Verificaciones	UNKNOWN STEP	2026-09-07T13:34:18.7503862Z con 3 visitas da la media de los intervalos ... ^[[0m^[[32mok^[[0m ^[[0m^[[38;5;245m(109µs)^[[0m
Typecheck + Tests + Verificaciones	UNKNOWN STEP	2026-09-07T13:34:18.7507035Z solo promedia los ultimos 6 intervalos, como hace el SQL ... ^[[0m^[[32mok^[[0m ^[[0m^[[38;5;245m(141µs)^[[0m
Typecheck + Tests + Verificaciones	UNKNOWN STEP	2026-09-07T13:34:18.7508688Z las fechas desordenadas se ordenan antes de medir ... ^[[0m^[[32mok^[[0m ^[[0m^[[38;5;245m(123µs)^[[0m
Typecheck + Tests + Verificaciones	UNKNOWN STEP	2026-09-07T13:34:18.7510434Z dos servicios el mismo dia no cuentan como retorno en la ficha ... ^[[0m^[[32mok^[[0m ^[[0m^[[38;5;245m(91µs)^[[0m
Typecheck + Tests + Verificaciones	UNKNOWN STEP	2026-09-07T13:34:18.7514994Z sin clientes repetidores no se puede medir la frecuencia ... ^[[0m^[[32mok^[[0m ^[[0m^[[38;5;245m(339µs)^[[0m
Typecheck + Tests + Verificaciones	UNKNOWN STEP	2026-09-07T13:34:18.7516638Z dos servicios el mismo dia no cuentan como un retorno ... ^[[0m^[[32mok^[[0m ^[[0m^[[38;5;245m(98µs)^[[0m
Typecheck + Tests + Verificaciones	UNKNOWN STEP	2026-09-07T13:34:18.7520589Z la mediana no se mueve con la reaparicion tardia que si mueve la media ... ^[[0m^[[32mok^[[0m ^[[0m^[[38;5;245m(306µs)^[[0m
Typecheck + Tests + Verificaciones	UNKNOWN STEP	2026-09-07T13:34:18.7524204Z la ficha "cajon" de sin cita no arrastra la mediana del salon ... ^[[0m^[[32mok^[[0m ^[[0m^[[38;5;245m(292µs)^[[0m
Typecheck + Tests + Verificaciones	UNKNOWN STEP	2026-09-07T13:34:18.7526337Z un cliente normal no se descarta por tener una visita seguida sueltas ... ^[[0m^[[32mok^[[0m ^[[0m^[[38;5;245m(115µs)^[[0m
Typecheck + Tests + Verificaciones	UNKNOWN STEP	2026-09-07T13:34:18.7528387Z separa fieles (3+ visitas) de ocasionales (2 visitas) ... ^[[0m^[[32mok^[[0m ^[[0m^[[38;5;245m(169µs)^[[0m
Typecheck + Tests + Verificaciones	UNKNOWN STEP	2026-09-07T13:34:18.7531194Z por servicio solo se publica lo que tiene muestra suficiente ... ^[[0m^[[32mok^[[0m ^[[0m^[[38;5;245m(211µs)^[[0m
Typecheck + Tests + Verificaciones	UNKNOWN STEP	2026-09-07T13:34:18.7534042Z los servicios se ordenan de ciclo mas largo a mas corto ... ^[[0m^[[32mok^[[0m ^[[0m^[[38;5;245m(202µs)^[[0m
Typecheck + Tests + Verificaciones	UNKNOWN STEP	2026-09-07T13:34:18.7536566Z la frase da el umbral de fuga coherente con el aviso automatico (x1,4) ... ^[[0m^[[32mok^[[0m ^[[0m^[[38;5;245m(91µs)^[[0m
Typecheck + Tests + Verificaciones	UNKNOWN STEP	2026-09-07T13:34:18.7852524Z ^[[0m^[[38;5;245mrunning 2 tests from ./lib/inventario/alertasStockMinimo.test.ts^[[0m
Typecheck + Tests + Verificaciones	UNKNOWN STEP	2026-09-07T13:34:18.7862138Z producto agotado genera alerta critica con sugerencia de pedido completa ... ^[[0m^[[32mok^[[0m ^[[0m^[[38;5;245m(821µs)^[[0m
Typecheck + Tests + Verificaciones	UNKNOWN STEP	2026-09-07T13:34:18.7863650Z producto con stock normal no genera alerta ... ^[[0m^[[32mok^[[0m ^[[0m^[[38;5;245m(95µs)^[[0m
Typecheck + Tests + Verificaciones	UNKNOWN STEP	2026-09-07T13:34:18.8197389Z ^[[0m^[[38;5;245mrunning 10 tests from ./lib/inventario/escandallo.test.ts^[[0m
Typecheck + Tests + Verificaciones	UNKNOWN STEP	2026-09-07T13:34:18.8205177Z el gramo de tinte sale a 0,1417 EUR ... ^[[0m^[[32mok^[[0m ^[[0m^[[38;5;245m(623µs)^[[0m
Typecheck + Tests + Verificaciones	UNKNOWN STEP	2026-09-07T13:34:18.8207067Z un producto sin envase ni coste no se inventa un precio ... ^[[0m^[[32mok^[[0m ^[[0m^[[38;5;245m(88µs)^[[0m
Typecheck + Tests + Verificaciones	UNKNOWN STEP	2026-09-07T13:34:18.8210177Z una raiz de 50 g mas 75 ml de oxidante cuesta 7,59 EUR ... ^[[0m^[[32mok^[[0m ^[[0m^[[38;5;245m(234µs)^[[0m
Typecheck + Tests + Verificaciones	UNKNOWN STEP	2026-09-07T13:34:18.8212197Z lo que no se puede tarifar se dice, no se cuenta como cero ... ^[[0m^[[32mok^[[0m ^[[0m^[[38;5;245m(146µs)^[[0m
Typecheck + Tests + Verificaciones	UNKNOWN STEP	2026-09-07T13:34:18.8214449Z 75 g con tubos de 60 son un tubo cerrado y 15 sueltos ... ^[[0m^[[32mok^[[0m ^[[0m^[[38;5;245m(157µs)^[[0m
Typecheck + Tests + Verificaciones	UNKNOWN STEP	2026-09-07T13:34:18.8318447Z sin capacidad de envase no hay envases que contar ... ^[[0m^[[32mok^[[0m ^[[0m^[[38;5;245m(10ms)^[[0m
Typecheck + Tests + Verificaciones	UNKNOWN STEP	2026-09-07T13:34:18.8320146Z un stock en negativo no inventa envases ... ^[[0m^[[32mok^[[0m ^[[0m^[[38;5;245m(210µs)^[[0m
Typecheck + Tests + Verificaciones	UNKNOWN STEP	2026-09-07T13:34:18.8323702Z el margen de una cobertura de 38 EUR descuenta producto y comision ... ^[[0m^[[32mok^[[0m ^[[0m^[[38;5;245m(186µs)^[[0m
Typecheck + Tests + Verificaciones	UNKNOWN STEP	2026-09-07T13:34:18.8325606Z sin comision el margen es lo cobrado menos el producto ... ^[[0m^[[32mok^[[0m ^[[0m^[[38;5;245m(104µs)^[[0m
Typecheck + Tests + Verificaciones	UNKNOWN STEP	2026-09-07T13:34:18.8327173Z un servicio gratis no divide entre cero ... ^[[0m^[[32mok^[[0m ^[[0m^[[38;5;245m(108µs)^[[0m
Typecheck + Tests + Verificaciones	UNKNOWN STEP	2026-09-07T13:34:18.8649363Z ^[[0m^[[38;5;245mrunning 2 tests from ./lib/inventario/proyeccionCompras.test.ts^[[0m
Typecheck + Tests + Verificaciones	UNKNOWN STEP	2026-09-07T13:34:18.8658016Z proyecta 15 dias de autonomia con consumo de 2u/dia y requiere pedido si proveedor tarda 15 dias ... ^[[0m^[[32mok^[[0m ^[[0m^[[38;5;245m(687µs)^[[0m
Typecheck + Tests + Verificaciones	UNKNOWN STEP	2026-09-07T13:34:18.8659275Z proyecta autonomia holgada de 30 dias si el proveedor tarda solo 3 dias ... ^[[0m^[[32mok^[[0m ^[[0m^[[38;5;245m(135µs)^[[0m
Typecheck + Tests + Verificaciones	UNKNOWN STEP	2026-09-07T13:34:18.8978006Z ^[[0m^[[38;5;245mrunning 2 tests from ./lib/legal/contratoRgpdTablet.test.ts^[[0m
Typecheck + Tests + Verificaciones	UNKNOWN STEP	2026-09-07T13:34:18.8990527Z consentimiento RGPD con firma valida genera hash SHA-256 inmutable ... ^[[0m^[[32mok^[[0m ^[[0m^[[38;5;245m(1ms)^[[0m
Typecheck + Tests + Verificaciones	UNKNOWN STEP	2026-09-07T13:34:18.8992505Z rechazo de tratamiento de datos o ausencia de firma invalida el registro ... ^[[0m^[[32mok^[[0m ^[[0m^[[38;5;245m(186µs)^[[0m
Typecheck + Tests + Verificaciones	UNKNOWN STEP	2026-09-07T13:34:18.9307390Z ^[[0m^[[38;5;245mrunning 1 test from ./lib/marketing/campanasFranjasValle.test.ts^[[0m
Typecheck + Tests + Verificaciones	UNKNOWN STEP	2026-09-07T13:34:18.9317843Z identifica franjas con <40% de ocupacion y asigna descuentos dinamicos ... ^[[0m^[[32mok^[[0m ^[[0m^[[38;5;245m(974µs)^[[0m
Typecheck + Tests + Verificaciones	UNKNOWN STEP	2026-09-07T13:34:18.9628582Z ^[[0m^[[38;5;245mrunning 2 tests from ./lib/marketplace/rankingMarketplace.test.ts^[[0m
Typecheck + Tests + Verificaciones	UNKNOWN STEP	2026-09-07T13:34:18.9638171Z salon Mecha verificado recibe bonus de ranking ... ^[[0m^[[32mok^[[0m ^[[0m^[[38;5;245m(842µs)^[[0m
Typecheck + Tests + Verificaciones	UNKNOWN STEP	2026-09-07T13:34:18.9640128Z bayesian average evita que 1 sola resena de 5.0 gane a 50 resenas de 4.8 ... ^[[0m^[[32mok^[[0m ^[[0m^[[38;5;245m(146µs)^[[0m
Typecheck + Tests + Verificaciones	UNKNOWN STEP	2026-09-07T13:34:18.9965863Z ^[[0m^[[38;5;245mrunning 10 tests from ./lib/metricasNegocio.test.ts^[[0m
Typecheck + Tests + Verificaciones	UNKNOWN STEP	2026-09-07T13:34:18.9973562Z ingresosRealesCents resta la propina y respeta rango/estado (cobrado_at) ... ^[[0m^[[32mok^[[0m ^[[0m^[[38;5;245m(690µs)^[[0m
Typecheck + Tests + Verificaciones	UNKNOWN STEP	2026-09-07T13:34:18.9975257Z ingresosRealesCents sin rango suma todo lo completado ... ^[[0m^[[32mok^[[0m ^[[0m^[[38;5;245m(87µs)^[[0m
Typecheck + Tests + Verificaciones	UNKNOWN STEP	2026-09-07T13:34:18.9977172Z propinasCents se suma aparte y nunca entra en ingresos reales ... ^[[0m^[[32mok^[[0m ^[[0m^[[38;5;245m(148µs)^[[0m
Typecheck + Tests + Verificaciones	UNKNOWN STEP	2026-09-07T13:34:19.0080173Z numCobros y ticketMedio usan SOLO los cobros validos del rango ... ^[[0m^[[32mok^[[0m ^[[0m^[[38;5;245m(10ms)^[[0m
Typecheck + Tests + Verificaciones	UNKNOWN STEP	2026-09-07T13:34:19.0082934Z desglosePorMetodoCents agrupa por metodo sin propina ... ^[[0m^[[32mok^[[0m ^[[0m^[[38;5;245m(204µs)^[[0m
Typecheck + Tests + Verificaciones	UNKNOWN STEP	2026-09-07T13:34:19.0085834Z desglosePorCanalCents suma columnas efectivo/datafono/online ... ^[[0m^[[32mok^[[0m ^[[0m^[[38;5;245m(153µs)^[[0m
Typecheck + Tests + Verificaciones	UNKNOWN STEP	2026-09-07T13:34:19.0087501Z esCobroEnRango excluye no-completados y fuera de rango ... ^[[0m^[[32mok^[[0m ^[[0m^[[38;5;245m(103µs)^[[0m
Typecheck + Tests + Verificaciones	UNKNOWN STEP	2026-09-07T13:34:19.0090621Z ingresosPrevistosCents solo cuenta citas activas en rango (catalogo) ... ^[[0m^[[32mok^[[0m ^[[0m^[[38;5;245m(256µs)^[[0m
Typecheck + Tests + Verificaciones	UNKNOWN STEP	2026-09-07T13:34:19.0092093Z esActiva excluye canceladas y no-show (coherencia con conteo de citas) ... ^[[0m^[[32mok^[[0m ^[[0m^[[38;5;245m(106µs)^[[0m
Typecheck + Tests + Verificaciones	UNKNOWN STEP	2026-09-07T13:34:19.0095680Z COHERENCIA: la misma fuente devuelve el mismo numero para todas las paginas ... ^[[0m^[[32mok^[[0m ^[[0m^[[38;5;245m(184µs)^[[0m
Typecheck + Tests + Verificaciones	UNKNOWN STEP	2026-09-07T13:34:19.0520971Z ^[[0m^[[38;5;245mrunning 3 tests from ./lib/migracionParserLocal.test.ts^[[0m
Typecheck + Tests + Verificaciones	UNKNOWN STEP	2026-09-07T13:34:19.0541483Z las citas salen con fecha y hora_inicio, no con inicio ISO ... ^[[0m^[[32mok^[[0m ^[[0m^[[38;5;245m(1ms)^[[0m
Typecheck + Tests + Verificaciones	UNKNOWN STEP	2026-09-07T13:34:19.0544369Z clientes y servicios se extraen sin duplicar ... ^[[0m^[[32mok^[[0m ^[[0m^[[38;5;245m(287µs)^[[0m
Typecheck + Tests + Verificaciones	UNKNOWN STEP	2026-09-07T13:34:19.0547253Z una fecha ilegible descarta la cita en vez de inventar el dia de hoy ... ^[[0m^[[32mok^[[0m ^[[0m^[[38;5;245m(222µs)^[[0m
Typecheck + Tests + Verificaciones	UNKNOWN STEP	2026-09-07T13:34:19.0868419Z ^[[0m^[[38;5;245mrunning 1 test from ./lib/nominas/liquidacionNominas.test.ts^[[0m
Typecheck + Tests + Verificaciones	UNKNOWN STEP	2026-09-07T13:34:19.0877480Z calcula devolucion bruta y liquido neto aplicando 15% IRPF ... ^[[0m^[[32mok^[[0m ^[[0m^[[38;5;245m(761µs)^[[0m
Typecheck + Tests + Verificaciones	UNKNOWN STEP	2026-09-07T13:34:19.1380658Z ^[[0m^[[38;5;245mrunning 15 tests from ./lib/organizador/motorPropuestas.test.ts^[[0m
Typecheck + Tests + Verificaciones	UNKNOWN STEP	2026-09-07T13:34:19.1407942Z motor: compacta una cita futura al primer hueco (score > 0) ... ^[[0m^[[32mok^[[0m ^[[0m^[[38;5;245m(2ms)^[[0m
Typecheck + Tests + Verificaciones	UNKNOWN STEP	2026-09-07T13:34:19.1413437Z motor: descarta cualquier candidato que caiga fuera de jornada ... ^[[0m^[[32mok^[[0m ^[[0m^[[38;5;245m(576µs)^[[0m
Typecheck + Tests + Verificaciones	UNKNOWN STEP	2026-09-07T13:34:19.1421547Z motor: NO propone micro-movimientos por debajo del umbral ... ^[[0m^[[32mok^[[0m ^[[0m^[[38;5;245m(722µs)^[[0m
Typecheck + Tests + Verificaciones	UNKNOWN STEP	2026-09-07T13:34:19.1427049Z motor: propone reasignar a otro profesional libre ... ^[[0m^[[32mok^[[0m ^[[0m^[[38;5;245m(526µs)^[[0m
Typecheck + Tests + Verificaciones	UNKNOWN STEP	2026-09-07T13:34:19.1435761Z motor: propone mover a otro día cuando el día actual NO tiene hueco ... ^[[0m^[[32mok^[[0m ^[[0m^[[38;5;245m(795µs)^[[0m
Typecheck + Tests + Verificaciones	UNKNOWN STEP	2026-09-07T13:34:19.1441183Z motor: prefiere compactar el mismo día antes que cambiar de día ... ^[[0m^[[32mok^[[0m ^[[0m^[[38;5;245m(473µs)^[[0m
Typecheck + Tests + Verificaciones	UNKNOWN STEP	2026-09-07T13:34:19.1443206Z motor: una cita encadenada (grupoId) no genera propuestas ... ^[[0m^[[32mok^[[0m ^[[0m^[[38;5;245m(135µs)^[[0m
Typecheck + Tests + Verificaciones	UNKNOWN STEP	2026-09-07T13:34:19.1454901Z motor: evaluarTodas devuelve propuestas solo para citas con hueco ... ^[[0m^[[32mok^[[0m ^[[0m^[[38;5;245m(1ms)^[[0m
Typecheck + Tests + Verificaciones	UNKNOWN STEP	2026-09-07T13:34:19.1463408Z motor: la cita se mantiene localizada por id (reevaluación) ... ^[[0m^[[32mok^[[0m ^[[0m^[[38;5;245m(768µs)^[[0m
Typecheck + Tests + Verificaciones	UNKNOWN STEP	2026-09-07T13:34:19.1471789Z motor: descarta mover a un día cerrado por cierres_negocio ... ^[[0m^[[32mok^[[0m ^[[0m^[[38;5;245m(715µs)^[[0m
Typecheck + Tests + Verificaciones	UNKNOWN STEP	2026-09-07T13:34:19.1476735Z motor: evaluarTodas NO evalua citas de otros dias fuera del rango (fix ago-2026) ... ^[[0m^[[32mok^[[0m ^[[0m^[[38;5;245m(415µs)^[[0m
Typecheck + Tests + Verificaciones	UNKNOWN STEP	2026-09-07T13:34:19.1480593Z motor: NUNCA propone una hora que ya ha pasado ... ^[[0m^[[32mok^[[0m ^[[0m^[[38;5;245m(337µs)^[[0m
Typecheck + Tests + Verificaciones	UNKNOWN STEP	2026-09-07T13:34:19.1484563Z motor: las horas propuestas caen en el slot de 15 min ... ^[[0m^[[32mok^[[0m ^[[0m^[[38;5;245m(302µs)^[[0m
Typecheck + Tests + Verificaciones	UNKNOWN STEP	2026-09-07T13:34:19.1491075Z motor: un bloqueo a primera hora no borra el turno entero del destino ... ^[[0m^[[32mok^[[0m ^[[0m^[[38;5;245m(549µs)^[[0m
Typecheck + Tests + Verificaciones	UNKNOWN STEP	2026-09-07T13:34:19.1503926Z motor: recortar el buffer no cambia ni una propuesta ... ^[[0m^[[32mok^[[0m ^[[0m^[[38;5;245m(1ms)^[[0m
Typecheck + Tests + Verificaciones	UNKNOWN STEP	2026-09-07T13:34:19.2013892Z ^[[0m^[[38;5;245mrunning 37 tests from ./lib/organizador/planIA.test.ts^[[0m
Typecheck + Tests + Verificaciones	UNKNOWN STEP	2026-09-07T13:34:19.2044489Z plan: un movimiento limpio sobrevive con la geometria de la cita real ... ^[[0m^[[32mok^[[0m ^[[0m^[[38;5;245m(2ms)^[[0m
Typecheck + Tests + Verificaciones	UNKNOWN STEP	2026-09-07T13:34:19.2050671Z plan: las fases que manda el modelo se IGNORAN (la geometria sale de la cita) ... ^[[0m^[[32mok^[[0m ^[[0m^[[38;5;245m(539µs)^[[0m
Typecheck + Tests + Verificaciones	UNKNOWN STEP	2026-09-07T13:34:19.2055180Z plan: poda un movimiento fuera de la jornada del profesional ... ^[[0m^[[32mok^[[0m ^[[0m^[[38;5;245m(420µs)^[[0m
Typecheck + Tests + Verificaciones	UNKNOWN STEP	2026-09-07T13:34:19.2061081Z plan: poda un movimiento que no cabe ENTERO en el turno (comida entre turnos) ... ^[[0m^[[32mok^[[0m ^[[0m^[[38;5;245m(398µs)^[[0m
Typecheck + Tests + Verificaciones	UNKNOWN STEP	2026-09-07T13:34:19.2067644Z plan: poda un movimiento que choca activa-activa ... ^[[0m^[[32mok^[[0m ^[[0m^[[38;5;245m(637µs)^[[0m
Typecheck + Tests + Verificaciones	UNKNOWN STEP	2026-09-07T13:34:19.2074570Z plan: encajar en el REPOSO de otra cita NO es colision (tiempo muerto) ... ^[[0m^[[32mok^[[0m ^[[0m^[[38;5;245m(598µs)^[[0m
Typecheck + Tests + Verificaciones	UNKNOWN STEP	2026-09-07T13:34:19.2081481Z plan: poda mover a un dia cerrado por cierres_negocio ... ^[[0m^[[32mok^[[0m ^[[0m^[[38;5;245m(420µs)^[[0m
Typecheck + Tests + Verificaciones	UNKNOWN STEP	2026-09-07T13:34:19.2087749Z plan: poda un movimiento dentro de un bloqueo del profesional ... ^[[0m^[[32mok^[[0m ^[[0m^[[38;5;245m(296µs)^[[0m
Typecheck + Tests + Verificaciones	UNKNOWN STEP	2026-09-07T13:34:19.2092189Z plan: el segundo movimiento se valida contra el PRIMERO ya aplicado (estado sombra) ... ^[[0m^[[32mok^[[0m ^[[0m^[[38;5;245m(693µs)^[[0m
Typecheck + Tests + Verificaciones	UNKNOWN STEP	2026-09-07T13:34:19.2098988Z plan: si el movimiento k falla, se podan k..n y sobreviven los anteriores ... ^[[0m^[[32mok^[[0m ^[[0m^[[38;5;245m(644µs)^[[0m
Typecheck + Tests + Verificaciones	UNKNOWN STEP	2026-09-07T13:34:19.2100990Z plan: una cadena movida a medias se poda entera ... ^[[0m^[[32mok^[[0m ^[[0m^[[38;5;245m(225µs)^[[0m
Typecheck + Tests + Verificaciones	UNKNOWN STEP	2026-09-07T13:34:19.2104921Z plan: una cadena entera con el MISMO desplazamiento pasa ... ^[[0m^[[32mok^[[0m ^[[0m^[[38;5;245m(326µs)^[[0m
Typecheck + Tests + Verificaciones	UNKNOWN STEP	2026-09-07T13:34:19.2107269Z plan: una cadena con desplazamientos distintos se poda (rompe la continuidad) ... ^[[0m^[[32mok^[[0m ^[[0m^[[38;5;245m(159µs)^[[0m
Typecheck + Tests + Verificaciones	UNKNOWN STEP	2026-09-07T13:34:19.2109765Z plan: no se reasigna un eslabon de cadena a otro profesional ... ^[[0m^[[32mok^[[0m ^[[0m^[[38;5;245m(200µs)^[[0m
Typecheck + Tests + Verificaciones	UNKNOWN STEP	2026-09-07T13:34:19.2112581Z consentimiento: adelantar a una clienta que no esta en el salon SI lo requiere ... ^[[0m^[[32mok^[[0m ^[[0m^[[38;5;245m(315µs)^[[0m
Typecheck + Tests + Verificaciones	UNKNOWN STEP	2026-09-07T13:34:19.2115057Z consentimiento: mover a una clienta que YA ESTA en el salon no lo requiere ... ^[[0m^[[32mok^[[0m ^[[0m^[[38;5;245m(206µs)^[[0m
Typecheck + Tests + Verificaciones	UNKNOWN STEP	2026-09-07T13:34:19.2119473Z consentimiento: el modelo NO decide (dice que no hace falta y se le corrige) ... ^[[0m^[[32mok^[[0m ^[[0m^[[38;5;245m(330µs)^[[0m
Typecheck + Tests + Verificaciones	UNKNOWN STEP	2026-09-07T13:34:19.2123559Z consentimiento: cambiar de dia y cambiar de profesional siempre lo requieren ... ^[[0m^[[32mok^[[0m ^[[0m^[[38;5;245m(356µs)^[[0m
Typecheck + Tests + Verificaciones	UNKNOWN STEP	2026-09-07T13:34:19.2126929Z consentimiento: respeta el margen de reaccion de la clienta ... ^[[0m^[[32mok^[[0m ^[[0m^[[38;5;245m(282µs)^[[0m
Typecheck + Tests + Verificaciones	UNKNOWN STEP	2026-09-07T13:34:19.2130782Z consentimiento: respeta el techo de adelanto del salon ... ^[[0m^[[32mok^[[0m ^[[0m^[[38;5;245m(331µs)^[[0m
Typecheck + Tests + Verificaciones	UNKNOWN STEP	2026-09-07T13:34:19.2135628Z anti-spam: una clienta con propuesta hoy no recibe otra ... ^[[0m^[[32mok^[[0m ^[[0m^[[38;5;245m(407µs)^[[0m
Typecheck + Tests + Verificaciones	UNKNOWN STEP	2026-09-07T13:34:19.2141556Z anti-spam: el propio plan no manda dos propuestas a la misma clienta ... ^[[0m^[[32mok^[[0m ^[[0m^[[38;5;245m(505µs)^[[0m
Typecheck + Tests + Verificaciones	UNKNOWN STEP	2026-09-07T13:34:19.2153363Z plan: tope de movimientos por plan ... ^[[0m^[[32mok^[[0m ^[[0m^[[38;5;245m(1ms)^[[0m
Typecheck + Tests + Verificaciones	UNKNOWN STEP	2026-09-07T13:34:19.2158229Z plan: cita inexistente, no movible, duplicada, en el pasado o comprometida ... ^[[0m^[[32mok^[[0m ^[[0m^[[38;5;245m(363µs)^[[0m
Typecheck + Tests + Verificaciones	UNKNOWN STEP	2026-09-07T13:34:19.2160323Z plan: no reasigna a alguien sin la categoria minima del servicio ... ^[[0m^[[32mok^[[0m ^[[0m^[[38;5;245m(148µs)^[[0m
Typecheck + Tests + Verificaciones	UNKNOWN STEP	2026-09-07T13:34:19.2162279Z plan: no reasigna a un profesional inactivo o desconocido ... ^[[0m^[[32mok^[[0m ^[[0m^[[38;5;245m(125µs)^[[0m
Typecheck + Tests + Verificaciones	UNKNOWN STEP	2026-09-07T13:34:19.2164073Z plan: un plan sin nada aplicable no es valido ... ^[[0m^[[32mok^[[0m ^[[0m^[[38;5;245m(117µs)^[[0m
Typecheck + Tests + Verificaciones	UNKNOWN STEP	2026-09-07T13:34:19.2169166Z validarPlanes: un plan no puede pisar las citas de otro ya aceptado ... ^[[0m^[[32mok^[[0m ^[[0m^[[38;5;245m(397µs)^[[0m
Typecheck + Tests + Verificaciones	UNKNOWN STEP	2026-09-07T13:34:19.2174944Z validarPlanes: ordena por impacto ponderado por confianza ... ^[[0m^[[32mok^[[0m ^[[0m^[[38;5;245m(496µs)^[[0m
Typecheck + Tests + Verificaciones	UNKNOWN STEP	2026-09-07T13:34:19.2180356Z planAMovimientos: solo salen los movimientos que NO necesitan consentimiento ... ^[[0m^[[32mok^[[0m ^[[0m^[[38;5;245m(440µs)^[[0m
Typecheck + Tests + Verificaciones	UNKNOWN STEP	2026-09-07T13:34:19.2182664Z planAMovimientos: no manda fin_activa/fin_espera si la cita no los tenia ... ^[[0m^[[32mok^[[0m ^[[0m^[[38;5;245m(171µs)^[[0m
Typecheck + Tests + Verificaciones	UNKNOWN STEP	2026-09-07T13:34:19.2187811Z huecosLibres: el REPOSO de una cita cuenta como hueco ... ^[[0m^[[32mok^[[0m ^[[0m^[[38;5;245m(442µs)^[[0m
Typecheck + Tests + Verificaciones	UNKNOWN STEP	2026-09-07T13:34:19.2191587Z huecosLibres: respeta turnos, bloqueos, lo ya pasado y el dia cerrado ... ^[[0m^[[32mok^[[0m ^[[0m^[[38;5;245m(278µs)^[[0m
Typecheck + Tests + Verificaciones	UNKNOWN STEP	2026-09-07T13:34:19.2204673Z rehidratarPlan: un plan validado se puede volver a validar y da lo mismo ... ^[[0m^[[32mok^[[0m ^[[0m^[[38;5;245m(1ms)^[[0m
Typecheck + Tests + Verificaciones	UNKNOWN STEP	2026-09-07T13:34:19.2212159Z rehidratarPlan: si la agenda cambio debajo, la re-validacion lo poda ... ^[[0m^[[32mok^[[0m ^[[0m^[[38;5;245m(680µs)^[[0m
Typecheck + Tests + Verificaciones	UNKNOWN STEP	2026-09-07T13:34:19.2215640Z planAUpdates: solo los movimientos en caliente, con las 4 marcas ... ^[[0m^[[32mok^[[0m ^[[0m^[[38;5;245m(267µs)^[[0m
Typecheck + Tests + Verificaciones	UNKNOWN STEP	2026-09-07T13:34:19.2217746Z refDeCliente: el telefono manda sobre el nombre ... ^[[0m^[[32mok^[[0m ^[[0m^[[38;5;245m(167µs)^[[0m
Typecheck + Tests + Verificaciones	UNKNOWN STEP	2026-09-07T13:34:19.2738113Z ^[[0m^[[38;5;245mrunning 63 tests from ./lib/organizarAgenda.test.ts^[[0m
Typecheck + Tests + Verificaciones	UNKNOWN STEP	2026-09-07T13:34:19.2774704Z retraso: cita confirmada que ya deberia haber acabado genera un problema con estrategias ... ^[[0m^[[32mok^[[0m ^[[0m^[[38;5;245m(3ms)^[[0m
Typecheck + Tests + Verificaciones	UNKNOWN STEP	2026-09-07T13:34:19.2777775Z retraso: por debajo del umbral (10 min) no genera problema ... ^[[0m^[[32mok^[[0m ^[[0m^[[38;5;245m(235µs)^[[0m
Typecheck + Tests + Verificaciones	UNKNOWN STEP	2026-09-07T13:34:19.2780124Z retraso: una cita "olvidada" de hace horas no se trata como retraso activo ... ^[[0m^[[32mok^[[0m ^[[0m^[[38;5;245m(211µs)^[[0m
Typecheck + Tests + Verificaciones	UNKNOWN STEP	2026-09-07T13:34:19.2795541Z hueco_muerto: compacta una cita futura al primer hueco libre ... ^[[0m^[[32mok^[[0m ^[[0m^[[38;5;245m(1ms)^[[0m
Typecheck + Tests + Verificaciones	UNKNOWN STEP	2026-09-07T13:34:19.2809551Z reposo_desaprovechado: adelanta una cita al reposo libre de otra ... ^[[0m^[[32mok^[[0m ^[[0m^[[38;5;245m(1ms)^[[0m
Typecheck + Tests + Verificaciones	UNKNOWN STEP	2026-09-07T13:34:19.2822737Z reposo_desaprovechado: el techo manda tambien sobre los reposos ... ^[[0m^[[32mok^[[0m ^[[0m^[[38;5;245m(1ms)^[[0m
Typecheck + Tests + Verificaciones	UNKNOWN STEP	2026-09-07T13:34:19.2825952Z hueco por debajo del umbral (20 min) no genera problema ... ^[[0m^[[32mok^[[0m ^[[0m^[[38;5;245m(281µs)^[[0m
Typecheck + Tests + Verificaciones	UNKNOWN STEP	2026-09-07T13:34:19.2847045Z solape: dos citas activas que chocan ofrecen varias estrategias con tipos unicos ... ^[[0m^[[32mok^[[0m ^[[0m^[[38;5;245m(1ms)^[[0m
Typecheck + Tests + Verificaciones	UNKNOWN STEP	2026-09-07T13:34:19.2852362Z cadena multiprofesional (grupoId) no se propone para compactar huecos ... ^[[0m^[[32mok^[[0m ^[[0m^[[38;5;245m(496µs)^[[0m
Typecheck + Tests + Verificaciones	UNKNOWN STEP	2026-09-07T13:34:19.2855524Z dia limpio (huecos por debajo del umbral): no reporta ruido ... ^[[0m^[[32mok^[[0m ^[[0m^[[38;5;245m(243µs)^[[0m
Typecheck + Tests + Verificaciones	UNKNOWN STEP	2026-09-07T13:34:19.2858085Z solo analiza el dia de "ahora": una cita retrasada de ayer no cuenta ... ^[[0m^[[32mok^[[0m ^[[0m^[[38;5;245m(135µs)^[[0m
Typecheck + Tests + Verificaciones	UNKNOWN STEP	2026-09-07T13:34:19.2872167Z un retraso ya NO deja mudo al organizador sobre los huecos del mismo profesional ... ^[[0m^[[32mok^[[0m ^[[0m^[[38;5;245m(1ms)^[[0m
Typecheck + Tests + Verificaciones	UNKNOWN STEP	2026-09-07T13:34:19.2882600Z retraso: una cita comprometida por el arreglo no se propone ademas para compactar ... ^[[0m^[[32mok^[[0m ^[[0m^[[38;5;245m(1ms)^[[0m
Typecheck + Tests + Verificaciones	UNKNOWN STEP	2026-09-07T13:34:19.2884696Z hueco_vacio: no se reporta el tramo antes de la primera cita ni despues de la ultima ... ^[[0m^[[32mok^[[0m ^[[0m^[[38;5;245m(147µs)^[[0m
Typecheck + Tests + Verificaciones	UNKNOWN STEP	2026-09-07T13:34:19.2894968Z hueco_vacio: un bloqueo (ausencia) tapa el hueco, no se avisa ... ^[[0m^[[32mok^[[0m ^[[0m^[[38;5;245m(931µs)^[[0m
Typecheck + Tests + Verificaciones	UNKNOWN STEP	2026-09-07T13:34:19.2922559Z diaMs: analiza el dia que se esta MIRANDO, no solo hoy ... ^[[0m^[[32mok^[[0m ^[[0m^[[38;5;245m(2ms)^[[0m
Typecheck + Tests + Verificaciones	UNKNOWN STEP	2026-09-07T13:34:19.2929472Z diaMs: un dia ya terminado no genera problemas ... ^[[0m^[[32mok^[[0m ^[[0m^[[38;5;245m(609µs)^[[0m
Typecheck + Tests + Verificaciones	UNKNOWN STEP	2026-09-07T13:34:19.2948025Z el tope de adelanto explica "por que a esa hora y no antes" ... ^[[0m^[[32mok^[[0m ^[[0m^[[38;5;245m(1ms)^[[0m
Typecheck + Tests + Verificaciones	UNKNOWN STEP	2026-09-07T13:34:19.2957815Z un hueco que se puede tapar trae zonaOrigen para pintar la flecha ... ^[[0m^[[32mok^[[0m ^[[0m^[[38;5;245m(837µs)^[[0m
Typecheck + Tests + Verificaciones	UNKNOWN STEP	2026-09-07T13:34:19.2970974Z todo problema trae zona para poder resaltarlo en la rejilla ... ^[[0m^[[32mok^[[0m ^[[0m^[[38;5;245m(1ms)^[[0m
Typecheck + Tests + Verificaciones	UNKNOWN STEP	2026-09-07T13:34:19.2978477Z solape: si otro profesional esta libre a la misma hora, ofrece reasignar ... ^[[0m^[[32mok^[[0m ^[[0m^[[38;5;245m(642µs)^[[0m
Typecheck + Tests + Verificaciones	UNKNOWN STEP	2026-09-07T13:34:19.2986255Z solape: analizarAgendaDia ofrece mover_reasignar con el hueco de otro profesional ... ^[[0m^[[32mok^[[0m ^[[0m^[[38;5;245m(639µs)^[[0m
Typecheck + Tests + Verificaciones	UNKNOWN STEP	2026-09-07T13:34:19.2995435Z solape: los bloqueos de opts llegan al candidato y tapan su hueco ... ^[[0m^[[32mok^[[0m ^[[0m^[[38;5;245m(875µs)^[[0m
Typecheck + Tests + Verificaciones	UNKNOWN STEP	2026-09-07T13:34:19.3000895Z jornada: usa el horario del dia correcto (0=lunes, no 0=domingo) ... ^[[0m^[[32mok^[[0m ^[[0m^[[38;5;245m(444µs)^[[0m
Typecheck + Tests + Verificaciones	UNKNOWN STEP	2026-09-07T13:34:19.3006490Z jornada: cierre corto a las 14:00 no ofrece huecos posteriores ... ^[[0m^[[32mok^[[0m ^[[0m^[[38;5;245m(454µs)^[[0m
Typecheck + Tests + Verificaciones	UNKNOWN STEP	2026-09-07T13:34:19.3013878Z jornada: sin cierre real (fallback 20:00) ese mismo hueco de las 14:00 SI se ofrece ... ^[[0m^[[32mok^[[0m ^[[0m^[[38;5;245m(614µs)^[[0m
Typecheck + Tests + Verificaciones	UNKNOWN STEP	2026-09-07T13:34:19.3020642Z jornada: cierre a las 21:00 permite huecos que la constante de las 20:00 tapaba ... ^[[0m^[[32mok^[[0m ^[[0m^[[38;5;245m(633µs)^[[0m
Typecheck + Tests + Verificaciones	UNKNOWN STEP	2026-09-07T13:34:19.3026601Z jornada: apertura 09:30 impide adelantar una cita a las 09:00 ... ^[[0m^[[32mok^[[0m ^[[0m^[[38;5;245m(508µs)^[[0m
Typecheck + Tests + Verificaciones	UNKNOWN STEP	2026-09-07T13:34:19.3034034Z jornada: sin horarios en opts, comportamiento identico al actual ... ^[[0m^[[32mok^[[0m ^[[0m^[[38;5;245m(666µs)^[[0m
Typecheck + Tests + Verificaciones	UNKNOWN STEP	2026-09-07T13:34:19.3039275Z jornada: abierto=false con citas ese dia cae al fallback y sigue habiendo estrategias ... ^[[0m^[[32mok^[[0m ^[[0m^[[38;5;245m(429µs)^[[0m
Typecheck + Tests + Verificaciones	UNKNOWN STEP	2026-09-07T13:34:19.3044293Z jornada: acepta el formato HH:MM:SS que devuelve Postgres ... ^[[0m^[[32mok^[[0m ^[[0m^[[38;5;245m(425µs)^[[0m
Typecheck + Tests + Verificaciones	UNKNOWN STEP	2026-09-07T13:34:19.3052148Z limites: el caso real de produccion, adelantar 180 min, queda acotado al techo ... ^[[0m^[[32mok^[[0m ^[[0m^[[38;5;245m(666µs)^[[0m
Typecheck + Tests + Verificaciones	UNKNOWN STEP	2026-09-07T13:34:19.3061411Z limites: un adelanto de 45 min si se propone (dentro del techo, sobre el umbral) ... ^[[0m^[[32mok^[[0m ^[[0m^[[38;5;245m(843µs)^[[0m
Typecheck + Tests + Verificaciones	UNKNOWN STEP	2026-09-07T13:34:19.3070808Z limites: el techo es configurable por salon ... ^[[0m^[[32mok^[[0m ^[[0m^[[38;5;245m(841µs)^[[0m
Typecheck + Tests + Verificaciones	UNKNOWN STEP	2026-09-07T13:34:19.3079531Z limites: la ganancia minima es configurable por salon ... ^[[0m^[[32mok^[[0m ^[[0m^[[38;5;245m(804µs)^[[0m
Typecheck + Tests + Verificaciones	UNKNOWN STEP	2026-09-07T13:34:19.3085768Z limites: el techo no afecta a mover_reasignar (solo va hacia adelante) ... ^[[0m^[[32mok^[[0m ^[[0m^[[38;5;245m(527µs)^[[0m
Typecheck + Tests + Verificaciones	UNKNOWN STEP	2026-09-07T13:34:19.3088990Z prioridad: un solape pesa mas que cualquier retraso ... ^[[0m^[[32mok^[[0m ^[[0m^[[38;5;245m(235µs)^[[0m
Typecheck + Tests + Verificaciones	UNKNOWN STEP	2026-09-07T13:34:19.3090648Z prioridad: entre dos retrasos manda el que va mas tarde ... ^[[0m^[[32mok^[[0m ^[[0m^[[38;5;245m(120µs)^[[0m
Typecheck + Tests + Verificaciones	UNKNOWN STEP	2026-09-07T13:34:19.3092491Z prioridad: un hueco enorme nunca adelanta a un solape ... ^[[0m^[[32mok^[[0m ^[[0m^[[38;5;245m(116µs)^[[0m
Typecheck + Tests + Verificaciones	UNKNOWN STEP	2026-09-07T13:34:19.3096172Z ordenarPorPrioridad: solape, retrasos por tamaño y huecos al final ... ^[[0m^[[32mok^[[0m ^[[0m^[[38;5;245m(227µs)^[[0m
Typecheck + Tests + Verificaciones	UNKNOWN STEP	2026-09-07T13:34:19.3098261Z ordenarPorPrioridad: a igual peso, primero lo que pasa antes ... ^[[0m^[[32mok^[[0m ^[[0m^[[38;5;245m(155µs)^[[0m
Typecheck + Tests + Verificaciones	UNKNOWN STEP	2026-09-07T13:34:19.3100164Z ordenarPorPrioridad no toca la lista original ... ^[[0m^[[32mok^[[0m ^[[0m^[[38;5;245m(133µs)^[[0m
Typecheck + Tests + Verificaciones	UNKNOWN STEP	2026-09-07T13:34:19.3115034Z jornada: no se propone un hueco fuera del horario del profesional ... ^[[0m^[[32mok^[[0m ^[[0m^[[38;5;245m(1ms)^[[0m
Typecheck + Tests + Verificaciones	UNKNOWN STEP	2026-09-07T13:34:19.3129277Z jornada: no se propone meter una cita en la pausa entre turnos ... ^[[0m^[[32mok^[[0m ^[[0m^[[38;5;245m(1ms)^[[0m
Typecheck + Tests + Verificaciones	UNKNOWN STEP	2026-09-07T13:34:19.3141360Z jornada: sin fila de horario, el profesional se comporta como antes ... ^[[0m^[[32mok^[[0m ^[[0m^[[38;5;245m(1ms)^[[0m
Typecheck + Tests + Verificaciones	UNKNOWN STEP	2026-09-07T13:34:19.3152601Z jornada: un horario de otro dia de la semana no se aplica ... ^[[0m^[[32mok^[[0m ^[[0m^[[38;5;245m(1ms)^[[0m
Typecheck + Tests + Verificaciones	UNKNOWN STEP	2026-09-07T13:34:19.3164957Z reposo: se ofrecen las dos estrategias cuando hay reposo y hueco normal ... ^[[0m^[[32mok^[[0m ^[[0m^[[38;5;245m(1ms)^[[0m
Typecheck + Tests + Verificaciones	UNKNOWN STEP	2026-09-07T13:34:19.3172286Z margen: no se propone una hora que no da tiempo de reaccion ... ^[[0m^[[32mok^[[0m ^[[0m^[[38;5;245m(646µs)^[[0m
Typecheck + Tests + Verificaciones	UNKNOWN STEP	2026-09-07T13:34:19.3179705Z margen: con el dia por delante si se adelanta de verdad ... ^[[0m^[[32mok^[[0m ^[[0m^[[38;5;245m(647µs)^[[0m
Typecheck + Tests + Verificaciones	UNKNOWN STEP	2026-09-07T13:34:19.3191816Z margen: a cero, deja de limitar ... ^[[0m^[[32mok^[[0m ^[[0m^[[38;5;245m(1ms)^[[0m
Typecheck + Tests + Verificaciones	UNKNOWN STEP	2026-09-07T13:34:19.3201020Z fuera_jornada: cita a las 14:30 con profesional 9-14 genera aviso ... ^[[0m^[[32mok^[[0m ^[[0m^[[38;5;245m(804µs)^[[0m
Typecheck + Tests + Verificaciones	UNKNOWN STEP	2026-09-07T13:34:19.3207923Z fuera_jornada: una cita DENTRO del horario no genera aviso ... ^[[0m^[[32mok^[[0m ^[[0m^[[38;5;245m(588µs)^[[0m
Typecheck + Tests + Verificaciones	UNKNOWN STEP	2026-09-07T13:34:19.3216406Z fuera_jornada: cita colocada en la pausa entre turnos avisa ... ^[[0m^[[32mok^[[0m ^[[0m^[[38;5;245m(743µs)^[[0m
Typecheck + Tests + Verificaciones	UNKNOWN STEP	2026-09-07T13:34:19.3227170Z fuera_jornada: cita dentro de un bloqueo (vacaciones) avisa ... ^[[0m^[[32mok^[[0m ^[[0m^[[38;5;245m(1ms)^[[0m
Typecheck + Tests + Verificaciones	UNKNOWN STEP	2026-09-07T13:34:19.3236387Z fuera_jornada: sin horariosProfesional, una cita normal NO avisa (regresión) ... ^[[0m^[[32mok^[[0m ^[[0m^[[38;5;245m(797µs)^[[0m
Typecheck + Tests + Verificaciones	UNKNOWN STEP	2026-09-07T13:34:19.3244040Z cierres: dia cerrado por cierres_negocio marca TODAS las citas como fuera_jornada ... ^[[0m^[[32mok^[[0m ^[[0m^[[38;5;245m(683µs)^[[0m
Typecheck + Tests + Verificaciones	UNKNOWN STEP	2026-09-07T13:34:19.3252942Z cierres: día NO cerrado no genera avisos espurios de cierre ... ^[[0m^[[32mok^[[0m ^[[0m^[[38;5;245m(824µs)^[[0m
Typecheck + Tests + Verificaciones	UNKNOWN STEP	2026-09-07T13:34:19.3263970Z cierres: respeta el horario del profesional también con cierre en otro día ... ^[[0m^[[32mok^[[0m ^[[0m^[[38;5;245m(1ms)^[[0m
Typecheck + Tests + Verificaciones	UNKNOWN STEP	2026-09-07T13:34:19.3272071Z retrasos: se detectan varios retrasos a la vez (antes solo el primero) ... ^[[0m^[[32mok^[[0m ^[[0m^[[38;5;245m(720µs)^[[0m
Typecheck + Tests + Verificaciones	UNKNOWN STEP	2026-09-07T13:34:19.3293886Z avisos: sin_confirmar salta para una pendiente a menos de 24 h (solo con detectarAvisos) ... ^[[0m^[[32mok^[[0m ^[[0m^[[38;5;245m(2ms)^[[0m
Typecheck + Tests + Verificaciones	UNKNOWN STEP	2026-09-07T13:34:19.3305242Z avisos: no_show_riesgo salta si el cliente fallo antes y vuelve a tener cita ... ^[[0m^[[32mok^[[0m ^[[0m^[[38;5;245m(1ms)^[[0m
Typecheck + Tests + Verificaciones	UNKNOWN STEP	2026-09-07T13:34:19.3309606Z avisos: jornada_sin_cubrir solo si el profesional tiene horario explicito ese dia ... ^[[0m^[[32mok^[[0m ^[[0m^[[38;5;245m(338µs)^[[0m
Typecheck + Tests + Verificaciones	UNKNOWN STEP	2026-09-07T13:34:19.3312690Z avisos: config_faltante cuando el salon no tiene negocio_horarios ... ^[[0m^[[32mok^[[0m ^[[0m^[[38;5;245m(223µs)^[[0m
Typecheck + Tests + Verificaciones	UNKNOWN STEP	2026-09-07T13:34:19.3647959Z ^[[0m^[[38;5;245mrunning 9 tests from ./lib/portalResenas.test.ts^[[0m
Typecheck + Tests + Verificaciones	UNKNOWN STEP	2026-09-07T13:34:19.3656940Z barrasDistribucion ordena de 5 a 1 y calcula porcentajes ... ^[[0m^[[32mok^[[0m ^[[0m^[[38;5;245m(797µs)^[[0m
Typecheck + Tests + Verificaciones	UNKNOWN STEP	2026-09-07T13:34:19.3658825Z barrasDistribucion no divide por cero ... ^[[0m^[[32mok^[[0m ^[[0m^[[38;5;245m(154µs)^[[0m
Typecheck + Tests + Verificaciones	UNKNOWN STEP	2026-09-07T13:34:19.3660717Z barrasDistribucion tolera una distribucion ausente ... ^[[0m^[[32mok^[[0m ^[[0m^[[38;5;245m(118µs)^[[0m
Typecheck + Tests + Verificaciones	UNKNOWN STEP	2026-09-07T13:34:19.3663265Z barrasDistribucion rellena las estrellas que falten ... ^[[0m^[[32mok^[[0m ^[[0m^[[38;5;245m(123µs)^[[0m
Typecheck + Tests + Verificaciones	UNKNOWN STEP	2026-09-07T13:34:19.3664939Z barrasDistribucion cuadra con la salida real de la RPC ... ^[[0m^[[32mok^[[0m ^[[0m^[[38;5;245m(150µs)^[[0m
Typecheck + Tests + Verificaciones	UNKNOWN STEP	2026-09-07T13:34:19.3667823Z subNotas solo devuelve las que existen ... ^[[0m^[[32mok^[[0m ^[[0m^[[38;5;245m(185µs)^[[0m
Typecheck + Tests + Verificaciones	UNKNOWN STEP	2026-09-07T13:34:19.3669198Z subNotas devuelve vacio cuando no hay ninguna ... ^[[0m^[[32mok^[[0m ^[[0m^[[38;5;245m(78µs)^[[0m
Typecheck + Tests + Verificaciones	UNKNOWN STEP	2026-09-07T13:34:19.3770945Z subNotas devuelve las dos cuando estan las dos ... ^[[0m^[[32mok^[[0m ^[[0m^[[38;5;245m(10ms)^[[0m
Typecheck + Tests + Verificaciones	UNKNOWN STEP	2026-09-07T13:34:19.3772855Z subNotas no confunde el cero con la ausencia ... ^[[0m^[[32mok^[[0m ^[[0m^[[38;5;245m(145µs)^[[0m
Typecheck + Tests + Verificaciones	UNKNOWN STEP	2026-09-07T13:34:19.4098605Z ^[[0m^[[38;5;245mrunning 10 tests from ./lib/pos/lectorCodigoBarras.test.ts^[[0m
Typecheck + Tests + Verificaciones	UNKNOWN STEP	2026-09-07T13:34:19.4107235Z el escaner teclea el codigo en un suspiro ... ^[[0m^[[32mok^[[0m ^[[0m^[[38;5;245m(722µs)^[[0m
Typecheck + Tests + Verificaciones	UNKNOWN STEP	2026-09-07T13:34:19.4109094Z una persona escribiendo no se confunde con un escaner ... ^[[0m^[[32mok^[[0m ^[[0m^[[38;5;245m(118µs)^[[0m
Typecheck + Tests + Verificaciones	UNKNOWN STEP	2026-09-07T13:34:19.4110755Z una sola pausa en medio ya delata a la persona ... ^[[0m^[[32mok^[[0m ^[[0m^[[38;5;245m(104µs)^[[0m
Typecheck + Tests + Verificaciones	UNKNOWN STEP	2026-09-07T13:34:19.4112333Z un numero corto no es un codigo de barras ... ^[[0m^[[32mok^[[0m ^[[0m^[[38;5;245m(72µs)^[[0m
Typecheck + Tests + Verificaciones	UNKNOWN STEP	2026-09-07T13:34:19.4113446Z las letras no entran ... ^[[0m^[[32mok^[[0m ^[[0m^[[38;5;245m(98µs)^[[0m
Typecheck + Tests + Verificaciones	UNKNOWN STEP	2026-09-07T13:34:19.4115571Z el digito de control detecta una lectura a medias ... ^[[0m^[[32mok^[[0m ^[[0m^[[38;5;245m(153µs)^[[0m
Typecheck + Tests + Verificaciones	UNKNOWN STEP	2026-09-07T13:34:19.4119237Z el control vale para EAN-8 y para UPC-A ... ^[[0m^[[32mok^[[0m ^[[0m^[[38;5;245m(112µs)^[[0m
Typecheck + Tests + Verificaciones	UNKNOWN STEP	2026-09-07T13:34:19.4221817Z una lectura limpia devuelve el codigo ... ^[[0m^[[32mok^[[0m ^[[0m^[[38;5;245m(10ms)^[[0m
Typecheck + Tests + Verificaciones	UNKNOWN STEP	2026-09-07T13:34:19.4223824Z lo tecleado a mano se descarta sin dar la lata ... ^[[0m^[[32mok^[[0m ^[[0m^[[38;5;245m(158µs)^[[0m
Typecheck + Tests + Verificaciones	UNKNOWN STEP	2026-09-07T13:34:19.4226375Z una lectura rapida pero mala si merece aviso ... ^[[0m^[[32mok^[[0m ^[[0m^[[38;5;245m(132µs)^[[0m
Typecheck + Tests + Verificaciones	UNKNOWN STEP	2026-09-07T13:34:19.4546537Z ^[[0m^[[38;5;245mrunning 1 test from ./lib/pos/qrPagoRapido.test.ts^[[0m
Typecheck + Tests + Verificaciones	UNKNOWN STEP	2026-09-07T13:34:19.4555315Z genera URL de checkout y payload Bizum correctamente ... ^[[0m^[[32mok^[[0m ^[[0m^[[38;5;245m(800µs)^[[0m
Typecheck + Tests + Verificaciones	UNKNOWN STEP	2026-09-07T13:34:19.4890183Z ^[[0m^[[38;5;245mrunning 12 tests from ./lib/recursos.test.ts^[[0m
Typecheck + Tests + Verificaciones	UNKNOWN STEP	2026-09-07T13:34:19.4898927Z el lavacabezas se ocupa al salir del reposo, no al empezar la cita ... ^[[0m^[[32mok^[[0m ^[[0m^[[38;5;245m(706µs)^[[0m
Typecheck + Tests + Verificaciones	UNKNOWN STEP	2026-09-07T13:34:19.4900665Z una cabina se ocupa de punta a punta ... ^[[0m^[[32mok^[[0m ^[[0m^[[38;5;245m(111µs)^[[0m
Typecheck + Tests + Verificaciones	UNKNOWN STEP	2026-09-07T13:34:19.4902291Z una cita sin fases marcadas ocupa desde el principio ... ^[[0m^[[32mok^[[0m ^[[0m^[[38;5;245m(102µs)^[[0m
Typecheck + Tests + Verificaciones	UNKNOWN STEP	2026-09-07T13:34:19.4904207Z un servicio sin recurso no ocupa nada ... ^[[0m^[[32mok^[[0m ^[[0m^[[38;5;245m(82µs)^[[0m
Typecheck + Tests + Verificaciones	UNKNOWN STEP	2026-09-07T13:34:19.4909012Z el tercer tinte a la misma hora se queda sin pila ... ^[[0m^[[32mok^[[0m ^[[0m^[[38;5;245m(467µs)^[[0m
Typecheck + Tests + Verificaciones	UNKNOWN STEP	2026-09-07T13:34:19.5012850Z el segundo tinte todavia cabe ... ^[[0m^[[32mok^[[0m ^[[0m^[[38;5;245m(10ms)^[[0m
Typecheck + Tests + Verificaciones	UNKNOWN STEP	2026-09-07T13:34:19.5015400Z sin recursos dados de alta no se avisa de nada ... ^[[0m^[[32mok^[[0m ^[[0m^[[38;5;245m(149µs)^[[0m
Typecheck + Tests + Verificaciones	UNKNOWN STEP	2026-09-07T13:34:19.5017274Z una cita cancelada devuelve el puesto ... ^[[0m^[[32mok^[[0m ^[[0m^[[38;5;245m(138µs)^[[0m
Typecheck + Tests + Verificaciones	UNKNOWN STEP	2026-09-07T13:34:19.5019411Z la que entra justo cuando la otra sale no compite ... ^[[0m^[[32mok^[[0m ^[[0m^[[38;5;245m(140µs)^[[0m
Typecheck + Tests + Verificaciones	UNKNOWN STEP	2026-09-07T13:34:19.5021492Z la cabina no admite dos a la vez ... ^[[0m^[[32mok^[[0m ^[[0m^[[38;5;245m(143µs)^[[0m
Typecheck + Tests + Verificaciones	UNKNOWN STEP	2026-09-07T13:34:19.5023468Z los recursos apagados no suman capacidad ... ^[[0m^[[32mok^[[0m ^[[0m^[[38;5;245m(81µs)^[[0m
Typecheck + Tests + Verificaciones	UNKNOWN STEP	2026-09-07T13:34:19.5024790Z mover una cita no compite consigo misma ... ^[[0m^[[32mok^[[0m ^[[0m^[[38;5;245m(92µs)^[[0m
Typecheck + Tests + Verificaciones	UNKNOWN STEP	2026-09-07T13:34:19.5497002Z ^[[0m^[[38;5;245mrunning 37 tests from ./lib/retrasos.test.ts^[[0m
Typecheck + Tests + Verificaciones	UNKNOWN STEP	2026-09-07T13:34:19.5509090Z cascada: empuja las citas pegadas y respeta un hueco que la absorbe ... ^[[0m^[[32mok^[[0m ^[[0m^[[38;5;245m(1ms)^[[0m
Typecheck + Tests + Verificaciones	UNKNOWN STEP	2026-09-07T13:34:19.5517030Z estrategias: retraso sin citas detras solo ofrece la cascada (0 otras movidas) ... ^[[0m^[[32mok^[[0m ^[[0m^[[38;5;245m(700µs)^[[0m
Typecheck + Tests + Verificaciones	UNKNOWN STEP	2026-09-07T13:34:19.5529248Z estrategias: siempre incluye cascada y marca una recomendada ... ^[[0m^[[32mok^[[0m ^[[0m^[[38;5;245m(1ms)^[[0m
Typecheck + Tests + Verificaciones	UNKNOWN STEP	2026-09-07T13:34:19.5537622Z aprovechar_reposo: encaja la siguiente cita en el reposo del tinte ... ^[[0m^[[32mok^[[0m ^[[0m^[[38;5;245m(717µs)^[[0m
Typecheck + Tests + Verificaciones	UNKNOWN STEP	2026-09-07T13:34:19.5546284Z estrategias: nunca proponen un solape activa-activa ... ^[[0m^[[32mok^[[0m ^[[0m^[[38;5;245m(781µs)^[[0m
Typecheck + Tests + Verificaciones	UNKNOWN STEP	2026-09-07T13:34:19.5550053Z duracionRealAprendida: propone la mediana real si difiere del catalogo ... ^[[0m^[[32mok^[[0m ^[[0m^[[38;5;245m(301µs)^[[0m
Typecheck + Tests + Verificaciones	UNKNOWN STEP	2026-09-07T13:34:19.5552267Z duracionRealAprendida: no sugiere sin muestras ni si coincide con catalogo ... ^[[0m^[[32mok^[[0m ^[[0m^[[38;5;245m(130µs)^[[0m
Typecheck + Tests + Verificaciones	UNKNOWN STEP	2026-09-07T13:34:19.5555876Z mejorAlternativaSlot: devuelve el hueco valido mas cercano al soltar en conflicto ... ^[[0m^[[32mok^[[0m ^[[0m^[[38;5;245m(263µs)^[[0m
Typecheck + Tests + Verificaciones	UNKNOWN STEP	2026-09-07T13:34:19.5558093Z mejorAlternativaSlot: si el punto ya es valido lo devuelve tal cual ... ^[[0m^[[32mok^[[0m ^[[0m^[[38;5;245m(139µs)^[[0m
Typecheck + Tests + Verificaciones	UNKNOWN STEP	2026-09-07T13:34:19.5570946Z solape: ofrece mover la intrusa y adelantar la fija; recomienda la de menor disrupcion ... ^[[0m^[[32mok^[[0m ^[[0m^[[38;5;245m(1ms)^[[0m
Typecheck + Tests + Verificaciones	UNKNOWN STEP	2026-09-07T13:34:19.5589752Z solape: si la intrusa cabe en un reposo de otra cita, lo ofrece (y deduplica el hueco identico) ... ^[[0m^[[32mok^[[0m ^[[0m^[[38;5;245m(783µs)^[[0m
Typecheck + Tests + Verificaciones	UNKNOWN STEP	2026-09-07T13:34:19.5591825Z solape: la cascada arrastra las citas siguientes cuando hace falta ... ^[[0m^[[32mok^[[0m ^[[0m^[[38;5;245m(579µs)^[[0m
Typecheck + Tests + Verificaciones	UNKNOWN STEP	2026-09-07T13:34:19.5593517Z solape: una intrusa encadenada (grupoId) no se mueve sola ... ^[[0m^[[32mok^[[0m ^[[0m^[[38;5;245m(372µs)^[[0m
Typecheck + Tests + Verificaciones	UNKNOWN STEP	2026-09-07T13:34:19.5595661Z solape: sin ninguna salida (ambas encadenadas, sin adelanto posible) devuelve [] ... ^[[0m^[[32mok^[[0m ^[[0m^[[38;5;245m(145µs)^[[0m
Typecheck + Tests + Verificaciones	UNKNOWN STEP	2026-09-07T13:34:19.5597847Z categoriaCumple: null minima cualquiera cumple; respeta la jerarquia ... ^[[0m^[[32mok^[[0m ^[[0m^[[38;5;245m(111µs)^[[0m
Typecheck + Tests + Verificaciones	UNKNOWN STEP	2026-09-07T13:34:19.5606779Z reasignar: otro profesional libre a la misma hora (sin requisito) se ofrece ... ^[[0m^[[32mok^[[0m ^[[0m^[[38;5;245m(1ms)^[[0m
Typecheck + Tests + Verificaciones	UNKNOWN STEP	2026-09-07T13:34:19.5612993Z reasignar: descarta candidato de categoria insuficiente ... ^[[0m^[[32mok^[[0m ^[[0m^[[38;5;245m(532µs)^[[0m
Typecheck + Tests + Verificaciones	UNKNOWN STEP	2026-09-07T13:34:19.5624014Z reasignar: elige la categoria cualificada mas baja ... ^[[0m^[[32mok^[[0m ^[[0m^[[38;5;245m(1ms)^[[0m
Typecheck + Tests + Verificaciones	UNKNOWN STEP	2026-09-07T13:34:19.5633541Z reasignar: candidato ocupado en la ventana no cuenta ... ^[[0m^[[32mok^[[0m ^[[0m^[[38;5;245m(873µs)^[[0m
Typecheck + Tests + Verificaciones	UNKNOWN STEP	2026-09-07T13:34:19.5637824Z reasignar: intrusa encadenada (grupoId) no se reasigna ... ^[[0m^[[32mok^[[0m ^[[0m^[[38;5;245m(368µs)^[[0m
Typecheck + Tests + Verificaciones	UNKNOWN STEP	2026-09-07T13:34:19.5647870Z mover_reasignar: nadie libre a la hora exacta, pero uno tiene hueco despues ... ^[[0m^[[32mok^[[0m ^[[0m^[[38;5;245m(687µs)^[[0m
Typecheck + Tests + Verificaciones	UNKNOWN STEP	2026-09-07T13:34:19.5656546Z mover_reasignar: elige el hueco mas temprano entre candidatos ... ^[[0m^[[32mok^[[0m ^[[0m^[[38;5;245m(933µs)^[[0m
Typecheck + Tests + Verificaciones	UNKNOWN STEP	2026-09-07T13:34:19.5664296Z mover_reasignar: no adelanta a la clienta a un hueco anterior ... ^[[0m^[[32mok^[[0m ^[[0m^[[38;5;245m(734µs)^[[0m
Typecheck + Tests + Verificaciones	UNKNOWN STEP	2026-09-07T13:34:19.5674515Z mover_reasignar: un bloqueo del destino tapa el hueco ... ^[[0m^[[32mok^[[0m ^[[0m^[[38;5;245m(904µs)^[[0m
Typecheck + Tests + Verificaciones	UNKNOWN STEP	2026-09-07T13:34:19.5680877Z mover_reasignar: descarta candidato de categoria insuficiente ... ^[[0m^[[32mok^[[0m ^[[0m^[[38;5;245m(573µs)^[[0m
Typecheck + Tests + Verificaciones	UNKNOWN STEP	2026-09-07T13:34:19.5689416Z mover_reasignar: intrusa encadenada (grupoId) no se mueve ... ^[[0m^[[32mok^[[0m ^[[0m^[[38;5;245m(331µs)^[[0m
Typecheck + Tests + Verificaciones	UNKNOWN STEP	2026-09-07T13:34:19.5700479Z mover_reasignar: reasignar a misma hora gana (dedup por firma) ... ^[[0m^[[32mok^[[0m ^[[0m^[[38;5;245m(1ms)^[[0m
Typecheck + Tests + Verificaciones	UNKNOWN STEP	2026-09-07T13:34:19.5715783Z mover_reasignar: determinista ante huecos equivalentes (categoria, luego nombre) ... ^[[0m^[[32mok^[[0m ^[[0m^[[38;5;245m(1ms)^[[0m
Typecheck + Tests + Verificaciones	UNKNOWN STEP	2026-09-07T13:34:19.5722316Z mover_reasignar: avisa a la clienta del cambio de hora ... ^[[0m^[[32mok^[[0m ^[[0m^[[38;5;245m(610µs)^[[0m
Typecheck + Tests + Verificaciones	UNKNOWN STEP	2026-09-07T13:34:19.5727190Z comprimir: no se ofrece si el salon no lo ha permitido (default) ... ^[[0m^[[32mok^[[0m ^[[0m^[[38;5;245m(398µs)^[[0m
Typecheck + Tests + Verificaciones	UNKNOWN STEP	2026-09-07T13:34:19.5733891Z comprimir: acorta la fija justo hasta donde empieza la intrusa ... ^[[0m^[[32mok^[[0m ^[[0m^[[38;5;245m(623µs)^[[0m
Typecheck + Tests + Verificaciones	UNKNOWN STEP	2026-09-07T13:34:19.5740998Z comprimir: nadie cambia de hora -> ningun aviso a clientas ... ^[[0m^[[32mok^[[0m ^[[0m^[[38;5;245m(584µs)^[[0m
Typecheck + Tests + Verificaciones	UNKNOWN STEP	2026-09-07T13:34:19.5746664Z comprimir: respeta el minimo del salon (no comprime de mas) ... ^[[0m^[[32mok^[[0m ^[[0m^[[38;5;245m(422µs)^[[0m
Typecheck + Tests + Verificaciones	UNKNOWN STEP	2026-09-07T13:34:19.5752074Z comprimir: el minimo exacto SI vale ... ^[[0m^[[32mok^[[0m ^[[0m^[[38;5;245m(569µs)^[[0m
Typecheck + Tests + Verificaciones	UNKNOWN STEP	2026-09-07T13:34:19.5759519Z comprimir: una fija con reposo no se comprime (v1) ... ^[[0m^[[32mok^[[0m ^[[0m^[[38;5;245m(593µs)^[[0m
Typecheck + Tests + Verificaciones	UNKNOWN STEP	2026-09-07T13:34:19.5762780Z comprimir: una fija encadenada (grupoId) no se comprime ... ^[[0m^[[32mok^[[0m ^[[0m^[[38;5;245m(314µs)^[[0m
Typecheck + Tests + Verificaciones	UNKNOWN STEP	2026-09-07T13:34:19.5769374Z comprimir: es la recomendada cuando existe (no mueve a nadie) ... ^[[0m^[[32mok^[[0m ^[[0m^[[38;5;245m(503µs)^[[0m
Typecheck + Tests + Verificaciones	UNKNOWN STEP	2026-09-07T13:34:19.6155139Z ^[[0m^[[38;5;245mrunning 2 tests from ./lib/security/sanitizadorCliente.test.ts^[[0m
Typecheck + Tests + Verificaciones	UNKNOWN STEP	2026-09-07T13:34:19.6166135Z escapa inyecciones HTML/script en nombre y notas de cliente ... ^[[0m^[[32mok^[[0m ^[[0m^[[38;5;245m(1ms)^[[0m
Typecheck + Tests + Verificaciones	UNKNOWN STEP	2026-09-07T13:34:19.6168392Z telefono invalido reporta error de formato WhatsApp E.164 ... ^[[0m^[[32mok^[[0m ^[[0m^[[38;5;245m(132µs)^[[0m
Typecheck + Tests + Verificaciones	UNKNOWN STEP	2026-09-07T13:34:19.6506413Z ^[[0m^[[38;5;245mrunning 3 tests from ./lib/security/validadorRPC.test.ts^[[0m
Typecheck + Tests + Verificaciones	UNKNOWN STEP	2026-09-07T13:34:19.6519257Z parametros limpios son seguros ... ^[[0m^[[32mok^[[0m ^[[0m^[[38;5;245m(1ms)^[[0m
Typecheck + Tests + Verificaciones	UNKNOWN STEP	2026-09-07T13:34:19.6521326Z inyeccion SQL en un parametro es bloqueada y genera alerta ... ^[[0m^[[32mok^[[0m ^[[0m^[[38;5;245m(143µs)^[[0m
Typecheck + Tests + Verificaciones	UNKNOWN STEP	2026-09-07T13:34:19.6523853Z parametro limit superior a 1000 es bloqueado por rango ... ^[[0m^[[32mok^[[0m ^[[0m^[[38;5;245m(85µs)^[[0m
Typecheck + Tests + Verificaciones	UNKNOWN STEP	2026-09-07T13:34:19.6855380Z ^[[0m^[[38;5;245mrunning 6 tests from ./lib/upsellCandidato.test.ts^[[0m
Typecheck + Tests + Verificaciones	UNKNOWN STEP	2026-09-07T13:34:19.6865694Z servicio de color sugiere producto de categoria color ... ^[[0m^[[32mok^[[0m ^[[0m^[[38;5;245m(922µs)^[[0m
Typecheck + Tests + Verificaciones	UNKNOWN STEP	2026-09-07T13:34:19.6868096Z servicio de tratamiento elige alfabeticamente el primero de su categoria ... ^[[0m^[[32mok^[[0m ^[[0m^[[38;5;245m(250µs)^[[0m
Typecheck + Tests + Verificaciones	UNKNOWN STEP	2026-09-07T13:34:19.6869980Z servicio de corte sugiere categoria shampoo ... ^[[0m^[[32mok^[[0m ^[[0m^[[38;5;245m(135µs)^[[0m
Typecheck + Tests + Verificaciones	UNKNOWN STEP	2026-09-07T13:34:19.6871779Z servicio sin palabra clave reconocida no sugiere nada ... ^[[0m^[[32mok^[[0m ^[[0m^[[38;5;245m(85µs)^[[0m
Typecheck + Tests + Verificaciones	UNKNOWN STEP	2026-09-07T13:34:19.6873646Z categoria reconocida pero sin productos disponibles no sugiere nada ... ^[[0m^[[32mok^[[0m ^[[0m^[[38;5;245m(99µs)^[[0m
Typecheck + Tests + Verificaciones	UNKNOWN STEP	2026-09-07T13:34:19.6875420Z sin nombre de servicio o sin catalogo no sugiere nada ... ^[[0m^[[32mok^[[0m ^[[0m^[[38;5;245m(75µs)^[[0m
Typecheck + Tests + Verificaciones	UNKNOWN STEP	2026-09-07T13:34:19.7328281Z ^[[0m^[[38;5;245mrunning 8 tests from ./lib/utils/appointment.test.ts^[[0m
Typecheck + Tests + Verificaciones	UNKNOWN STEP	2026-09-07T13:34:19.7330065Z cita con fin_espera NULL ocupa hasta el final ... ^[[0m^[[32mok^[[0m ^[[0m^[[38;5;245m(1ms)^[[0m
Typecheck + Tests + Verificaciones	UNKNOWN STEP	2026-09-07T13:34:19.7332043Z cita sin ninguna fase escrita ocupa entera ... ^[[0m^[[32mok^[[0m ^[[0m^[[38;5;245m(132µs)^[[0m
Typecheck + Tests + Verificaciones	UNKNOWN STEP	2026-09-07T13:34:19.7335493Z el reposo declarado deja hueco para otra fase activa ... ^[[0m^[[32mok^[[0m ^[[0m^[[38;5;245m(231µs)^[[0m
Typecheck + Tests + Verificaciones	UNKNOWN STEP	2026-09-07T13:34:19.7337932Z la primera fase activa nunca se comparte ... ^[[0m^[[32mok^[[0m ^[[0m^[[38;5;245m(209µs)^[[0m
Typecheck + Tests + Verificaciones	UNKNOWN STEP	2026-09-07T13:34:19.7340826Z solo cuentan las citas del mismo profesional y no la excluida ... ^[[0m^[[32mok^[[0m ^[[0m^[[38;5;245m(191µs)^[[0m
Typecheck + Tests + Verificaciones	UNKNOWN STEP	2026-09-07T13:34:19.7343634Z la segunda fase activa de la cita nueva tambien se valida ... ^[[0m^[[32mok^[[0m ^[[0m^[[38;5;245m(219µs)^[[0m
Typecheck + Tests + Verificaciones	UNKNOWN STEP	2026-09-07T13:34:19.7346141Z citaSolapaOcupacion deja pasar el encaje limpio en reposo ... ^[[0m^[[32mok^[[0m ^[[0m^[[38;5;245m(131µs)^[[0m
Typecheck + Tests + Verificaciones	UNKNOWN STEP	2026-09-07T13:34:19.7348288Z el reposo de la cita nueva puede solaparse con el trabajo de otra ... ^[[0m^[[32mok^[[0m ^[[0m^[[38;5;245m(115µs)^[[0m
Typecheck + Tests + Verificaciones	UNKNOWN STEP	2026-09-07T13:34:19.7361046Z 
Typecheck + Tests + Verificaciones	UNKNOWN STEP	2026-09-07T13:34:19.7362013Z ^[[0m^[[32mok^[[0m | 490 passed (5 steps) | 0 failed ^[[0m^[[38;5;245m(2s)^[[0m
Typecheck + Tests + Verificaciones	UNKNOWN STEP	2026-09-07T13:34:19.7362542Z 
Typecheck + Tests + Verificaciones	UNKNOWN STEP	2026-09-07T13:34:19.7569036Z ##[group]Run deno task test:ia
Typecheck + Tests + Verificaciones	UNKNOWN STEP	2026-09-07T13:34:19.7569393Z ^[[36;1mdeno task test:ia^[[0m
Typecheck + Tests + Verificaciones	UNKNOWN STEP	2026-09-07T13:34:19.7606621Z shell: /usr/bin/bash -e {0}
Typecheck + Tests + Verificaciones	UNKNOWN STEP	2026-09-07T13:34:19.7606922Z ##[endgroup]
Typecheck + Tests + Verificaciones	UNKNOWN STEP	2026-09-07T13:34:19.7756862Z ^[[0m^[[32mTask^[[0m ^[[0m^[[36mtest:ia^[[0m deno test --no-config --allow-net --allow-env supabase/functions/shared/openrouterClient.test.ts
Typecheck + Tests + Verificaciones	UNKNOWN STEP	2026-09-07T13:34:19.7957575Z ^[[0m^[[32mDownload^[[0m https://jsr.io/@std/internal/1.0.14/types.ts
Typecheck + Tests + Verificaciones	UNKNOWN STEP	2026-09-07T13:34:19.9536097Z ^[[0m^[[32mCheck^[[0m supabase/functions/shared/openrouterClient.test.ts
Typecheck + Tests + Verificaciones	UNKNOWN STEP	2026-09-07T13:34:20.9468568Z ^[[0m^[[38;5;245mrunning 26 tests from ./supabase/functions/shared/openrouterClient.test.ts^[[0m
Typecheck + Tests + Verificaciones	UNKNOWN STEP	2026-09-07T13:34:20.9477372Z cupo: deniega cuando la RPC dice false ... ^[[0m^[[32mok^[[0m ^[[0m^[[38;5;245m(773µs)^[[0m
Typecheck + Tests + Verificaciones	UNKNOWN STEP	2026-09-07T13:34:20.9479118Z cupo: permite cuando la RPC dice true ... ^[[0m^[[32mok^[[0m ^[[0m^[[38;5;245m(170µs)^[[0m
Typecheck + Tests + Verificaciones	UNKNOWN STEP	2026-09-07T13:34:20.9483479Z cupo: si la RPC no existe deja pasar pero lo marca como no comprobado ...
Typecheck + Tests + Verificaciones	UNKNOWN STEP	2026-09-07T13:34:20.9485000Z ^[[0m^[[38;5;245m------- output -------^[[0m
Typecheck + Tests + Verificaciones	UNKNOWN STEP	2026-09-07T13:34:20.9487098Z [cupo] NO SE PUDO APLICAR EL LIMITE de 'f': function does not exist. Aplica migrations/cupo-ia-por-usuario.sql o el gasto de IA queda sin tope.
Typecheck + Tests + Verificaciones	UNKNOWN STEP	2026-09-07T13:34:20.9488567Z ^[[0m^[[38;5;245m----- output end -----^[[0m
Typecheck + Tests + Verificaciones	UNKNOWN STEP	2026-09-07T13:34:20.9490407Z cupo: si la RPC no existe deja pasar pero lo marca como no comprobado ... ^[[0m^[[32mok^[[0m ^[[0m^[[38;5;245m(421µs)^[[0m
Typecheck + Tests + Verificaciones	UNKNOWN STEP	2026-09-07T13:34:20.9491691Z cupo: una excepcion no tumba la funcion ...
Typecheck + Tests + Verificaciones	UNKNOWN STEP	2026-09-07T13:34:20.9492698Z ^[[0m^[[38;5;245m------- output -------^[[0m
Typecheck + Tests + Verificaciones	UNKNOWN STEP	2026-09-07T13:34:20.9493590Z [cupo] excepcion comprobando el limite de 'f': Error: red caida
Typecheck + Tests + Verificaciones	UNKNOWN STEP	2026-09-07T13:34:20.9494718Z     at Object.rpc (file:///home/runner/work/hairy/hairy/supabase/functions/shared/openrouterClient.test.ts:35:54)
Typecheck + Tests + Verificaciones	UNKNOWN STEP	2026-09-07T13:34:20.9495821Z     at comprobarCupo (file:///home/runner/work/hairy/hairy/supabase/functions/shared/cupo.ts:29:44)
Typecheck + Tests + Verificaciones	UNKNOWN STEP	2026-09-07T13:34:20.9497035Z     at file:///home/runner/work/hairy/hairy/supabase/functions/shared/openrouterClient.test.ts:35:19
Typecheck + Tests + Verificaciones	UNKNOWN STEP	2026-09-07T13:34:20.9497628Z     at innerWrapped (ext:cli/40_test.js:300:11)
Typecheck + Tests + Verificaciones	UNKNOWN STEP	2026-09-07T13:34:20.9498014Z     at exitSanitizer (ext:cli/40_test.js:201:33)
Typecheck + Tests + Verificaciones	UNKNOWN STEP	2026-09-07T13:34:20.9498389Z     at outerWrapped (ext:cli/40_test.js:239:28)
Typecheck + Tests + Verificaciones	UNKNOWN STEP	2026-09-07T13:34:20.9498842Z ^[[0m^[[38;5;245m----- output end -----^[[0m
Typecheck + Tests + Verificaciones	UNKNOWN STEP	2026-09-07T13:34:20.9499707Z cupo: una excepcion no tumba la funcion ... ^[[0m^[[32mok^[[0m ^[[0m^[[38;5;245m(637µs)^[[0m
Typecheck + Tests + Verificaciones	UNKNOWN STEP	2026-09-07T13:34:20.9500796Z catalogo: ningun id duplicado ... ^[[0m^[[32mok^[[0m ^[[0m^[[38;5;245m(124µs)^[[0m
Typecheck + Tests + Verificaciones	UNKNOWN STEP	2026-09-07T13:34:20.9501648Z catalogo: todo modelo activo acepta texto y declara precio ... ^[[0m^[[32mok^[[0m ^[[0m^[[38;5;245m(147µs)^[[0m
Typecheck + Tests + Verificaciones	UNKNOWN STEP	2026-09-07T13:34:20.9503300Z cadena: con PDF solo entran modelos que aceptan archivos ... ^[[0m^[[32mok^[[0m ^[[0m^[[38;5;245m(281µs)^[[0m
Typecheck + Tests + Verificaciones	UNKNOWN STEP	2026-09-07T13:34:20.9504448Z cadena: con tools solo entran modelos con tool calling ... ^[[0m^[[32mok^[[0m ^[[0m^[[38;5;245m(128µs)^[[0m
Typecheck + Tests + Verificaciones	UNKNOWN STEP	2026-09-07T13:34:20.9506261Z cadena: nunca incluye modelos inactivos (rutas batch, historicos) ... ^[[0m^[[32mok^[[0m ^[[0m^[[38;5;245m(148µs)^[[0m
Typecheck + Tests + Verificaciones	UNKNOWN STEP	2026-09-07T13:34:20.9508399Z cadena: el primer fallback es de OTRO proveedor ... ^[[0m^[[32mok^[[0m ^[[0m^[[38;5;245m(136µs)^[[0m
Typecheck + Tests + Verificaciones	UNKNOWN STEP	2026-09-07T13:34:20.9511183Z cadena: perfil economico ordena por precio ascendente ... ^[[0m^[[32mok^[[0m ^[[0m^[[38;5;245m(174µs)^[[0m
Typecheck + Tests + Verificaciones	UNKNOWN STEP	2026-09-07T13:34:20.9512970Z cadena: requisito imposible devuelve lista vacia, no un modelo cualquiera ... ^[[0m^[[32mok^[[0m ^[[0m^[[38;5;245m(92µs)^[[0m
Typecheck + Tests + Verificaciones	UNKNOWN STEP	2026-09-07T13:34:20.9514415Z coste: usa el precio real del modelo ... ^[[0m^[[32mok^[[0m ^[[0m^[[38;5;245m(114µs)^[[0m
Typecheck + Tests + Verificaciones	UNKNOWN STEP	2026-09-07T13:34:20.9515720Z coste: modelo desconocido estima ALTO, nunca cero ... ^[[0m^[[32mok^[[0m ^[[0m^[[38;5;245m(68µs)^[[0m
Typecheck + Tests + Verificaciones	UNKNOWN STEP	2026-09-07T13:34:20.9521362Z extraerJson: acepta json pelado, vallado y con preambulo ... ^[[0m^[[32mok^[[0m ^[[0m^[[38;5;245m(446µs)^[[0m
Typecheck + Tests + Verificaciones	UNKNOWN STEP	2026-09-07T13:34:20.9523544Z extraerJson: basura lanza en vez de devolver un objeto vacio ... ^[[0m^[[32mok^[[0m ^[[0m^[[38;5;245m(125µs)^[[0m
Typecheck + Tests + Verificaciones	UNKNOWN STEP	2026-09-07T13:34:20.9525336Z parteArchivo: un PDF va como file, no como texto ni image_url ... ^[[0m^[[32mok^[[0m ^[[0m^[[38;5;245m(138µs)^[[0m
Typecheck + Tests + Verificaciones	UNKNOWN STEP	2026-09-07T13:34:20.9527158Z parteImagen: monta la data url y respeta una ya montada ... ^[[0m^[[32mok^[[0m ^[[0m^[[38;5;245m(100µs)^[[0m
Typecheck + Tests + Verificaciones	UNKNOWN STEP	2026-09-07T13:34:20.9535628Z llamarIA: sin api key falla explicitamente ... ^[[0m^[[32mok^[[0m ^[[0m^[[38;5;245m(773µs)^[[0m
Typecheck + Tests + Verificaciones	UNKNOWN STEP	2026-09-07T13:34:20.9539510Z llamarIA: entrada gigante se rechaza ANTES de llamar a nadie ... ^[[0m^[[32mok^[[0m ^[[0m^[[38;5;245m(284µs)^[[0m
Typecheck + Tests + Verificaciones	UNKNOWN STEP	2026-09-07T13:34:20.9670402Z llamarIA: un 404 salta al siguiente modelo SIN reintentar el mismo ...
Typecheck + Tests + Verificaciones	UNKNOWN STEP	2026-09-07T13:34:20.9671631Z ^[[0m^[[38;5;245m------- output -------^[[0m
Typecheck + Tests + Verificaciones	UNKNOWN STEP	2026-09-07T13:34:20.9672470Z [IA:t] google/gemini-3.7-flash no disponible (404), siguiente modelo
Typecheck + Tests + Verificaciones	UNKNOWN STEP	2026-09-07T13:34:20.9675897Z ^[[0m^[[38;5;245m----- output end -----^[[0m
Typecheck + Tests + Verificaciones	UNKNOWN STEP	2026-09-07T13:34:20.9678063Z llamarIA: un 404 salta al siguiente modelo SIN reintentar el mismo ... ^[[0m^[[32mok^[[0m ^[[0m^[[38;5;245m(13ms)^[[0m
Typecheck + Tests + Verificaciones	UNKNOWN STEP	2026-09-07T13:34:20.9680688Z llamarIA: informa de QUE modelo respondio y de cuanto costo ... ^[[0m^[[32mok^[[0m ^[[0m^[[38;5;245m(390µs)^[[0m
Typecheck + Tests + Verificaciones	UNKNOWN STEP	2026-09-07T13:34:20.9683918Z llamarIA: no envia temperature a un modelo que no la soporta ... ^[[0m^[[32mok^[[0m ^[[0m^[[38;5;245m(225µs)^[[0m
Typecheck + Tests + Verificaciones	UNKNOWN STEP	2026-09-07T13:34:20.9687280Z llamarIA: envia temperature a un modelo que si la soporta ... ^[[0m^[[32mok^[[0m ^[[0m^[[38;5;245m(266µs)^[[0m
Typecheck + Tests + Verificaciones	UNKNOWN STEP	2026-09-07T13:34:20.9690685Z llamarIA: si todos fallan LANZA, no devuelve una respuesta vacia ...
Typecheck + Tests + Verificaciones	UNKNOWN STEP	2026-09-07T13:34:20.9691615Z ^[[0m^[[38;5;245m------- output -------^[[0m
Typecheck + Tests + Verificaciones	UNKNOWN STEP	2026-09-07T13:34:20.9692388Z [IA:t] google/gemini-3.7-flash fallo con 400: boom
Typecheck + Tests + Verificaciones	UNKNOWN STEP	2026-09-07T13:34:20.9693167Z [IA:t] qwen/qwen3.7-flash fallo con 400: boom
Typecheck + Tests + Verificaciones	UNKNOWN STEP	2026-09-07T13:34:20.9693871Z [IA:t] openai/gpt-4.1-mini fallo con 400: boom
Typecheck + Tests + Verificaciones	UNKNOWN STEP	2026-09-07T13:34:20.9699083Z [IA:t] mistralai/mistral-medium-3.1 fallo con 400: boom
Typecheck + Tests + Verificaciones	UNKNOWN STEP	2026-09-07T13:34:20.9699909Z [IA:t] google/gemini-2.5-flash fallo con 400: boom
Typecheck + Tests + Verificaciones	UNKNOWN STEP	2026-09-07T13:34:20.9700475Z ^[[0m^[[38;5;245m----- output end -----^[[0m
Typecheck + Tests + Verificaciones	UNKNOWN STEP	2026-09-07T13:34:20.9701314Z llamarIA: si todos fallan LANZA, no devuelve una respuesta vacia ... ^[[0m^[[32mok^[[0m ^[[0m^[[38;5;245m(1ms)^[[0m
Typecheck + Tests + Verificaciones	UNKNOWN STEP	2026-09-07T13:34:20.9702627Z llamarIA: un 429 se reintenta con el mismo modelo antes de rendirse ...
Typecheck + Tests + Verificaciones	UNKNOWN STEP	2026-09-07T13:34:20.9703382Z ^[[0m^[[38;5;245m------- output -------^[[0m
Typecheck + Tests + Verificaciones	UNKNOWN STEP	2026-09-07T13:34:20.9703806Z [IA:t] google/gemini-3.7-flash 429, reintento en 732ms
Typecheck + Tests + Verificaciones	UNKNOWN STEP	2026-09-07T13:34:21.7045836Z ^[[0m^[[38;5;245m----- output end -----^[[0m
Typecheck + Tests + Verificaciones	UNKNOWN STEP	2026-09-07T13:34:21.7047255Z llamarIA: un 429 se reintenta con el mismo modelo antes de rendirse ... ^[[0m^[[32mok^[[0m ^[[0m^[[38;5;245m(734ms)^[[0m
Typecheck + Tests + Verificaciones	UNKNOWN STEP	2026-09-07T13:34:21.7063052Z 
Typecheck + Tests + Verificaciones	UNKNOWN STEP	2026-09-07T13:34:21.7063758Z ^[[0m^[[32mok^[[0m | 26 passed | 0 failed ^[[0m^[[38;5;245m(759ms)^[[0m
Typecheck + Tests + Verificaciones	UNKNOWN STEP	2026-09-07T13:34:21.7064307Z 
Typecheck + Tests + Verificaciones	UNKNOWN STEP	2026-09-07T13:34:21.7273203Z ##[group]Run npx vitest run
Typecheck + Tests + Verificaciones	UNKNOWN STEP	2026-09-07T13:34:21.7273748Z ^[[36;1mnpx vitest run^[[0m
Typecheck + Tests + Verificaciones	UNKNOWN STEP	2026-09-07T13:34:21.7318594Z shell: /usr/bin/bash -e {0}
Typecheck + Tests + Verificaciones	UNKNOWN STEP	2026-09-07T13:34:21.7318893Z ##[endgroup]
Typecheck + Tests + Verificaciones	UNKNOWN STEP	2026-09-07T13:34:22.2732345Z ^[[33m(!) Your Vite config uses features that are unsupported by `configLoader: 'native'`, which is planned to become the default in a future major version of Vite:
Typecheck + Tests + Verificaciones	UNKNOWN STEP	2026-09-07T13:34:22.2734368Z   - `__dirname` (vitest.config.mts:18:46). Use `import.meta.dirname` instead
Typecheck + Tests + Verificaciones	UNKNOWN STEP	2026-09-07T13:34:22.2736247Z Set `VITE_CONFIG_NATIVE_IGNORE_WARNING=true` to suppress this warning.^[[39m
Typecheck + Tests + Verificaciones	UNKNOWN STEP	2026-09-07T13:34:22.3073580Z 
Typecheck + Tests + Verificaciones	UNKNOWN STEP	2026-09-07T13:34:22.3075392Z ^[[1m^[[30m^[[46m RUN ^[[49m^[[39m^[[22m ^[[36mv4.1.11 ^[[39m^[[90m/home/runner/work/hairy/hairy^[[39m
Typecheck + Tests + Verificaciones	UNKNOWN STEP	2026-09-07T13:34:22.3076351Z 
Typecheck + Tests + Verificaciones	UNKNOWN STEP	2026-09-07T13:34:23.5346241Z  ^[[32m✓^[[39m components/agenda/ui/atomos.test.tsx ^[[2m(^[[22m^[[2m6 tests^[[22m^[[2m)^[[22m^[[32m 110^[[2mms^[[22m^[[39m
Typecheck + Tests + Verificaciones	UNKNOWN STEP	2026-09-07T13:34:23.5378581Z 
Typecheck + Tests + Verificaciones	UNKNOWN STEP	2026-09-07T13:34:23.5384614Z ^[[2m Test Files ^[[22m ^[[1m^[[32m1 passed^[[39m^[[22m^[[90m (1)^[[39m
Typecheck + Tests + Verificaciones	UNKNOWN STEP	2026-09-07T13:34:23.5386373Z ^[[2m      Tests ^[[22m ^[[1m^[[32m6 passed^[[39m^[[22m^[[90m (6)^[[39m
Typecheck + Tests + Verificaciones	UNKNOWN STEP	2026-09-07T13:34:23.5388146Z ^[[2m   Start at ^[[22m 13:34:22
Typecheck + Tests + Verificaciones	UNKNOWN STEP	2026-09-07T13:34:23.5393680Z ^[[2m   Duration ^[[22m 1.21s^[[2m (transform 124ms, setup 132ms, import 143ms, tests 110ms, environment 691ms)^[[22m
Typecheck + Tests + Verificaciones	UNKNOWN STEP	2026-09-07T13:34:23.5394649Z 
Typecheck + Tests + Verificaciones	UNKNOWN STEP	2026-09-07T13:34:23.5819570Z ##[group]Run deno task test:esquemas
Typecheck + Tests + Verificaciones	UNKNOWN STEP	2026-09-07T13:34:23.5819942Z ^[[36;1mdeno task test:esquemas^[[0m
Typecheck + Tests + Verificaciones	UNKNOWN STEP	2026-09-07T13:34:23.5856490Z shell: /usr/bin/bash -e {0}
Typecheck + Tests + Verificaciones	UNKNOWN STEP	2026-09-07T13:34:23.5856774Z ##[endgroup]
Typecheck + Tests + Verificaciones	UNKNOWN STEP	2026-09-07T13:34:23.5999897Z ^[[0m^[[32mTask^[[0m ^[[0m^[[36mtest:esquemas^[[0m deno test --no-config --allow-net --allow-read --allow-env supabase/functions/shared/esquemas.test.ts
Typecheck + Tests + Verificaciones	UNKNOWN STEP	2026-09-07T13:34:23.6146326Z ^[[0m^[[32mDownload^[[0m https://registry.npmjs.org/zod
Typecheck + Tests + Verificaciones	UNKNOWN STEP	2026-09-07T13:34:23.7893911Z ^[[0m^[[32mDownload^[[0m https://registry.npmjs.org/zod/-/zod-4.5.4.tgz
Typecheck + Tests + Verificaciones	UNKNOWN STEP	2026-09-07T13:34:23.8432993Z ^[[0m^[[32mCheck^[[0m supabase/functions/shared/esquemas.test.ts
Typecheck + Tests + Verificaciones	UNKNOWN STEP	2026-09-07T13:34:25.2713090Z ^[[0m^[[38;5;245mrunning 9 tests from ./supabase/functions/shared/esquemas.test.ts^[[0m
Typecheck + Tests + Verificaciones	UNKNOWN STEP	2026-09-07T13:34:25.2740588Z un cuerpo normal pasa ... ^[[0m^[[32mok^[[0m ^[[0m^[[38;5;245m(2ms)^[[0m
Typecheck + Tests + Verificaciones	UNKNOWN STEP	2026-09-07T13:34:25.2747182Z sin mensajes vale: se queda en lista vacia ... ^[[0m^[[32mok^[[0m ^[[0m^[[38;5;245m(566µs)^[[0m
Typecheck + Tests + Verificaciones	UNKNOWN STEP	2026-09-07T13:34:25.2755771Z SEGURIDAD: un mensaje con role system se rechaza ... ^[[0m^[[32mok^[[0m ^[[0m^[[38;5;245m(796µs)^[[0m
Typecheck + Tests + Verificaciones	UNKNOWN STEP	2026-09-07T13:34:25.2762167Z un mensaje que no es objeto se rechaza ... ^[[0m^[[32mok^[[0m ^[[0m^[[38;5;245m(576µs)^[[0m
Typecheck + Tests + Verificaciones	UNKNOWN STEP	2026-09-07T13:34:25.2767453Z un mensaje sin content se rechaza ... ^[[0m^[[32mok^[[0m ^[[0m^[[38;5;245m(398µs)^[[0m
Typecheck + Tests + Verificaciones	UNKNOWN STEP	2026-09-07T13:34:25.2775316Z COSTE: un historial desmedido se corta en la puerta ... ^[[0m^[[32mok^[[0m ^[[0m^[[38;5;245m(731µs)^[[0m
Typecheck + Tests + Verificaciones	UNKNOWN STEP	2026-09-07T13:34:25.2777389Z contenido multimodal (partes) sigue valiendo ... ^[[0m^[[32mok^[[0m ^[[0m^[[38;5;245m(158µs)^[[0m
Typecheck + Tests + Verificaciones	UNKNOWN STEP	2026-09-07T13:34:25.2778953Z tarea y superficie raras caen al valor por defecto, no rompen ... ^[[0m^[[32mok^[[0m ^[[0m^[[38;5;245m(142µs)^[[0m
Typecheck + Tests + Verificaciones	UNKNOWN STEP	2026-09-07T13:34:25.2781773Z el error dice QUE esta mal, no solo que fallo ... ^[[0m^[[32mok^[[0m ^[[0m^[[38;5;245m(220µs)^[[0m
Typecheck + Tests + Verificaciones	UNKNOWN STEP	2026-09-07T13:34:25.2799757Z 
Typecheck + Tests + Verificaciones	UNKNOWN STEP	2026-09-07T13:34:25.2800519Z ^[[0m^[[32mok^[[0m | 9 passed | 0 failed ^[[0m^[[38;5;245m(8ms)^[[0m
Typecheck + Tests + Verificaciones	UNKNOWN STEP	2026-09-07T13:34:25.2800969Z 
Typecheck + Tests + Verificaciones	UNKNOWN STEP	2026-09-07T13:34:25.3052269Z ##[group]Run deno task test:claves
Typecheck + Tests + Verificaciones	UNKNOWN STEP	2026-09-07T13:34:25.3052898Z ^[[36;1mdeno task test:claves^[[0m
Typecheck + Tests + Verificaciones	UNKNOWN STEP	2026-09-07T13:34:25.3092069Z shell: /usr/bin/bash -e {0}
Typecheck + Tests + Verificaciones	UNKNOWN STEP	2026-09-07T13:34:25.3092374Z ##[endgroup]
Typecheck + Tests + Verificaciones	UNKNOWN STEP	2026-09-07T13:34:25.3236389Z ^[[0m^[[32mTask^[[0m ^[[0m^[[36mtest:claves^[[0m deno test --no-config --allow-env supabase/functions/shared/claveServicio.test.ts supabase/functions/shared/tokenVigilancia.test.ts
Typecheck + Tests + Verificaciones	UNKNOWN STEP	2026-09-07T13:34:25.3448417Z ^[[0m^[[32mCheck^[[0m supabase/functions/shared/claveServicio.test.ts
Typecheck + Tests + Verificaciones	UNKNOWN STEP	2026-09-07T13:34:25.3488005Z ^[[0m^[[32mCheck^[[0m supabase/functions/shared/tokenVigilancia.test.ts
Typecheck + Tests + Verificaciones	UNKNOWN STEP	2026-09-07T13:34:26.3077344Z ^[[0m^[[38;5;245mrunning 31 tests from ./supabase/functions/shared/claveServicio.test.ts^[[0m
Typecheck + Tests + Verificaciones	UNKNOWN STEP	2026-09-07T13:34:26.3087259Z prefiere la secret key nueva cuando estan las dos ... ^[[0m^[[32mok^[[0m ^[[0m^[[38;5;245m(859µs)^[[0m
Typecheck + Tests + Verificaciones	UNKNOWN STEP	2026-09-07T13:34:26.3091411Z usa la heredada mientras no exista la nueva ...
Typecheck + Tests + Verificaciones	UNKNOWN STEP	2026-09-07T13:34:26.3092666Z ^[[0m^[[38;5;245m------- output -------^[[0m
Typecheck + Tests + Verificaciones	UNKNOWN STEP	2026-09-07T13:34:26.3094466Z [claveServicio] Usando la service_role HEREDADA. Ya no se puede rotar: migrar a una secret key (sb_secret_...) en Settings > API Keys.
Typecheck + Tests + Verificaciones	UNKNOWN STEP	2026-09-07T13:34:26.3096281Z ^[[0m^[[38;5;245m----- output end -----^[[0m
Typecheck + Tests + Verificaciones	UNKNOWN STEP	2026-09-07T13:34:26.3097589Z usa la heredada mientras no exista la nueva ... ^[[0m^[[32mok^[[0m ^[[0m^[[38;5;245m(454µs)^[[0m
Typecheck + Tests + Verificaciones	UNKNOWN STEP	2026-09-07T13:34:26.3099332Z funciona sin la heredada: es el dia en que se desactiva ... ^[[0m^[[32mok^[[0m ^[[0m^[[38;5;245m(138µs)^[[0m
Typecheck + Tests + Verificaciones	UNKNOWN STEP	2026-09-07T13:34:26.3101059Z lee una clave con nombre propio, no solo la default ... ^[[0m^[[32mok^[[0m ^[[0m^[[38;5;245m(174µs)^[[0m
Typecheck + Tests + Verificaciones	UNKNOWN STEP	2026-09-07T13:34:26.3102392Z si el nombre pedido no esta, cae a la heredada en vez de devolver vacio ...
Typecheck + Tests + Verificaciones	UNKNOWN STEP	2026-09-07T13:34:26.3103444Z ^[[0m^[[38;5;245m------- output -------^[[0m
Typecheck + Tests + Verificaciones	UNKNOWN STEP	2026-09-07T13:34:26.3105300Z [claveServicio] SUPABASE_SECRET_KEYS no trae ninguna clave "default". Disponibles: otra. Se usa la heredada.
Typecheck + Tests + Verificaciones	UNKNOWN STEP	2026-09-07T13:34:26.3107724Z [claveServicio] Usando la service_role HEREDADA. Ya no se puede rotar: migrar a una secret key (sb_secret_...) en Settings > API Keys.
Typecheck + Tests + Verificaciones	UNKNOWN STEP	2026-09-07T13:34:26.3109195Z ^[[0m^[[38;5;245m----- output end -----^[[0m
Typecheck + Tests + Verificaciones	UNKNOWN STEP	2026-09-07T13:34:26.3110691Z si el nombre pedido no esta, cae a la heredada en vez de devolver vacio ... ^[[0m^[[32mok^[[0m ^[[0m^[[38;5;245m(251µs)^[[0m
Typecheck + Tests + Verificaciones	UNKNOWN STEP	2026-09-07T13:34:26.3112033Z un JSON roto no deja al salon sin servicio: cae a la heredada ...
Typecheck + Tests + Verificaciones	UNKNOWN STEP	2026-09-07T13:34:26.3113023Z ^[[0m^[[38;5;245m------- output -------^[[0m
Typecheck + Tests + Verificaciones	UNKNOWN STEP	2026-09-07T13:34:26.3114095Z [claveServicio] SUPABASE_SECRET_KEYS no es JSON valido. Se usa la heredada.
Typecheck + Tests + Verificaciones	UNKNOWN STEP	2026-09-07T13:34:26.3115876Z [claveServicio] Usando la service_role HEREDADA. Ya no se puede rotar: migrar a una secret key (sb_secret_...) en Settings > API Keys.
Typecheck + Tests + Verificaciones	UNKNOWN STEP	2026-09-07T13:34:26.3117554Z ^[[0m^[[38;5;245m----- output end -----^[[0m
Typecheck + Tests + Verificaciones	UNKNOWN STEP	2026-09-07T13:34:26.3118996Z un JSON roto no deja al salon sin servicio: cae a la heredada ... ^[[0m^[[32mok^[[0m ^[[0m^[[38;5;245m(550µs)^[[0m
Typecheck + Tests + Verificaciones	UNKNOWN STEP	2026-09-07T13:34:26.3120278Z una clave vacia en el JSON no cuenta como clave ...
Typecheck + Tests + Verificaciones	UNKNOWN STEP	2026-09-07T13:34:26.3121270Z ^[[0m^[[38;5;245m------- output -------^[[0m
Typecheck + Tests + Verificaciones	UNKNOWN STEP	2026-09-07T13:34:26.3122653Z [claveServicio] SUPABASE_SECRET_KEYS no trae ninguna clave "default". Disponibles: default. Se usa la heredada.
Typecheck + Tests + Verificaciones	UNKNOWN STEP	2026-09-07T13:34:26.3124697Z [claveServicio] Usando la service_role HEREDADA. Ya no se puede rotar: migrar a una secret key (sb_secret_...) en Settings > API Keys.
Typecheck + Tests + Verificaciones	UNKNOWN STEP	2026-09-07T13:34:26.3126452Z ^[[0m^[[38;5;245m----- output end -----^[[0m
Typecheck + Tests + Verificaciones	UNKNOWN STEP	2026-09-07T13:34:26.3127796Z una clave vacia en el JSON no cuenta como clave ... ^[[0m^[[32mok^[[0m ^[[0m^[[38;5;245m(207µs)^[[0m
Typecheck + Tests + Verificaciones	UNKNOWN STEP	2026-09-07T13:34:26.3129568Z sin ninguna de las dos revienta con un mensaje que se entiende ... ^[[0m^[[32mok^[[0m ^[[0m^[[38;5;245m(569µs)^[[0m
Typecheck + Tests + Verificaciones	UNKNOWN STEP	2026-09-07T13:34:26.3131445Z la variante opcional devuelve undefined en vez de reventar ... ^[[0m^[[32mok^[[0m ^[[0m^[[38;5;245m(186µs)^[[0m
Typecheck + Tests + Verificaciones	UNKNOWN STEP	2026-09-07T13:34:26.3134207Z acepta la clave NUEVA aunque siga existiendo la heredada ... ^[[0m^[[32mok^[[0m ^[[0m^[[38;5;245m(265µs)^[[0m
Typecheck + Tests + Verificaciones	UNKNOWN STEP	2026-09-07T13:34:26.3136580Z acepta la HEREDADA aunque ya exista la nueva: el cron aun no ha cambiado ... ^[[0m^[[32mok^[[0m ^[[0m^[[38;5;245m(140µs)^[[0m
Typecheck + Tests + Verificaciones	UNKNOWN STEP	2026-09-07T13:34:26.3138490Z acepta cualquier clave con nombre del JSON, no solo la default ... ^[[0m^[[32mok^[[0m ^[[0m^[[38;5;245m(129µs)^[[0m
Typecheck + Tests + Verificaciones	UNKNOWN STEP	2026-09-07T13:34:26.3140166Z rechaza una clave que no es ninguna de las dos ... ^[[0m^[[32mok^[[0m ^[[0m^[[38;5;245m(113µs)^[[0m
Typecheck + Tests + Verificaciones	UNKNOWN STEP	2026-09-07T13:34:26.3141673Z rechaza vacio y nulo sin mirar el entorno ... ^[[0m^[[32mok^[[0m ^[[0m^[[38;5;245m(118µs)^[[0m
Typecheck + Tests + Verificaciones	UNKNOWN STEP	2026-09-07T13:34:26.3143270Z sin ninguna clave configurada no autentica a nadie ... ^[[0m^[[32mok^[[0m ^[[0m^[[38;5;245m(99µs)^[[0m
Typecheck + Tests + Verificaciones	UNKNOWN STEP	2026-09-07T13:34:26.3204904Z acepta la heredada en Authorization: *** hoy) ... ^[[0m^[[32mok^[[0m ^[[0m^[[38;5;245m(7ms)^[[0m
Typecheck + Tests + Verificaciones	UNKNOWN STEP	2026-09-07T13:34:26.3207348Z acepta la nueva en la cabecera apikey (como quedara) ... ^[[0m^[[32mok^[[0m ^[[0m^[[38;5;245m(275µs)^[[0m
Typecheck + Tests + Verificaciones	UNKNOWN STEP	2026-09-07T13:34:26.3211412Z acepta la nueva tambien en Bearer, por si el emisor no cambia a la vez ... ^[[0m^[[32mok^[[0m ^[[0m^[[38;5;245m(265µs)^[[0m
Typecheck + Tests + Verificaciones	UNKNOWN STEP	2026-09-07T13:34:26.3213389Z acepta la heredada tambien en apikey ... ^[[0m^[[32mok^[[0m ^[[0m^[[38;5;245m(187µs)^[[0m
Typecheck + Tests + Verificaciones	UNKNOWN STEP	2026-09-07T13:34:26.3218226Z rechaza un JWT FORJADO con role service_role y firma inventada ...
Typecheck + Tests + Verificaciones	UNKNOWN STEP	2026-09-07T13:34:26.3219201Z ^[[0m^[[38;5;245m------- output -------^[[0m
Typecheck + Tests + Verificaciones	UNKNOWN STEP	2026-09-07T13:34:26.3220318Z [claveServicio] peticion rechazada. entrante: len=93 pre=eyJh | SUPABASE_SERVICE_ROLE_KEY: len=9 pre=eyJl | SUPABASE_SECRET_KEYS: AUSENTE
Typecheck + Tests + Verificaciones	UNKNOWN STEP	2026-09-07T13:34:26.3222840Z [claveServicio] peticion rechazada. entrante: len=93 pre=eyJh | SUPABASE_SERVICE_ROLE_KEY: len=9 pre=eyJl | SUPABASE_SECRET_KEYS: AUSENTE
Typecheck + Tests + Verificaciones	UNKNOWN STEP	2026-09-07T13:34:26.3223753Z ^[[0m^[[38;5;245m----- output end -----^[[0m
Typecheck + Tests + Verificaciones	UNKNOWN STEP	2026-09-07T13:34:26.3225287Z rechaza un JWT FORJADO con role service_role y firma inventada ... ^[[0m^[[32mok^[[0m ^[[0m^[[38;5;245m(631µs)^[[0m
Typecheck + Tests + Verificaciones	UNKNOWN STEP	2026-09-07T13:34:26.3226742Z rechaza una peticion sin ninguna cabecera de clave ...
Typecheck + Tests + Verificaciones	UNKNOWN STEP	2026-09-07T13:34:26.3227422Z ^[[0m^[[38;5;245m------- output -------^[[0m
Typecheck + Tests + Verificaciones	UNKNOWN STEP	2026-09-07T13:34:26.3228927Z [claveServicio] peticion rechazada. entrante: AUSENTE | SUPABASE_SERVICE_ROLE_KEY: len=9 pre=eyJl | SUPABASE_SECRET_KEYS: AUSENTE
Typecheck + Tests + Verificaciones	UNKNOWN STEP	2026-09-07T13:34:26.3230098Z ^[[0m^[[38;5;245m----- output end -----^[[0m
Typecheck + Tests + Verificaciones	UNKNOWN STEP	2026-09-07T13:34:26.3230889Z rechaza una peticion sin ninguna cabecera de clave ... ^[[0m^[[32mok^[[0m ^[[0m^[[38;5;245m(196µs)^[[0m
Typecheck + Tests + Verificaciones	UNKNOWN STEP	2026-09-07T13:34:26.3232181Z Authorization manda sobre apikey, y si trae basura no cuela ...
Typecheck + Tests + Verificaciones	UNKNOWN STEP	2026-09-07T13:34:26.3233135Z ^[[0m^[[38;5;245m------- output -------^[[0m
Typecheck + Tests + Verificaciones	UNKNOWN STEP	2026-09-07T13:34:26.3234665Z [claveServicio] peticion rechazada. entrante: len=6 pre=basu | SUPABASE_SERVICE_ROLE_KEY: len=9 pre=eyJl | SUPABASE_SECRET_KEYS: AUSENTE
Typecheck + Tests + Verificaciones	UNKNOWN STEP	2026-09-07T13:34:26.3236094Z ^[[0m^[[38;5;245m----- output end -----^[[0m
Typecheck + Tests + Verificaciones	UNKNOWN STEP	2026-09-07T13:34:26.3236834Z Authorization manda sobre apikey, y si trae basura no cuela ... ^[[0m^[[32mok^[[0m ^[[0m^[[38;5;245m(203µs)^[[0m
Typecheck + Tests + Verificaciones	UNKNOWN STEP	2026-09-07T13:34:26.3238634Z el prefijo *** lee sin importar mayusculas ... ^[[0m^[[32mok^[[0m ^[[0m^[[38;5;245m(238µs)^[[0m
Typecheck + Tests + Verificaciones	UNKNOWN STEP	2026-09-07T13:34:26.3240349Z publicable: prefiere la nueva cuando estan las dos ... ^[[0m^[[32mok^[[0m ^[[0m^[[38;5;245m(268µs)^[[0m
Typecheck + Tests + Verificaciones	UNKNOWN STEP	2026-09-07T13:34:26.3241507Z publicable: usa la heredada mientras no exista la nueva ...
Typecheck + Tests + Verificaciones	UNKNOWN STEP	2026-09-07T13:34:26.3242149Z ^[[0m^[[38;5;245m------- output -------^[[0m
Typecheck + Tests + Verificaciones	UNKNOWN STEP	2026-09-07T13:34:26.3243384Z [clavePublicable] Usando la anon HEREDADA. Ya no se puede rotar: migrar a una publishable (sb_publishable_...) en Settings > API Keys.
Typecheck + Tests + Verificaciones	UNKNOWN STEP	2026-09-07T13:34:26.3244626Z ^[[0m^[[38;5;245m----- output end -----^[[0m
Typecheck + Tests + Verificaciones	UNKNOWN STEP	2026-09-07T13:34:26.3245867Z publicable: usa la heredada mientras no exista la nueva ... ^[[0m^[[32mok^[[0m ^[[0m^[[38;5;245m(217µs)^[[0m
Typecheck + Tests + Verificaciones	UNKNOWN STEP	2026-09-07T13:34:26.3246856Z publicable: JSON roto no deja sin clave, cae al legado ...
Typecheck + Tests + Verificaciones	UNKNOWN STEP	2026-09-07T13:34:26.3247472Z ^[[0m^[[38;5;245m------- output -------^[[0m
Typecheck + Tests + Verificaciones	UNKNOWN STEP	2026-09-07T13:34:26.3248556Z [clavePublicable] SUPABASE_PUBLISHABLE_KEYS no es JSON valido. Se usa la heredada.
Typecheck + Tests + Verificaciones	UNKNOWN STEP	2026-09-07T13:34:26.3250032Z [clavePublicable] Usando la anon HEREDADA. Ya no se puede rotar: migrar a una publishable (sb_publishable_...) en Settings > API Keys.
Typecheck + Tests + Verificaciones	UNKNOWN STEP	2026-09-07T13:34:26.3251514Z ^[[0m^[[38;5;245m----- output end -----^[[0m
Typecheck + Tests + Verificaciones	UNKNOWN STEP	2026-09-07T13:34:26.3252228Z publicable: JSON roto no deja sin clave, cae al legado ... ^[[0m^[[32mok^[[0m ^[[0m^[[38;5;245m(306µs)^[[0m
Typecheck + Tests + Verificaciones	UNKNOWN STEP	2026-09-07T13:34:26.3252846Z publicable: si falta el nombre pedido cae al legado ...
Typecheck + Tests + Verificaciones	UNKNOWN STEP	2026-09-07T13:34:26.3253313Z ^[[0m^[[38;5;245m------- output -------^[[0m
Typecheck + Tests + Verificaciones	UNKNOWN STEP	2026-09-07T13:34:26.3254048Z [clavePublicable] SUPABASE_PUBLISHABLE_KEYS no trae ninguna clave "default". Disponibles: otra. Se usa la heredada.
Typecheck + Tests + Verificaciones	UNKNOWN STEP	2026-09-07T13:34:26.3255558Z [clavePublicable] Usando la anon HEREDADA. Ya no se puede rotar: migrar a una publishable (sb_publishable_...) en Settings > API Keys.
Typecheck + Tests + Verificaciones	UNKNOWN STEP	2026-09-07T13:34:26.3257072Z ^[[0m^[[38;5;245m----- output end -----^[[0m
Typecheck + Tests + Verificaciones	UNKNOWN STEP	2026-09-07T13:34:26.3257760Z publicable: si falta el nombre pedido cae al legado ... ^[[0m^[[32mok^[[0m ^[[0m^[[38;5;245m(210µs)^[[0m
Typecheck + Tests + Verificaciones	UNKNOWN STEP	2026-09-07T13:34:26.3258689Z publicable: sabe leer una clave que no es la 'default' ... ^[[0m^[[32mok^[[0m ^[[0m^[[38;5;245m(119µs)^[[0m
Typecheck + Tests + Verificaciones	UNKNOWN STEP	2026-09-07T13:34:26.3259703Z publicable: sin ninguna de las dos revienta con mensaje claro ... ^[[0m^[[32mok^[[0m ^[[0m^[[38;5;245m(169µs)^[[0m
Typecheck + Tests + Verificaciones	UNKNOWN STEP	2026-09-07T13:34:26.3260702Z publicable: la variante opcional devuelve undefined en vez de lanzar ... ^[[0m^[[32mok^[[0m ^[[0m^[[38;5;245m(223µs)^[[0m
Typecheck + Tests + Verificaciones	UNKNOWN STEP	2026-09-07T13:34:26.3261644Z publicable: el dia del apagon (solo la nueva) sigue funcionando ... ^[[0m^[[32mok^[[0m ^[[0m^[[38;5;245m(120µs)^[[0m
Typecheck + Tests + Verificaciones	UNKNOWN STEP	2026-09-07T13:34:26.3575016Z ^[[0m^[[38;5;245mrunning 7 tests from ./supabase/functions/shared/tokenVigilancia.test.ts^[[0m
Typecheck + Tests + Verificaciones	UNKNOWN STEP	2026-09-07T13:34:26.3577121Z la comparacion no se rinde antes de tiempo por longitudes iguales ... ^[[0m^[[32mok^[[0m ^[[0m^[[38;5;245m(393µs)^[[0m
Typecheck + Tests + Verificaciones	UNKNOWN STEP	2026-09-07T13:34:26.3578737Z longitudes distintas no casan ... ^[[0m^[[32mok^[[0m ^[[0m^[[38;5;245m(98µs)^[[0m
Typecheck + Tests + Verificaciones	UNKNOWN STEP	2026-09-07T13:34:26.3638236Z sin VIGILANCIA_TOKEN en el entorno, falla RUIDOSAMENTE con 500 ...
Typecheck + Tests + Verificaciones	UNKNOWN STEP	2026-09-07T13:34:26.3639329Z ^[[0m^[[38;5;245m------- post-test output -------^[[0m
Typecheck + Tests + Verificaciones	UNKNOWN STEP	2026-09-07T13:34:26.3639836Z [prueba] falta VIGILANCIA_TOKEN en el entorno
Typecheck + Tests + Verificaciones	UNKNOWN STEP	2026-09-07T13:34:26.3742591Z ^[[0m^[[38;5;245m----- post-test output end -----^[[0m
Typecheck + Tests + Verificaciones	UNKNOWN STEP	2026-09-07T13:34:26.3743451Z sin VIGILANCIA_TOKEN en el entorno, falla RUIDOSAMENTE con 500 ... ^[[0m^[[32mok^[[0m ^[[0m^[[38;5;245m(17ms)^[[0m
Typecheck + Tests + Verificaciones	UNKNOWN STEP	2026-09-07T13:34:26.3748178Z con el token correcto, pasa ... ^[[0m^[[32mok^[[0m ^[[0m^[[38;5;245m(407µs)^[[0m
Typecheck + Tests + Verificaciones	UNKNOWN STEP	2026-09-07T13:34:26.3750325Z con un token distinto, 401 ...
Typecheck + Tests + Verificaciones	UNKNOWN STEP	2026-09-07T13:34:26.3751524Z ^[[0m^[[38;5;245m------- post-test output -------^[[0m
Typecheck + Tests + Verificaciones	UNKNOWN STEP	2026-09-07T13:34:26.3752453Z [prueba] rechazada. x-vigilancia-token: len=21
Typecheck + Tests + Verificaciones	UNKNOWN STEP	2026-09-07T13:34:26.3753650Z ^[[0m^[[38;5;245m----- post-test output end -----^[[0m
Typecheck + Tests + Verificaciones	UNKNOWN STEP	2026-09-07T13:34:26.3755107Z con un token distinto, 401 ... ^[[0m^[[32mok^[[0m ^[[0m^[[38;5;245m(369µs)^[[0m
Typecheck + Tests + Verificaciones	UNKNOWN STEP	2026-09-07T13:34:26.3756466Z sin cabecera, 401 (y no un pase gratis) ...
Typecheck + Tests + Verificaciones	UNKNOWN STEP	2026-09-07T13:34:26.3757555Z ^[[0m^[[38;5;245m------- post-test output -------^[[0m
Typecheck + Tests + Verificaciones	UNKNOWN STEP	2026-09-07T13:34:26.3758659Z [prueba] rechazada. x-vigilancia-token: AUSENTE
Typecheck + Tests + Verificaciones	UNKNOWN STEP	2026-09-07T13:34:26.3759866Z ^[[0m^[[38;5;245m----- post-test output end -----^[[0m
Typecheck + Tests + Verificaciones	UNKNOWN STEP	2026-09-07T13:34:26.3761384Z sin cabecera, 401 (y no un pase gratis) ... ^[[0m^[[32mok^[[0m ^[[0m^[[38;5;245m(230µs)^[[0m
Typecheck + Tests + Verificaciones	UNKNOWN STEP	2026-09-07T13:34:26.3762419Z un token vacio tampoco cuela ...
Typecheck + Tests + Verificaciones	UNKNOWN STEP	2026-09-07T13:34:26.3763275Z ^[[0m^[[38;5;245m------- post-test output -------^[[0m
Typecheck + Tests + Verificaciones	UNKNOWN STEP	2026-09-07T13:34:26.3764093Z [prueba] rechazada. x-vigilancia-token: AUSENTE
Typecheck + Tests + Verificaciones	UNKNOWN STEP	2026-09-07T13:34:26.3765098Z ^[[0m^[[38;5;245m----- post-test output end -----^[[0m
Typecheck + Tests + Verificaciones	UNKNOWN STEP	2026-09-07T13:34:26.3766555Z un token vacio tampoco cuela ... ^[[0m^[[32mok^[[0m ^[[0m^[[38;5;245m(189µs)^[[0m
Typecheck + Tests + Verificaciones	UNKNOWN STEP	2026-09-07T13:34:26.3776106Z 
Typecheck + Tests + Verificaciones	UNKNOWN STEP	2026-09-07T13:34:26.3777052Z ^[[0m^[[32mok^[[0m | 38 passed | 0 failed ^[[0m^[[38;5;245m(70ms)^[[0m
Typecheck + Tests + Verificaciones	UNKNOWN STEP	2026-09-07T13:34:26.3777581Z 
Typecheck + Tests + Verificaciones	UNKNOWN STEP	2026-09-07T13:34:26.3951643Z ##[group]Run npm run verificar:modelos
Typecheck + Tests + Verificaciones	UNKNOWN STEP	2026-09-07T13:34:26.3952035Z ^[[36;1mnpm run verificar:modelos^[[0m
Typecheck + Tests + Verificaciones	UNKNOWN STEP	2026-09-07T13:34:26.3992467Z shell: /usr/bin/bash -e {0}
Typecheck + Tests + Verificaciones	UNKNOWN STEP	2026-09-07T13:34:26.3992762Z ##[endgroup]
Typecheck + Tests + Verificaciones	UNKNOWN STEP	2026-09-07T13:34:26.5037437Z 
Typecheck + Tests + Verificaciones	UNKNOWN STEP	2026-09-07T13:34:26.5038100Z > hairy@1.0.0 verificar:modelos
Typecheck + Tests + Verificaciones	UNKNOWN STEP	2026-09-07T13:34:26.5038879Z > node scripts/verificar-modelos.mjs
Typecheck + Tests + Verificaciones	UNKNOWN STEP	2026-09-07T13:34:26.5039284Z 
Typecheck + Tests + Verificaciones	UNKNOWN STEP	2026-09-07T13:34:26.5350963Z Catalogo local: 9 modelos (5 activos)
Typecheck + Tests + Verificaciones	UNKNOWN STEP	2026-09-07T13:34:26.5351468Z 
Typecheck + Tests + Verificaciones	UNKNOWN STEP	2026-09-07T13:34:26.6337899Z ERROR  google/gemini-3.7-flash:batch: precioIn 0.1875 != 0.3750 real
Typecheck + Tests + Verificaciones	UNKNOWN STEP	2026-09-07T13:34:26.6338808Z OK     google/gemini-3.7-flash
Typecheck + Tests + Verificaciones	UNKNOWN STEP	2026-09-07T13:34:26.6339698Z ERROR  google/gemini-3.7-flash:batch: precioOut 0.9375 != 1.8750 real
Typecheck + Tests + Verificaciones	UNKNOWN STEP	2026-09-07T13:34:26.6340815Z OK     qwen/qwen3.7-flash
Typecheck + Tests + Verificaciones	UNKNOWN STEP	2026-09-07T13:34:26.6341369Z OK     openai/gpt-4.1-mini
Typecheck + Tests + Verificaciones	UNKNOWN STEP	2026-09-07T13:34:26.6341935Z OK     google/gemini-2.5-flash
Typecheck + Tests + Verificaciones	UNKNOWN STEP	2026-09-07T13:34:26.6342371Z OK     mistralai/mistral-medium-3.1
Typecheck + Tests + Verificaciones	UNKNOWN STEP	2026-09-07T13:34:26.6342843Z OK     anthropic/claude-haiku-4.5  (solo tarifas)
Typecheck + Tests + Verificaciones	UNKNOWN STEP	2026-09-07T13:34:26.6343488Z OK     anthropic/claude-sonnet-4.6  (solo tarifas)
Typecheck + Tests + Verificaciones	UNKNOWN STEP	2026-09-07T13:34:26.6343913Z OK     openai/gpt-4o  (solo tarifas)
Typecheck + Tests + Verificaciones	UNKNOWN STEP	2026-09-07T13:34:26.6344110Z 
Typecheck + Tests + Verificaciones	UNKNOWN STEP	2026-09-07T13:34:26.6344319Z 2 errores, 0 avisos.
Typecheck + Tests + Verificaciones	UNKNOWN STEP	2026-09-07T13:34:26.6946952Z ##[error]Process completed with exit code 1.
Typecheck + Tests + Verificaciones	UNKNOWN STEP	2026-09-07T13:34:26.7039535Z Post job cleanup.
Typecheck + Tests + Verificaciones	UNKNOWN STEP	2026-09-07T13:34:26.8264590Z Caching is not enabled. Caching is skipped.
Typecheck + Tests + Verificaciones	UNKNOWN STEP	2026-09-07T13:34:26.8499903Z Post job cleanup.
Typecheck + Tests + Verificaciones	UNKNOWN STEP	2026-09-07T13:34:26.9443714Z [command]/usr/bin/git version
Typecheck + Tests + Verificaciones	UNKNOWN STEP	2026-09-07T13:34:26.9492036Z git version 2.55.0
Typecheck + Tests + Verificaciones	UNKNOWN STEP	2026-09-07T13:34:26.9540827Z Temporarily overriding HOME='/home/runner/work/_temp/e08ce356-a163-49f4-9ae2-6d31d3118c87' before making global git config changes
Typecheck + Tests + Verificaciones	UNKNOWN STEP	2026-09-07T13:34:26.9542764Z Adding repository directory to the temporary git global config as a safe directory
Typecheck + Tests + Verificaciones	UNKNOWN STEP	2026-09-07T13:34:26.9546951Z [command]/usr/bin/git config --global --add safe.directory /home/runner/work/hairy/hairy
Typecheck + Tests + Verificaciones	UNKNOWN STEP	2026-09-07T13:34:26.9591629Z [command]/usr/bin/git config --local --name-only --get-regexp core\.sshCommand
Typecheck + Tests + Verificaciones	UNKNOWN STEP	2026-09-07T13:34:26.9629606Z [command]/usr/bin/git submodule foreach --recursive sh -c "git config --local --name-only --get-regexp 'core\.sshCommand' && git config --local --unset-all 'core.sshCommand' || :"
Typecheck + Tests + Verificaciones	UNKNOWN STEP	2026-09-07T13:34:26.9893825Z [command]/usr/bin/git config --local --name-only --get-regexp http\.https\:\/\/github\.com\/\.extraheader
Typecheck + Tests + Verificaciones	UNKNOWN STEP	2026-09-07T13:34:26.9932425Z [command]/usr/bin/git submodule foreach --recursive sh -c "git config --local --name-only --get-regexp 'http\.https\:\/\/github\.com\/\.extraheader' && git config --local --unset-all 'http.https://github.com/.extraheader' || :"
Typecheck + Tests + Verificaciones	UNKNOWN STEP	2026-09-07T13:34:27.0260329Z [command]/usr/bin/git config --local --name-only --get-regexp ^includeIf\.gitdir:
Typecheck + Tests + Verificaciones	UNKNOWN STEP	2026-09-07T13:34:27.0321194Z [command]/usr/bin/git submodule foreach --recursive git config --local --show-origin --name-only --get-regexp remote.origin.url
Typecheck + Tests + Verificaciones	UNKNOWN STEP	2026-09-07T13:34:27.0844308Z Cleaning up orphan processes
Typecheck + Tests + Verificaciones	UNKNOWN STEP	2026-09-07T13:34:27.1160734Z ##[warning]Node.js 20 is deprecated. The following actions target Node.js 20 but are being forced to run on Node.js 24: actions/upload-artifact@330a01c490aca151604b8cf639adc76d48f6c5d4. For more information see: https://github.blog/changelog/2025-09-19-deprecation-of-node-20-on-github-actions-runners/
